time,seconds_elapsed,z,y,x
1761402262050761700,0.11076171875,9.763404846191406,0.06217442452907562,-0.0901566594839096
1761402262060842500,0.120842529296875,9.753454208374023,0.05162497237324715,-0.08162731677293777
1761402262070923500,0.130923583984375,9.78757095336914,0.0537199005484581,-0.0826747789978981
1761402262081017600,0.141017578125,9.76318073272705,0.046238020062446594,-0.0843207910656929
1761402262091098000,0.15109814453125,9.75053596496582,0.06000468134880066,-0.07796119153499603
1761402262101192200,0.161192138671875,9.759589195251465,0.050128597766160965,-0.08955810964107513
1761402262111260400,0.171260498046875,9.749488830566406,0.04870704188942909,-0.0843207910656929
1761402262121354500,0.1813544921875,9.746870040893555,0.053270988166332245,-0.07818564772605896
1761402262131431000,0.191430908203125,9.765724182128906,0.05072714760899544,-0.0818517729640007
1761402262141495800,0.201495849609375,9.76445198059082,0.05446808785200119,-0.08117840439081192
1761402262151597000,0.21159716796875,9.750611305236816,0.06426934897899628,-0.0776619166135788
1761402262161657000,0.221656982421875,9.768342971801758,0.05297171324491501,-0.0769137293100357
1761402262171759000,0.231759033203125,9.76976490020752,0.04967968538403511,-0.08155249804258347
1761402262181840100,0.241840087890625,9.76168441772461,0.0504278726875782,-0.08634089678525925
1761402262191916000,0.251916015625,9.7582426071167,0.054767362773418427,-0.08222586661577225
1761402262201998000,0.261998046875,9.773879051208496,0.054767362773418427,-0.08828619122505188
1761402262212070700,0.272070556640625,9.766622543334961,0.04953004792332649,-0.07915829122066498
1761402262222164200,0.282164306640625,9.756820678710938,0.04668693244457245,-0.08731354027986526
1761402262232245200,0.292245361328125,9.77133560180664,0.052373163402080536,-0.08282441645860672
1761402262242317800,0.30231787109375,9.760486602783203,0.04863222315907478,-0.07092822343111038
1761402262252395000,0.31239501953125,9.766622543334961,0.05686229094862938,-0.08776245266199112
1761402262262482700,0.322482666015625,9.76781940460205,0.05282207578420639,-0.08110358566045761
1761402262272569600,0.332569580078125,9.766996383666992,0.05985504388809204,-0.08641571551561356
1761402262282639600,0.3426396484375,9.754426956176758,0.039055414497852325,-0.08581716567277908
1761402262292719400,0.35271923828125,9.748665809631348,0.041374798864126205,-0.08140286058187485
1761402262302802700,0.362802734375,9.75749397277832,0.0454898327589035,-0.08304887264966965
1761402262312887800,0.3728876953125,9.768043518066406,0.058807577937841415,-0.0843207910656929
1761402262322973000,0.382972900390625,9.755249977111816,0.05259761959314346,-0.08192659169435501
1761402262333048600,0.393048583984375,9.760038375854492,0.04967968538403511,-0.09150339663028717
1761402262343136500,0.403136474609375,9.766996383666992,0.04893149808049202,-0.08289923518896103
1761402262353206000,0.4132060546875,9.758766174316406,0.061201781034469604,-0.07885901629924774
1761402262363299000,0.423299072265625,9.77245807647705,0.04893149808049202,-0.08581716567277908
1761402262373369000,0.433369140625,9.76213264465332,0.0471358448266983,-0.07870937883853912
1761402262383451400,0.443451416015625,9.757868766784668,0.05521627515554428,-0.08521861582994461
1761402262393540600,0.45354052734375,9.763404846191406,0.05364508181810379,-0.07968202233314514
1761402262403601700,0.4636015625,9.762282371520996,0.047958854585886,-0.08484452217817307
1761402262413704400,0.473704345703125,9.76400375366211,0.04997896030545235,-0.07811082899570465
1761402262423785200,0.48378515625,9.75981330871582,0.06142623722553253,-0.07975684106349945
1761402262433866800,0.49386669921875,9.754725456237793,0.05663783475756645,-0.08394669741392136
1761402262443935200,0.503935302734375,9.765873908996582,0.052522800862789154,-0.0876128152012825
1761402262454026800,0.51402685546875,9.76669692993164,0.044666826725006104,-0.0818517729640007
1761402262464095500,0.524095458984375,9.763628959655762,0.04893149808049202,-0.08499415963888168
1761402262474195500,0.534195556640625,9.760486602783203,0.04900631681084633,-0.08978256583213806
1761402262484271900,0.54427197265625,9.773879051208496,0.05850830301642418,-0.07197568565607071
1761402262494352400,0.554352294921875,9.767744064331055,0.04676175117492676,-0.0867898091673851
1761402262504434000,0.564433837890625,9.766622543334961,0.05162497237324715,-0.08162731677293777
1761402262514514700,0.5745146484375,9.767594337463379,0.061201781034469604,-0.08985738456249237
1761402262524594200,0.58459423828125,9.764227867126465,0.04945522919297218,-0.0818517729640007
1761402262534665700,0.594665771484375,9.754576683044434,0.05214870721101761,-0.08783727139234543
1761402262544744700,0.60474462890625,9.766023635864258,0.05753565952181816,-0.08170213550329208
1761402262554826000,0.614825927734375,9.761309623718262,0.05903203412890434,-0.08768763393163681
1761402262564894700,0.624894775390625,9.760636329650879,0.05626374110579491,-0.07751227915287018
1761402262575001600,0.635001708984375,9.75861644744873,0.0487818606197834,-0.0826747789978981
1761402262585080600,0.64508056640625,9.758167266845703,0.052522800862789154,-0.07736264169216156
1761402262595151000,0.655151123046875,9.76093578338623,0.05147533491253853,-0.0802057534456253
1761402262605232000,0.665232177734375,9.757344245910645,0.05177461355924606,-0.08274959772825241
1761402262615325700,0.67532568359375,9.759663581848145,0.05529109388589859,-0.09322422742843628
1761402262625406500,0.685406494140625,9.759140014648438,0.04990414157509804,-0.090979665517807
1761402262635474400,0.695474365234375,9.759140014648438,0.054991818964481354,-0.08297405391931534
1761402262645553700,0.7055537109375,9.750985145568848,0.0520738884806633,-0.08207622915506363
1761402262655618000,0.7156181640625,9.75861644744873,0.05364508181810379,-0.07975684106349945
1761402262665708500,0.72570849609375,9.75629711151123,0.050876785069704056,-0.07631517946720123
1761402262675811600,0.7358115234375,9.758017539978027,0.05297171324491501,-0.07833528518676758
1761402262685879300,0.74587939453125,9.756970405578613,0.04646247625350952,-0.08274959772825241
1761402262695973600,0.7559736328125,9.766996383666992,0.05162497237324715,-0.08574234694242477
1761402262706052600,0.766052490234375,9.756670951843262,0.04264671728014946,-0.08334814757108688
1761402262716117500,0.776117431640625,9.76086139678955,0.05027823522686958,-0.08095394819974899
1761402262726217000,0.786217041015625,9.765724182128906,0.05065232887864113,-0.08701426535844803
1761402262736277000,0.796277099609375,9.75936508178711,0.04990414157509804,-0.08873510360717773
1761402262746364200,0.8063642578125,9.770288467407227,0.05626374110579491,-0.08447042852640152
1761402262756460000,0.8164599609375,9.75869083404541,0.0471358448266983,-0.07511807978153229
1761402262766528000,0.826528076171875,9.764078140258789,0.05199906975030899,-0.07646481692790985
1761402262776620300,0.836620361328125,9.760188102722168,0.047061026096343994,-0.08551789075136185
1761402262786683600,0.84668359375,9.753378868103027,0.06015431880950928,-0.08282441645860672
1761402262796784000,0.8567841796875,9.756147384643555,0.04982932284474373,-0.09202712774276733
1761402262806865200,0.866865234375,9.760188102722168,0.05933130905032158,-0.08372224122285843
1761402262816953000,0.876953125,9.754875183105469,0.04953004792332649,-0.09053075313568115
1761402262827014400,0.887014404296875,9.7605619430542,0.05349544435739517,-0.08851064741611481
1761402262837113600,0.897113525390625,9.761459350585938,0.04429273307323456,-0.07706336677074432
1761402262847187000,0.90718701171875,9.76400375366211,0.05229834467172623,-0.08222586661577225
1761402262857270300,0.917270263671875,9.75981330871582,0.05521627515554428,-0.07586626708507538
1761402262867359200,0.927359130859375,9.75973892211914,0.05050269141793251,-0.07698854804039001
1761402262877419500,0.93741943359375,9.754651069641113,0.047061026096343994,-0.08462006598711014
1761402262887506400,0.94750634765625,9.763778686523438,0.05386953800916672,-0.0901566594839096
1761402262897592000,0.957592041015625,9.763704299926758,0.05357026308774948,-0.07998129725456238
1761402262907676200,0.96767626953125,9.767969131469727,0.04758475720882416,-0.08259996026754379
1761402262917763800,0.977763916015625,9.76550006866455,0.0471358448266983,-0.08132804185152054
1761402262927837200,0.987837158203125,9.758466720581055,0.053270988166332245,-0.07594108581542969
1761402262937920800,0.997920654296875,9.756820678710938,0.0528968945145607,-0.08559270948171616
1761402262947987200,1.0079873046875,9.757269859313965,0.06299743056297302,-0.07713818550109863
1761402262958078700,1.01807861328125,9.761159896850586,0.057236384600400925,-0.0784849226474762
1761402262968161500,1.02816162109375,9.758316993713379,0.05072714760899544,-0.08387187868356705
1761402262978230000,1.03822998046875,9.761085510253906,0.0504278726875782,-0.07893383502960205
1761402262988324000,1.048323974609375,9.7675199508667,0.05551555007696152,-0.08342296630144119
1761402262998404900,1.05840478515625,9.769165992736816,0.05985504388809204,-0.07908347249031067
1761402263008492800,1.068492919921875,9.75741958618164,0.051026422530412674,-0.08693944662809372
1761402263018554600,1.0785546875,9.754800796508789,0.050951603800058365,-0.08057985454797745
1761402263028635000,1.088634765625,9.759963035583496,0.050203416496515274,-0.08798690885305405
1761402263038729000,1.09872900390625,9.75981330871582,0.055665191262960434,-0.08836100995540619
1761402263048810500,1.108810546875,9.750909805297852,0.04982932284474373,-0.0918026715517044
1761402263058863000,1.118863037109375,9.749862670898438,0.05267243832349777,-0.0909048467874527
1761402263068979200,1.128979248046875,9.752107620239258,0.056488197296857834,-0.09038111567497253
1761402263079052800,1.139052734375,9.766846656799316,0.052522800862789154,-0.07841010391712189
1761402263089132000,1.149132080078125,9.747393608093262,0.0520738884806633,-0.08604162186384201
1761402263099214800,1.15921484375,9.767146110534668,0.057161565870046616,-0.08619125932455063
1761402263109296000,1.169296142578125,9.76093578338623,0.058059390634298325,-0.08274959772825241
1761402263119377400,1.17937744140625,9.766098022460938,0.057011928409338,-0.0802057534456253
1761402263129462800,1.189462890625,9.763628959655762,0.059480950236320496,-0.07751227915287018
1761402263139538700,1.19953857421875,9.752481460571289,0.050203416496515274,-0.09120412170886993
1761402263149618200,1.2096181640625,9.757569313049316,0.0504278726875782,-0.0760907232761383
1761402263159697400,1.219697509765625,9.757868766784668,0.05933130905032158,-0.07788637280464172
1761402263177319200,1.237319091796875,9.760486602783203,0.05304653197526932,-0.08110358566045761
1761402263187405800,1.24740576171875,9.764078140258789,0.0578349344432354,-0.08469488471746445
1761402263197506000,1.257506103515625,9.754501342773438,0.05424363166093826,-0.0834977850317955
1761402263207586600,1.267586669921875,9.756896018981934,0.05424363166093826,-0.08230068534612656
1761402263217667800,1.277667724609375,9.758092880249023,0.05304653197526932,-0.0834977850317955
1761402263227748600,1.28774853515625,9.764078140258789,0.04825812950730324,-0.08237550407648087
1761402263237830000,1.297829833984375,9.750909805297852,0.04818331077694893,-0.07751227915287018
1761402263247911700,1.30791162109375,9.764078140258789,0.04825812950730324,-0.07878419756889343
1761402263257994200,1.317994140625,9.750685691833496,0.0528968945145607,-0.07975684106349945
1761402263268069000,1.328069091796875,9.756670951843262,0.05050269141793251,-0.07983165979385376
1761402263278150400,1.338150390625,9.762581825256348,0.046986207365989685,-0.08581716567277908
1761402263288214800,1.34821484375,9.761384963989258,0.0553659126162529,-0.08701426535844803
1761402263298316500,1.358316650390625,9.755399703979492,0.05050269141793251,-0.08813655376434326
1761402263308397800,1.368397705078125,9.761384963989258,0.05297171324491501,-0.07983165979385376
1761402263318478300,1.378478271484375,9.762581825256348,0.05656301602721214,-0.08462006598711014
1761402263328536000,1.3885361328125,9.757868766784668,0.05529109388589859,-0.07863456010818481
1761402263348718000,1.408718017578125,9.762581825256348,0.05057751014828682,-0.07983165979385376
1761402263358802700,1.418802734375,9.767370223999023,0.0661398246884346,-0.0810287669301033
1761402263368883700,1.4288837890625,9.766173362731934,0.05297171324491501,-0.0810287669301033
1761402263378964700,1.43896484375,9.766173362731934,0.05177461355924606,-0.08581716567277908
1761402263389046500,1.449046630859375,9.759065628051758,0.04339490458369255,-0.07743746042251587
1761402263399126800,1.459126708984375,9.760188102722168,0.046986207365989685,-0.07983165979385376
1761402263409203500,1.469203369140625,9.757868766784668,0.0528968945145607,-0.07863456010818481
1761402263419280000,1.47927978515625,9.764078140258789,0.05065232887864113,-0.07878419756889343
1761402263429369900,1.489369873046875,9.753304481506348,0.05776011571288109,-0.0834977850317955
1761402263439451100,1.499451171875,9.7628812789917,0.04945522919297218,-0.08708908408880234
1761402263449532000,1.509531982421875,9.760486602783203,0.05304653197526932,-0.08708908408880234
1761402263459613200,1.51961328125,9.760486602783203,0.04346972331404686,-0.07878419756889343
1761402263469693700,1.529693603515625,9.76168441772461,0.05424363166093826,-0.08589198440313339
1761402263479750000,1.53975,9.770063400268555,0.05304653197526932,-0.07998129725456238
1761402263489856500,1.5498564453125,9.760486602783203,0.047061026096343994,-0.07878419756889343
1761402263499937500,1.5599375,9.751209259033203,0.05551555007696152,-0.08005611598491669
1761402263510018800,1.570018798828125,9.76318073272705,0.05551555007696152,-0.08005611598491669
1761402263520099300,1.580099365234375,9.76789379119873,0.04481646418571472,-0.09322422742843628
1761402263530180000,1.59018017578125,9.755997657775879,0.05072714760899544,-0.07885901629924774
1761402263540257500,1.600257568359375,9.760786056518555,0.05671265348792076,-0.07646481692790985
1761402263550317600,1.610317626953125,9.754800796508789,0.04474164545536041,-0.07646481692790985
1761402263560423400,1.62042333984375,9.757120132446289,0.04593874514102936,-0.08364742249250412
1761402263570504400,1.63050439453125,9.757120132446289,0.05192425101995468,-0.08723872154951096
1761402263580585700,1.640585693359375,9.761758804321289,0.04953004792332649,-0.0859668031334877
1761402263590666200,1.650666259765625,9.753454208374023,0.05304653197526932,-0.0859668031334877
1761402263600744000,1.660743896484375,9.755847930908203,0.05304653197526932,-0.08117840439081192
1761402263610828500,1.67082861328125,9.76781940460205,0.04354454204440117,-0.0776619166135788
1761402263620909600,1.68090966796875,9.76901626586914,0.05192425101995468,-0.08005611598491669
1761402263630991000,1.6909912109375,9.759439468383789,0.05192425101995468,-0.08476970344781876
1761402263641071900,1.70107177734375,9.761834144592285,0.05551555007696152,-0.07998129725456238
1761402263651153000,1.71115283203125,9.75704574584961,0.044666826725006104,-0.0727986991405487
1761402263661233700,1.721233642578125,9.759289741516113,0.05304653197526932,-0.09187749028205872
1761402263671310800,1.731310791015625,9.754501342773438,0.05065232887864113,-0.09068039059638977
1761402263681396500,1.741396484375,9.756896018981934,0.05544073134660721,-0.08110358566045761
1761402263691477200,1.751477294921875,9.756896018981934,0.05424363166093826,-0.0834977850317955
1761402263701558500,1.76155859375,9.7628812789917,0.05184943228960037,-0.08237550407648087
1761402263711638800,1.771638671875,9.766472816467285,0.04825812950730324,-0.08357260376214981
1761402263721720300,1.78172021484375,9.754501342773438,0.05424363166093826,-0.08948329091072083
1761402263731797200,1.79179736328125,9.768866539001465,0.0471358448266983,-0.08357260376214981
1761402263741881900,1.8018818359375,9.768866539001465,0.05065232887864113,-0.07878419756889343
1761402263751963100,1.811963134765625,9.759289741516113,0.044666826725006104,-0.08110358566045761
1761402263762044200,1.822044189453125,9.7628812789917,0.0578349344432354,-0.08948329091072083
1761402263772125200,1.832125244140625,9.758092880249023,0.047061026096343994,-0.08469488471746445
1761402263782206500,1.84220654296875,9.7652006149292,0.04945522919297218,-0.0966658964753151
1761402263792287200,1.852287353515625,9.76168441772461,0.05184943228960037,-0.0834977850317955
1761402263802347500,1.862347412109375,9.76168441772461,0.05184943228960037,-0.0834977850317955
1761402263812424200,1.872424072265625,9.768866539001465,0.0578349344432354,-0.07998129725456238
1761402263822531000,1.882531005859375,9.752107620239258,0.058957215398550034,-0.08469488471746445
1761402263832616000,1.892615966796875,9.764078140258789,0.05304653197526932,-0.08476970344781876
1761402263842692600,1.902692626953125,9.755623817443848,0.05065232887864113,-0.0966658964753151
1761402263852773400,1.9127734375,9.7628812789917,0.05065232887864113,-0.08117840439081192
1761402263862850600,1.9228505859375,9.754501342773438,0.04346972331404686,-0.08708908408880234
1761402263872931600,1.932931640625,9.755698204040527,0.04825812950730324,-0.07870937883853912
1761402263883017200,1.943017333984375,9.769989013671875,0.04833294823765755,-0.09314940869808197
1761402263893098500,1.953098388671875,9.767669677734375,0.05304653197526932,-0.07998129725456238
1761402263903179000,1.963178955078125,9.757943153381348,0.04818331077694893,-0.07990647852420807
1761402263913259800,1.973259765625,9.757943153381348,0.05297171324491501,-0.08222586661577225
1761402263923337000,1.9833369140625,9.762731552124023,0.05656301602721214,-0.08589198440313339
1761402263933422600,1.993422607421875,9.761534690856934,0.05057751014828682,-0.08469488471746445
1761402263943494100,2.003494140625,9.76632308959961,0.04825812950730324,-0.08469488471746445
1761402263953584000,2.013584228515625,9.765125274658203,0.047061026096343994,-0.08948329091072083
1761402263963665700,2.023665771484375,9.771111488342285,0.05184943228960037,-0.07870937883853912
1761402263973746200,2.03374609375,9.76632308959961,0.04945522919297218,-0.08828619122505188
1761402263983827000,2.043826904296875,9.762731552124023,0.047061026096343994,-0.08828619122505188
1761402263993904400,2.053904296875,9.760336875915527,0.049380410462617874,-0.07631517946720123
1761402264003989200,2.0639892578125,9.761534690856934,0.04346972331404686,-0.08708908408880234
1761402264014070800,2.07407080078125,9.762731552124023,0.042272623628377914,-0.07990647852420807
1761402264024151600,2.084151611328125,9.760336875915527,0.04346972331404686,-0.0834977850317955
1761402264034232300,2.094232421875,9.763928413391113,0.04945522919297218,-0.0834977850317955
1761402264044314000,2.104314208984375,9.765125274658203,0.06494271755218506,-0.08469488471746445
1761402264054369500,2.11436962890625,9.763928413391113,0.054168812930583954,-0.07751227915287018
1761402264064476200,2.12447607421875,9.764302253723145,0.05910685285925865,-0.08963292837142944
1761402264074556700,2.134556640625,9.761982917785645,0.05312135070562363,-0.0776619166135788
1761402264084638200,2.14463818359375,9.754725456237793,0.05192425101995468,-0.08604162186384201
1761402264094718700,2.15471875,9.763105392456055,0.05431845039129257,-0.08484452217817307
1761402264104799500,2.164799560546875,9.76557445526123,0.05910685285925865,-0.07885901629924774
1761402264114881000,2.174881103515625,9.76789379119873,0.055590372532606125,-0.08604162186384201
1761402264124962600,2.184962646484375,9.7536039352417,0.05431845039129257,-0.08005611598491669
1761402264135043000,2.19504296875,9.758316993713379,0.05072714760899544,-0.08604162186384201
1761402264145124600,2.20512451171875,9.755997657775879,0.04953004792332649,-0.08364742249250412
1761402264155204900,2.215204833984375,9.761908531188965,0.04721066355705261,-0.0884358286857605
1761402264165285600,2.22528564453125,9.760786056518555,0.057909753173589706,-0.07407061755657196
1761402264175367200,2.2353671875,9.760711669921875,0.04953004792332649,-0.08604162186384201
1761402264185448700,2.24544873046875,9.764302253723145,0.05192425101995468,-0.08484452217817307
1761402264195529000,2.255529052734375,9.76669692993164,0.05080196633934975,-0.07893383502960205
1761402264205610200,2.2656103515625,9.758392333984375,0.0471358448266983,-0.07407061755657196
1761402264215691000,2.27569091796875,9.76318073272705,0.04953004792332649,-0.08005611598491669
1761402264225772300,2.285772216796875,9.767669677734375,0.0578349344432354,-0.07998129725456238
1761402264235853800,2.295853759765625,9.756896018981934,0.05304653197526932,-0.08589198440313339
1761402264245916700,2.305916748046875,9.77365493774414,0.05903203412890434,-0.07998129725456238
1761402264256015400,2.316015380859375,9.765275001525879,0.04586392641067505,-0.07998129725456238
1761402264266096400,2.326096435546875,9.76168441772461,0.04825812950730324,-0.08237550407648087
1761402264276177400,2.336177490234375,9.76168441772461,0.047061026096343994,-0.07998129725456238
1761402264286258400,2.346258544921875,9.766472816467285,0.05544073134660721,-0.08716390281915665
1761402264296339500,2.35633935546875,9.767669677734375,0.05065232887864113,-0.08357260376214981
1761402264306441200,2.366441162109375,9.766622543334961,0.05431845039129257,-0.08245032280683517
1761402264316502300,2.376502197265625,9.755847930908203,0.05663783475756645,-0.07758709788322449
1761402264326582800,2.386582763671875,9.754651069641113,0.05663783475756645,-0.08237550407648087
1761402264336663600,2.39666357421875,9.761758804321289,0.04354454204440117,-0.08476970344781876
1761402264346744800,2.406744873046875,9.75704574584961,0.04945522919297218,-0.07758709788322449
1761402264356800800,2.41680078125,9.753454208374023,0.04586392641067505,-0.08117840439081192
1761402264366907000,2.426906982421875,9.7582426071167,0.05663783475756645,-0.07878419756889343
1761402264376964600,2.436964599609375,9.764227867126465,0.05312135070562363,-0.07998129725456238
1761402264387069000,2.44706884765625,9.759289741516113,0.05184943228960037,-0.08708908408880234
1761402264397124900,2.457124755859375,9.756896018981934,0.04945522919297218,-0.0834977850317955
1761402264407231500,2.4672314453125,9.767669677734375,0.05544073134660721,-0.08237550407648087
1761402264417311700,2.477311767578125,9.77485179901123,0.05192425101995468,-0.07878419756889343
1761402264427350800,2.487350830078125,9.749712944030762,0.05776011571288109,-0.07870937883853912
1761402264437467600,2.497467529296875,9.754501342773438,0.05065232887864113,-0.09307458996772766
1761402264447532500,2.507532470703125,9.758092880249023,0.047061026096343994,-0.08589198440313339
1761402264457636900,2.517636962890625,9.755698204040527,0.05304653197526932,-0.08708908408880234
1761402264467717400,2.52771728515625,9.769913673400879,0.05663783475756645,-0.08110358566045761
1761402264477798100,2.537798095703125,9.765125274658203,0.05424363166093826,-0.08469488471746445
1761402264487879400,2.54787939453125,9.761534690856934,0.05297171324491501,-0.08110358566045761
1761402264497935600,2.557935546875,9.762731552124023,0.05057751014828682,-0.07511807978153229
1761402264508048000,2.5680478515625,9.756746292114258,0.0553659126162529,-0.08701426535844803
1761402264518102000,2.57810205078125,9.773505210876465,0.05184943228960037,-0.07990647852420807
1761402264528201200,2.588201171875,9.769913673400879,0.04945522919297218,-0.07751227915287018
1761402264538242300,2.5982421875,9.762731552124023,0.05065232887864113,-0.0941968709230423
1761402264548366600,2.60836669921875,9.770063400268555,0.037559039890766144,-0.07758709788322449
1761402264558443300,2.618443359375,9.766472816467285,0.05065232887864113,-0.07638999819755554
1761402264568508700,2.6285087890625,9.759289741516113,0.05424363166093826,-0.0834977850317955
1761402264578617600,2.63861767578125,9.756896018981934,0.04586392641067505,-0.08230068534612656
1761402264588664600,2.64866455078125,9.758092880249023,0.05184943228960037,-0.08469488471746445
1761402264598771200,2.658771240234375,9.759289741516113,0.047061026096343994,-0.0834977850317955
1761402264608852500,2.6688525390625,9.766472816467285,0.04586392641067505,-0.0751928985118866
1761402264618887000,2.678886962890625,9.765275001525879,0.05663783475756645,-0.07998129725456238
1761402264629012000,2.689011962890625,9.757943153381348,0.05297171324491501,-0.07870937883853912
1761402264639083800,2.699083740234375,9.76632308959961,0.06254851818084717,-0.08589198440313339
1761402264649176800,2.7091767578125,9.772308349609375,0.05544073134660721,-0.08469488471746445
1761402264659257600,2.719257568359375,9.761534690856934,0.05656301602721214,-0.07631517946720123
1761402264669338000,2.729338134765625,9.761534690856934,0.049380410462617874,-0.07990647852420807
1761402264679419100,2.739419189453125,9.761534690856934,0.05177461355924606,-0.08110358566045761
1761402264689483300,2.749483154296875,9.760336875915527,0.054168812930583954,-0.0834977850317955
1761402264699581700,2.759581787109375,9.753229141235352,0.054168812930583954,-0.07743746042251587
1761402264709662500,2.769662353515625,9.76168441772461,0.05424363166093826,-0.08828619122505188
1761402264719743200,2.7797431640625,9.76168441772461,0.05663783475756645,-0.08469488471746445
1761402264729824300,2.78982421875,9.760486602783203,0.047061026096343994,-0.07878419756889343
1761402264739890400,2.799890380859375,9.76168441772461,0.05184943228960037,-0.07758709788322449
1761402264749961500,2.80996142578125,9.758092880249023,0.05424363166093826,-0.0834977850317955
1761402264760042200,2.820042236328125,9.767669677734375,0.05424363166093826,-0.08476970344781876
1761402264770123500,2.83012353515625,9.759289741516113,0.05304653197526932,-0.07990647852420807
1761402264780205000,2.840205078125,9.760486602783203,0.05903203412890434,-0.0834977850317955
1761402264790311200,2.850311279296875,9.768567085266113,0.0553659126162529,-0.08940847218036652
1761402264800392400,2.860392333984375,9.767370223999023,0.05656301602721214,-0.08581716567277908
1761402264810483000,2.87048291015625,9.766173362731934,0.0553659126162529,-0.08701426535844803
1761402264820531000,2.880531005859375,9.7721586227417,0.049380410462617874,-0.08940847218036652
1761402264830642400,2.890642333984375,9.755399703979492,0.0528968945145607,-0.08454524725675583
1761402264840716500,2.900716552734375,9.751882553100586,0.056488197296857834,-0.08215104788541794
1761402264850797300,2.91079736328125,9.760188102722168,0.0553659126162529,-0.09412205219268799
1761402264860876000,2.9208759765625,9.761384963989258,0.044592007994651794,-0.07863456010818481
1761402264870959000,2.930958984375,9.760486602783203,0.05304653197526932,-0.08708908408880234
1761402264881014500,2.9410146484375,9.7628812789917,0.04825812950730324,-0.07998129725456238
1761402264891118800,2.951118896484375,9.758092880249023,0.05424363166093826,-0.08708908408880234
1761402264901227000,2.96122705078125,9.760486602783203,0.05424363166093826,-0.08708908408880234
1761402264911283700,2.97128369140625,9.76168441772461,0.05184943228960037,-0.07638999819755554
1761402264921331000,2.9813310546875,9.7628812789917,0.05903203412890434,-0.08110358566045761
1761402264931445800,2.99144580078125,9.76168441772461,0.05184943228960037,-0.07758709788322449
1761402264941505800,3.001505859375,9.760486602783203,0.05544073134660721,-0.08469488471746445
1761402264951582000,3.01158203125,9.756896018981934,0.047061026096343994,-0.08469488471746445
1761402264961688600,3.0216884765625,9.755698204040527,0.06015431880950928,-0.08110358566045761
1761402264971769300,3.031769287109375,9.760486602783203,0.05544073134660721,-0.08230068534612656
1761402264981850400,3.041850341796875,9.764078140258789,0.05065232887864113,-0.08476970344781876
1761402264991931400,3.051931396484375,9.760486602783203,0.05065232887864113,-0.07878419756889343
1761402265001991400,3.061991455078125,9.764078140258789,0.04825812950730324,-0.0859668031334877
1761402265012081200,3.0720810546875,9.754501342773438,0.05184943228960037,-0.0834977850317955
1761402265022151000,3.08215087890625,9.758092880249023,0.04945522919297218,-0.0834977850317955
1761402265032255500,3.09225537109375,9.760786056518555,0.04593874514102936,-0.07885901629924774
1761402265042316000,3.10231591796875,9.764302253723145,0.05551555007696152,-0.08245032280683517
1761402265052417800,3.112417724609375,9.751134872436523,0.04953004792332649,-0.08955810964107513
1761402265062498800,3.122498779296875,9.761908531188965,0.05072714760899544,-0.08125322312116623
1761402265072579800,3.132579833984375,9.754800796508789,0.05551555007696152,-0.07646481692790985
1761402265082656800,3.14265673828125,9.76677131652832,0.053196169435977936,-0.0777367353439331
1761402265092742000,3.152741943359375,9.76318073272705,0.05671265348792076,-0.07885901629924774
1761402265102823000,3.162822998046875,9.764302253723145,0.05671265348792076,-0.08364742249250412
1761402265112904000,3.172904052734375,9.754201889038086,0.05768529698252678,-0.08574234694242477
1761402265123011800,3.18301171875,9.766173362731934,0.0553659126162529,-0.08462006598711014
1761402265133052200,3.19305224609375,9.763778686523438,0.03860650211572647,-0.08581716567277908
1761402265143143400,3.203143310546875,9.760188102722168,0.046986207365989685,-0.07983165979385376
1761402265153228000,3.21322802734375,9.761384963989258,0.04339490458369255,-0.0810287669301033
1761402265163309300,3.223309326171875,9.762581825256348,0.05656301602721214,-0.08462006598711014
1761402265173390300,3.233390380859375,9.767370223999023,0.05776011571288109,-0.07863456010818481
1761402265183471900,3.243471923828125,9.762581825256348,0.04818331077694893,-0.08940847218036652
1761402265193576200,3.253576171875,9.764751434326172,0.056413378566503525,-0.08207622915506363
1761402265203630300,3.26363037109375,9.765948295593262,0.04571428894996643,-0.07975684106349945
1761402265213715000,3.27371484375,9.75397777557373,0.04803367331624031,-0.08327332884073257
1761402265223796000,3.2837958984375,9.759963035583496,0.05162497237324715,-0.08447042852640152
1761402265233877200,3.293877197265625,9.762357711791992,0.06000468134880066,-0.08327332884073257
1761402265243932700,3.3039326171875,9.767070770263672,0.0528968945145607,-0.08806172758340836
1761402265254023000,3.31402294921875,9.761085510253906,0.05761047825217247,-0.09045593440532684
1761402265264095000,3.324094970703125,9.75517463684082,0.05521627515554428,-0.08087912946939468
1761402265274169300,3.33416943359375,9.757120132446289,0.05192425101995468,-0.08604162186384201
1761402265284255200,3.344255126953125,9.761982917785645,0.05671265348792076,-0.07885901629924774
1761402265294337800,3.354337890625,9.76789379119873,0.05439326912164688,-0.080130934715271
1761402265304418600,3.36441845703125,9.76550006866455,0.053196169435977936,-0.09202712774276733
1761402265314501000,3.374501220703125,9.759589195251465,0.06269815564155579,-0.08364742249250412
1761402265324589800,3.38458984375,9.772682189941406,0.06157587468624115,-0.08252514153718948
1761402265334686700,3.394686767578125,9.760711669921875,0.0471358448266983,-0.08364742249250412
1761402265344768300,3.404768310546875,9.758392333984375,0.05312135070562363,-0.0752677172422409
1761402265354849300,3.414849365234375,9.757793426513672,0.044592007994651794,-0.07983165979385376
1761402265364930300,3.424930419921875,9.768567085266113,0.05656301602721214,-0.07863456010818481
1761402265375011000,3.435010986328125,9.750685691833496,0.05529109388589859,-0.08454524725675583
1761402265385067300,3.4450673828125,9.758990287780762,0.05177461355924606,-0.0810287669301033
1761402265395161000,3.4551611328125,9.762581825256348,0.05177461355924606,-0.08222586661577225
1761402265405230300,3.465230224609375,9.754201889038086,0.05529109388589859,-0.09053075313568115
1761402265415335400,3.47533544921875,9.756670951843262,0.056488197296857834,-0.07863456010818481
1761402265425416400,3.48541650390625,9.760188102722168,0.054168812930583954,-0.08701426535844803
1761402265435497500,3.49549755859375,9.768567085266113,0.04818331077694893,-0.08222586661577225
1761402265445571800,3.50557177734375,9.759065628051758,0.05768529698252678,-0.07624036073684692
1761402265455659300,3.5156591796875,9.764976501464844,0.0553659126162529,-0.07863456010818481
1761402265465740800,3.52574072265625,9.7721586227417,0.054168812930583954,-0.0810287669301033
1761402265475821800,3.53582177734375,9.756596565246582,0.05529109388589859,-0.08222586661577225
1761402265485902600,3.545902587890625,9.767370223999023,0.054168812930583954,-0.08581716567277908
1761402265495983900,3.55598388671875,9.767370223999023,0.054168812930583954,-0.08342296630144119
1761402265506065000,3.56606494140625,9.760188102722168,0.05297171324491501,-0.08701426535844803
1761402265516145700,3.576145751953125,9.76909065246582,0.05199906975030899,-0.08484452217817307
1761402265526227200,3.586227294921875,9.76789379119873,0.04721066355705261,-0.09083002805709839
1761402265536307700,3.5963076171875,9.755997657775879,0.05192425101995468,-0.07646481692790985
1761402265546389500,3.606389404296875,9.764302253723145,0.05551555007696152,-0.08364742249250412
1761402265556470000,3.616469970703125,9.749937057495117,0.04953004792332649,-0.09434650838375092
1761402265566551000,3.626551025390625,9.763105392456055,0.048407766968011856,-0.09083002805709839
1761402265576632000,3.636632080078125,9.759513854980469,0.04833294823765755,-0.08484452217817307
1761402265586713000,3.646713134765625,9.771559715270996,0.05439326912164688,-0.07653963565826416
1761402265596794000,3.656794189453125,9.7628812789917,0.05663783475756645,-0.07758709788322449
1761402265606875000,3.666875,9.766472816467285,0.04825812950730324,-0.07998129725456238
1761402265616956200,3.6769560546875,9.760486602783203,0.06501753628253937,-0.07990647852420807
1761402265626994400,3.686994384765625,9.752107620239258,0.05184943228960037,-0.09187749028205872
1761402265637118000,3.697117919921875,9.759289741516113,0.04945522919297218,-0.08708908408880234
1761402265647200300,3.7072001953125,9.748516082763672,0.054168812930583954,-0.08469488471746445
1761402265657290200,3.717290283203125,9.766472816467285,0.05065232887864113,-0.08117840439081192
1761402265667361800,3.72736181640625,9.749712944030762,0.05297171324491501,-0.08230068534612656
1761402265677442300,3.7374423828125,9.7582426071167,0.05304653197526932,-0.08117840439081192
1761402265687523600,3.747523681640625,9.7605619430542,0.05551555007696152,-0.08955810964107513
1761402265707685600,3.767685546875,9.761834144592285,0.04474164545536041,-0.07998129725456238
1761402265717767000,3.777766845703125,9.7582426071167,0.05903203412890434,-0.08476970344781876
1761402265727848400,3.787848388671875,9.7605619430542,0.06262333691120148,-0.09075520932674408
1761402265737929200,3.79792919921875,9.745074272155762,0.04586392641067505,-0.08948329091072083
1761402265748024800,3.80802490234375,9.755847930908203,0.04945522919297218,-0.07638999819755554
1761402265758087000,3.8180869140625,9.767370223999023,0.05297171324491501,-0.07863456010818481
1761402265768169700,3.828169677734375,9.761384963989258,0.06007950007915497,-0.08222586661577225
1761402265778249500,3.83824951171875,9.763778686523438,0.054168812930583954,-0.08821137249469757
1761402265788333800,3.848333740234375,9.77096176147461,0.054168812930583954,-0.08940847218036652
1761402265798415000,3.8584150390625,9.760188102722168,0.05057751014828682,-0.07983165979385376
1761402265808496000,3.86849609375,9.763778686523438,0.05057751014828682,-0.07983165979385376
1761402265818577200,3.8785771484375,9.753080368041992,0.04332008585333824,-0.07983165979385376
1761402265828632800,3.8886328125,9.760188102722168,0.05177461355924606,-0.08222586661577225
1761402265838735600,3.898735595703125,9.766547203063965,0.05072714760899544,-0.08716390281915665
1761402265848846600,3.9088466796875,9.765424728393555,0.05312135070562363,-0.07885901629924774
1761402265858901500,3.918901611328125,9.748665809631348,0.04346972331404686,-0.07878419756889343
1761402265868982800,3.928982666015625,9.7582426071167,0.05192425101995468,-0.08476970344781876
1761402265879045000,3.939045166015625,9.7582426071167,0.04953004792332649,-0.08357260376214981
1761402265889145000,3.94914501953125,9.760636329650879,0.05072714760899544,-0.0859668031334877
1761402265899231000,3.95923095703125,9.760636329650879,0.05072714760899544,-0.08476970344781876
1761402265909302800,3.969302734375,9.755847930908203,0.05304653197526932,-0.07878419756889343
1761402265919388200,3.97938818359375,9.755698204040527,0.044666826725006104,-0.07870937883853912
1761402265929446000,3.98944580078125,9.76168441772461,0.05065232887864113,-0.08230068534612656
1761402265939550000,3.999550048828125,9.756896018981934,0.05065232887864113,-0.08708908408880234
1761402265949630700,4.009630615234375,9.765275001525879,0.05065232887864113,-0.07758709788322449
1761402265959712000,4.0197119140625,9.760486602783203,0.05304653197526932,-0.08469488471746445
1761402265979874000,4.0398740234375,9.765275001525879,0.0578349344432354,-0.08357260376214981
1761402265989955300,4.049955322265625,9.760486602783203,0.04945522919297218,-0.0834977850317955
1761402265999998500,4.05999853515625,9.764826774597168,0.05050269141793251,-0.09053075313568115
1761402266010117000,4.0701171875,9.757719039916992,0.049305591732263565,-0.08095394819974899
1761402266020198400,4.080198486328125,9.761235237121582,0.04571428894996643,-0.08454524725675583
1761402266030254000,4.090254150390625,9.74933910369873,0.049230773001909256,-0.08207622915506363
1761402266040357000,4.100357177734375,9.754127502441406,0.05761047825217247,-0.08215104788541794
1761402266050441200,4.110441162109375,9.770812034606934,0.04578910768032074,-0.08222586661577225
1761402266060522500,4.1205224609375,9.758915901184082,0.05529109388589859,-0.08334814757108688
1761402266070603000,4.13060302734375,9.760112762451172,0.05529109388589859,-0.07377134263515472
1761402266080656600,4.14065673828125,9.76864242553711,0.05057751014828682,-0.07384616136550903
1761402266090765600,4.150765625,9.764976501464844,0.05177461355924606,-0.07743746042251587
1761402266100842200,4.16084228515625,9.760188102722168,0.05177461355924606,-0.08462006598711014
1761402266110927000,4.170927001953125,9.753080368041992,0.0636707991361618,-0.08095394819974899
1761402266121009000,4.1810087890625,9.753080368041992,0.0528968945145607,-0.08095394819974899
1761402266131089200,4.191089111328125,9.760262489318848,0.06007950007915497,-0.07983165979385376
1761402266141170200,4.201170166015625,9.764976501464844,0.04339490458369255,-0.08581716567277908
1761402266151252000,4.211251953125,9.754277229309082,0.05050269141793251,-0.07863456010818481
1761402266161328600,4.22132861328125,9.760262489318848,0.061276599764823914,-0.07863456010818481
1761402266171413800,4.231413818359375,9.764976501464844,0.046986207365989685,-0.08940847218036652
1761402266181495000,4.2414951171875,9.757868766784668,0.05529109388589859,-0.07863456010818481
1761402266191535900,4.251535888671875,9.758990287780762,0.05529109388589859,-0.0810287669301033
1761402266201656800,4.26165673828125,9.763778686523438,0.046986207365989685,-0.09060557186603546
1761402266211738000,4.271738037109375,9.764976501464844,0.058957215398550034,-0.07983165979385376
1761402266221793800,4.281793701171875,9.750611305236816,0.049305591732263565,-0.09053075313568115
1761402266231895600,4.2918955078125,9.761459350585938,0.05656301602721214,-0.07743746042251587
1761402266241981000,4.30198095703125,9.766622543334961,0.05312135070562363,-0.08364742249250412
1761402266252062200,4.312062255859375,9.755847930908203,0.04593874514102936,-0.08836100995540619
1761402266262143000,4.32214306640625,9.760636329650879,0.05551555007696152,-0.08476970344781876
1761402266272223700,4.3322236328125,9.76901626586914,0.05072714760899544,-0.08005611598491669
1761402266282305000,4.342304931640625,9.756970405578613,0.05424363166093826,-0.09314940869808197
1761402266292382500,4.352382568359375,9.765424728393555,0.04953004792332649,-0.08245032280683517
1761402266302467300,4.36246728515625,9.764227867126465,0.05072714760899544,-0.08117840439081192
1761402266312524000,4.37252392578125,9.754576683044434,0.05065232887864113,-0.09075520932674408
1761402266322629400,4.38262939453125,9.765275001525879,0.05424363166093826,-0.08117840439081192
1761402266332710400,4.39271044921875,9.759289741516113,0.05304653197526932,-0.0834977850317955
1761402266342791200,4.402791259765625,9.766472816467285,0.05544073134660721,-0.07878419756889343
1761402266352872200,4.4128720703125,9.768866539001465,0.04354454204440117,-0.07758709788322449
1761402266362949400,4.422949462890625,9.765275001525879,0.05424363166093826,-0.0859668031334877
1761402266373034500,4.433034423828125,9.764078140258789,0.047061026096343994,-0.08476970344781876
1761402266383115500,4.443115478515625,9.756896018981934,0.05424363166093826,-0.08110358566045761
1761402266393196500,4.453196533203125,9.758092880249023,0.05065232887864113,-0.07751227915287018
1761402266403277600,4.463277587890625,9.761908531188965,0.04953004792332649,-0.08484452217817307
1761402266413358600,4.473358642578125,9.771485328674316,0.04721066355705261,-0.07893383502960205
1761402266423436000,4.48343603515625,9.76437759399414,0.05072714760899544,-0.0776619166135788
1761402266433521000,4.49352099609375,9.764302253723145,0.060303956270217896,-0.0884358286857605
1761402266443576800,4.503576904296875,9.764302253723145,0.05080196633934975,-0.09202712774276733
1761402266453682700,4.5136826171875,9.754800796508789,0.04474164545536041,-0.08125322312116623
1761402266463763700,4.523763671875,9.752406120300293,0.05551555007696152,-0.08245032280683517
1761402266473844700,4.5338447265625,9.771485328674316,0.055590372532606125,-0.08132804185152054
1761402266483901400,4.5439013671875,9.7628812789917,0.04825812950730324,-0.07758709788322449
1761402266494007800,4.5540078125,9.7628812789917,0.05544073134660721,-0.08237550407648087
1761402266504088000,4.564088134765625,9.743802070617676,0.05656301602721214,-0.07863456010818481
1761402266514169600,4.574169677734375,9.766472816467285,0.05424363166093826,-0.0859668031334877
1761402266524249900,4.584249755859375,9.758092880249023,0.05663783475756645,-0.07631517946720123
1761402266534331600,4.59433154296875,9.758092880249023,0.05544073134660721,-0.08589198440313339
1761402266544413000,4.604412841796875,9.771261215209961,0.060229137539863586,-0.08117840439081192
1761402266554491600,4.61449169921875,9.760486602783203,0.047061026096343994,-0.07878419756889343
1761402266564574500,4.624574462890625,9.767220497131348,0.054093994200229645,-0.08693944662809372
1761402266574656000,4.634656005859375,9.755324363708496,0.0528968945145607,-0.08574234694242477
1761402266584736500,4.644736572265625,9.757719039916992,0.0528968945145607,-0.08454524725675583
1761402266594817300,4.6548173828125,9.75173282623291,0.056413378566503525,-0.0892588347196579
1761402266604898300,4.664898193359375,9.758915901184082,0.05529109388589859,-0.08334814757108688
1761402266614980000,4.67497998046875,9.758915901184082,0.049305591732263565,-0.07736264169216156
1761402266625035300,4.68503515625,9.757719039916992,0.04810849204659462,-0.08215104788541794
1761402266635142100,4.69514208984375,9.763628959655762,0.0528968945145607,-0.08334814757108688
1761402266645223200,4.70522314453125,9.765275001525879,0.04346972331404686,-0.08117840439081192
1761402266655264800,4.7152646484375,9.7628812789917,0.05304653197526932,-0.07878419756889343
1761402266665384400,4.725384521484375,9.759289741516113,0.04586392641067505,-0.08230068534612656
1761402266675465500,4.735465576171875,9.76168441772461,0.05544073134660721,-0.08948329091072083
1761402266685547500,4.745547607421875,9.770063400268555,0.060229137539863586,-0.08476970344781876
1761402266695628000,4.7556279296875,9.758092880249023,0.05184943228960037,-0.08708908408880234
1761402266705709000,4.765708984375,9.764078140258789,0.05184943228960037,-0.08357260376214981
1761402266715765200,4.77576513671875,9.766472816467285,0.04945522919297218,-0.07758709788322449
1761402266725871400,4.785871337890625,9.761908531188965,0.05551555007696152,-0.08723872154951096
1761402266735918800,4.7959189453125,9.760711669921875,0.05192425101995468,-0.08604162186384201
1761402266746007800,4.8060078125,9.763105392456055,0.04601356387138367,-0.08604162186384201
1761402266756114200,4.8161142578125,9.752406120300293,0.05312135070562363,-0.08364742249250412
1761402266766195200,4.8261953125,9.7559232711792,0.04474164545536041,-0.08963292837142944
1761402266776276000,4.83627587890625,9.763105392456055,0.05312135070562363,-0.08604162186384201
1761402266786357200,4.846357177734375,9.761908531188965,0.05431845039129257,-0.08245032280683517
1761402266796438300,4.856438232421875,9.760786056518555,0.05072714760899544,-0.07885901629924774
1761402266806519600,4.86651953125,9.759513854980469,0.05192425101995468,-0.08604162186384201
1761402266816600300,4.876600341796875,9.757194519042969,0.04474164545536041,-0.08245032280683517
1761402266826681300,4.886681396484375,9.761982917785645,0.0471358448266983,-0.08005611598491669
1761402266836762400,4.896762451171875,9.761908531188965,0.04833294823765755,-0.08364742249250412
1761402266846844400,4.906844482421875,9.764302253723145,0.05312135070562363,-0.08484452217817307
1761402266856924400,4.91692431640625,9.758316993713379,0.05192425101995468,-0.0884358286857605
1761402266867005400,4.92700537109375,9.76437759399414,0.04953004792332649,-0.0776619166135788
1761402266877087000,4.9370869140625,9.76789379119873,0.04601356387138367,-0.0777367353439331
1761402266887167500,4.94716748046875,9.766996383666992,0.053270988166332245,-0.08619125932455063
1761402266897249000,4.9572490234375,9.75981330871582,0.05439326912164688,-0.08619125932455063
1761402266907329500,4.96732958984375,9.768118858337402,0.05446808785200119,-0.09217676520347595
1761402266917410800,4.977410888671875,9.75861644744873,0.05080196633934975,-0.08499415963888168
1761402266927491800,4.987491943359375,9.75622272491455,0.05678747221827507,-0.08851064741611481
1761402266937572900,4.99757275390625,9.763404846191406,0.050876785069704056,-0.08619125932455063
1761402266947655000,5.007655029296875,9.75861644744873,0.05080196633934975,-0.08259996026754379
1761402266957735200,5.017735107421875,9.768193244934082,0.055665191262960434,-0.08738835901021957
1761402266967794200,5.027794189453125,9.768941879272461,0.04354454204440117,-0.08604162186384201
1761402266977897000,5.03789697265625,9.763031005859375,0.05192425101995468,-0.08237550407648087
1761402266987980500,5.04798046875,9.764227867126465,0.05431845039129257,-0.08117840439081192
1761402266998055200,5.05805517578125,9.756970405578613,0.05192425101995468,-0.08955810964107513
1761402267008114700,5.06811474609375,9.753454208374023,0.04586392641067505,-0.08476970344781876
1761402267018231800,5.078231689453125,9.756970405578613,0.04354454204440117,-0.08716390281915665
1761402267028302600,5.088302490234375,9.759439468383789,0.05663783475756645,-0.08476970344781876
1761402267038381000,5.098381103515625,9.759439468383789,0.05304653197526932,-0.07998129725456238
1761402267048464100,5.108464111328125,9.761384963989258,0.0553659126162529,-0.08701426535844803
1761402267058541000,5.118541015625,9.760188102722168,0.044592007994651794,-0.09060557186603546
1761402267068626400,5.12862646484375,9.759065628051758,0.046986207365989685,-0.07863456010818481
1761402267078707500,5.13870751953125,9.760188102722168,0.04339490458369255,-0.07983165979385376
1761402267088788500,5.14878857421875,9.762581825256348,0.05297171324491501,-0.07983165979385376
1761402267098844200,5.15884423828125,9.755399703979492,0.06486789882183075,-0.08813655376434326
1761402267108950800,5.16895068359375,9.76976490020752,0.06135141849517822,-0.08462006598711014
1761402267119027700,5.17902783203125,9.764976501464844,0.04339490458369255,-0.0810287669301033
1761402267129112800,5.18911279296875,9.754201889038086,0.046986207365989685,-0.08813655376434326
1761402267139194000,5.199194091796875,9.765050888061523,0.054168812930583954,-0.07743746042251587
1761402267149275000,5.20927490234375,9.760188102722168,0.04818331077694893,-0.07983165979385376
1761402267159355600,5.219355712890625,9.762581825256348,0.05297171324491501,-0.0810287669301033
1761402267169437000,5.22943701171875,9.754201889038086,0.0528968945145607,-0.08693944662809372
1761402267179518000,5.23951806640625,9.760188102722168,0.046986207365989685,-0.0810287669301033
1761402267189595400,5.249595458984375,9.754277229309082,0.06007950007915497,-0.0785597413778305
1761402267199680500,5.259680419921875,9.757793426513672,0.05177461355924606,-0.08342296630144119
1761402267209761300,5.26976123046875,9.76168441772461,0.04945522919297218,-0.0834977850317955
1761402267219842000,5.279842041015625,9.764078140258789,0.04825812950730324,-0.08237550407648087
1761402267229923000,5.289923095703125,9.759289741516113,0.04945522919297218,-0.07638999819755554
1761402267240004600,5.300004638671875,9.760486602783203,0.05663783475756645,-0.07638999819755554
1761402267250081800,5.310081787109375,9.756896018981934,0.05663783475756645,-0.07990647852420807
1761402267260166400,5.32016650390625,9.767669677734375,0.05663783475756645,-0.08476970344781876
1761402267270247200,5.3302470703125,9.758017539978027,0.05544073134660721,-0.0966658964753151
1761402267280328400,5.340328369140625,9.758092880249023,0.04825812950730324,-0.07751227915287018
1761402267290409500,5.350409423828125,9.756970405578613,0.04833294823765755,-0.08836100995540619
1761402267300464400,5.36046435546875,9.759439468383789,0.05544073134660721,-0.08237550407648087
1761402267310546200,5.370546142578125,9.765350341796875,0.04953004792332649,-0.0859668031334877
1761402267320648400,5.3806484375,9.754651069641113,0.05663783475756645,-0.08117840439081192
1761402267330708500,5.39070849609375,9.760636329650879,0.0471358448266983,-0.08476970344781876
1761402267340814800,5.40081494140625,9.761834144592285,0.05072714760899544,-0.0859668031334877
1761402267350895900,5.410895751953125,9.760636329650879,0.04833294823765755,-0.0859668031334877
1761402267360976600,5.4209765625,9.765424728393555,0.04833294823765755,-0.08245032280683517
1761402267371057400,5.431057373046875,9.759289741516113,0.04825812950730324,-0.08948329091072083
1761402267381135000,5.441135009765625,9.770063400268555,0.04953004792332649,-0.08357260376214981
1761402267391202300,5.451202392578125,9.764078140258789,0.05663783475756645,-0.08708908408880234
1761402267401300700,5.46130078125,9.753304481506348,0.05424363166093826,-0.08708908408880234
1761402267411382000,5.471382080078125,9.759289741516113,0.05424363166093826,-0.07870937883853912
1761402267421474300,5.481474365234375,9.759289741516113,0.05184943228960037,-0.07870937883853912
1761402267431544300,5.49154443359375,9.76168441772461,0.05424363166093826,-0.08230068534612656
1761402267441621000,5.50162109375,9.768792152404785,0.04953004792332649,-0.08836100995540619
1761402267451706600,5.51170654296875,9.759065628051758,0.04578910768032074,-0.07863456010818481
1761402267461787400,5.521787353515625,9.756670951843262,0.058882396668195724,-0.07863456010818481
1761402267471868400,5.531868408203125,9.753080368041992,0.056488197296857834,-0.07975684106349945
1761402267481949400,5.541949462890625,9.767370223999023,0.04578910768032074,-0.08701426535844803
1761402267492030200,5.5520302734375,9.762581825256348,0.05776011571288109,-0.08701426535844803
1761402267502111500,5.562111572265625,9.756596565246582,0.06007950007915497,-0.08334814757108688
1761402267512187600,5.572187744140625,9.760188102722168,0.049380410462617874,-0.09060557186603546
1761402267522230500,5.58223046875,9.753080368041992,0.049305591732263565,-0.0785597413778305
1761402267532354600,5.5923544921875,9.757793426513672,0.05297171324491501,-0.0917278528213501
1761402267542435600,5.602435546875,9.761384963989258,0.044592007994651794,-0.07983165979385376
1761402267552516400,5.612516357421875,9.756596565246582,0.05529109388589859,-0.08454524725675583
1761402267562591700,5.622591796875,9.763778686523438,0.054168812930583954,-0.08821137249469757
1761402267572674600,5.632674560546875,9.762581825256348,0.05776011571288109,-0.08821137249469757
1761402267582759700,5.642759765625,9.77096176147461,0.04339490458369255,-0.07990647852420807
1761402267592841000,5.652841064453125,9.762581825256348,0.05177461355924606,-0.08222586661577225
1761402267602897400,5.6628974609375,9.760188102722168,0.04100070521235466,-0.07983165979385376
1761402267613003000,5.6730029296875,9.760636329650879,0.04593874514102936,-0.0859668031334877
1761402267623084500,5.68308447265625,9.764227867126465,0.0471358448266983,-0.08357260376214981
1761402267633165600,5.69316552734375,9.759439468383789,0.05312135070562363,-0.0859668031334877
1761402267643242200,5.7032421875,9.764227867126465,0.04953004792332649,-0.07885901629924774
1761402267653326800,5.713326904296875,9.766547203063965,0.05551555007696152,-0.08476970344781876
1761402267663408400,5.723408447265625,9.764227867126465,0.05431845039129257,-0.08476970344781876
1761402267673489000,5.733489013671875,9.759439468383789,0.0578349344432354,-0.07998129725456238
1761402267683574000,5.743573974609375,9.763031005859375,0.05192425101995468,-0.08476970344781876
1761402267693634300,5.75363427734375,9.750909805297852,0.05057751014828682,-0.07870937883853912
1761402267703728400,5.763728271484375,9.760486602783203,0.05065232887864113,-0.07990647852420807
1761402267713788000,5.773787841796875,9.765275001525879,0.05424363166093826,-0.07758709788322449
1761402267723894300,5.783894287109375,9.752107620239258,0.04825812950730324,-0.09068039059638977
1761402267733975600,5.7939755859375,9.753304481506348,0.05424363166093826,-0.08708908408880234
1761402267744031500,5.804031494140625,9.756896018981934,0.04825812950730324,-0.07870937883853912
1761402267754137300,5.814137451171875,9.760486602783203,0.04825812950730324,-0.08589198440313339
1761402267764215000,5.824215087890625,9.753304481506348,0.04945522919297218,-0.08230068534612656
1761402267774300000,5.8342998046875,9.755773544311523,0.04354454204440117,-0.08836100995540619
1761402267784380400,5.84438037109375,9.76901626586914,0.04953004792332649,-0.08125322312116623
1761402267794462200,5.854462158203125,9.747468948364258,0.05184943228960037,-0.0834977850317955
1761402267804542700,5.864542724609375,9.77133560180664,0.05312135070562363,-0.08245032280683517
1761402267814624000,5.8746240234375,9.75704574584961,0.04474164545536041,-0.0751928985118866
1761402267824679700,5.8846796875,9.76901626586914,0.04474164545536041,-0.08125322312116623
1761402267834786000,5.8947861328125,9.753454208374023,0.05304653197526932,-0.08955810964107513
1761402267844867800,5.904867919921875,9.759439468383789,0.04945522919297218,-0.07399579882621765
1761402267854933500,5.91493359375,9.763105392456055,0.05431845039129257,-0.08364742249250412
1761402267865028600,5.925028564453125,9.749937057495117,0.05312135070562363,-0.09075520932674408
1761402267875110000,5.93510986328125,9.759589195251465,0.06269815564155579,-0.08245032280683517
1761402267885165600,5.94516552734375,9.748815536499023,0.0471358448266983,-0.07998129725456238
1761402267895272700,5.955272705078125,9.761982917785645,0.05910685285925865,-0.08125322312116623
1761402267905327600,5.96532763671875,9.759513854980469,0.04593874514102936,-0.08364742249250412
1761402267915434200,5.975434326171875,9.7559232711792,0.060303956270217896,-0.09075520932674408
1761402267925515300,5.985515380859375,9.758392333984375,0.06868366152048111,-0.07885901629924774
1761402267935596500,5.995596435546875,9.758990287780762,0.054168812930583954,-0.08821137249469757
1761402267945680100,6.00568017578125,9.753080368041992,0.049305591732263565,-0.08215104788541794
1761402267955758600,6.015758544921875,9.76976490020752,0.06015431880950928,-0.08462006598711014
1761402267965815000,6.02581494140625,9.754201889038086,0.054093994200229645,-0.08933365345001221
1761402267975920400,6.03592041015625,9.763778686523438,0.05177461355924606,-0.08222586661577225
1761402267986001700,6.046001708984375,9.757793426513672,0.04818331077694893,-0.0810287669301033
1761402267996082700,6.056082763671875,9.766173362731934,0.058957215398550034,-0.07863456010818481
1761402268006163500,6.06616357421875,9.760262489318848,0.05057751014828682,-0.07264905422925949
1761402268016244500,6.076244384765625,9.755698204040527,0.05304653197526932,-0.08230068534612656
1761402268026326000,6.086325927734375,9.764078140258789,0.05304653197526932,-0.08708908408880234
1761402268036407000,6.096406982421875,9.756896018981934,0.04825812950730324,-0.08469488471746445
1761402268046488800,6.10648876953125,9.760486602783203,0.04825812950730324,-0.08708908408880234
1761402268056568800,6.11656884765625,9.758092880249023,0.04586392641067505,-0.07751227915287018
1761402268066627000,6.126626953125,9.756896018981934,0.05544073134660721,-0.07870937883853912
1761402268076696800,6.13669677734375,9.768866539001465,0.05065232887864113,-0.07878419756889343
1761402268086812200,6.146812255859375,9.770063400268555,0.05903203412890434,-0.08716390281915665
1761402268096867800,6.156867919921875,9.753080368041992,0.049305591732263565,-0.08215104788541794
1761402268106974000,6.166973876953125,9.754201889038086,0.05529109388589859,-0.08693944662809372
1761402268117055000,6.177054931640625,9.761384963989258,0.05297171324491501,-0.08222586661577225
1761402268127136000,6.187135986328125,9.753005027770996,0.054093994200229645,-0.08693944662809372
1761402268137217500,6.197217529296875,9.766173362731934,0.0553659126162529,-0.08701426535844803
1761402268147298800,6.207298828125,9.762581825256348,0.054168812930583954,-0.08821137249469757
1761402268157379600,6.217379638671875,9.757868766784668,0.044592007994651794,-0.07743746042251587
1761402268167460600,6.227460693359375,9.768567085266113,0.05057751014828682,-0.08581716567277908
1761402268177541600,6.237541748046875,9.756746292114258,0.05297171324491501,-0.07863456010818481
1761402268187622400,6.247622314453125,9.763928413391113,0.04825812950730324,-0.08230068534612656
1761402268197703700,6.25770361328125,9.758017539978027,0.06254851818084717,-0.07743746042251587
1761402268207759600,6.267759521484375,9.765125274658203,0.04945522919297218,-0.08708908408880234
1761402268217865500,6.277865478515625,9.765125274658203,0.05065232887864113,-0.07751227915287018
1761402268227946800,6.28794677734375,9.750760078430176,0.044592007994651794,-0.08222586661577225
1761402268237981700,6.297981689453125,9.756746292114258,0.04818331077694893,-0.08342296630144119
1761402268248105200,6.308105224609375,9.763928413391113,0.05776011571288109,-0.07870937883853912
1761402268258186500,6.3181865234375,9.750611305236816,0.05050269141793251,-0.08454524725675583
1761402268268270600,6.3282705078125,9.751808166503906,0.05050269141793251,-0.08574234694242477
1761402268278347800,6.33834765625,9.762581825256348,0.04818331077694893,-0.07863456010818481
1761402268288433000,6.348432861328125,9.763778686523438,0.04818331077694893,-0.08342296630144119
1761402268298514000,6.358513916015625,9.756596565246582,0.04818331077694893,-0.08222586661577225
1761402268308595000,6.368594970703125,9.755399703979492,0.058882396668195724,-0.08574234694242477
1761402268318676000,6.378676025390625,9.757868766784668,0.04818331077694893,-0.07624036073684692
1761402268328757000,6.388757080078125,9.764976501464844,0.049380410462617874,-0.08462006598711014
1761402268338834200,6.398834228515625,9.758990287780762,0.04818331077694893,-0.07983165979385376
1761402268348919000,6.4089189453125,9.763778686523438,0.054168812930583954,-0.08821137249469757
1761402268359000300,6.419000244140625,9.756596565246582,0.049380410462617874,-0.08222586661577225
1761402268369081000,6.4290810546875,9.762581825256348,0.058957215398550034,-0.08222586661577225
1761402268379162000,6.439162109375,9.762581825256348,0.05177461355924606,-0.08581716567277908
1761402268389243400,6.449243408203125,9.768567085266113,0.04818331077694893,-0.08462006598711014
1761402268399320300,6.4593203125,9.762581825256348,0.05057751014828682,-0.08462006598711014
1761402268409405200,6.4694052734375,9.762581825256348,0.05297171324491501,-0.08222586661577225
1761402268419486200,6.479486328125,9.761834144592285,0.05431845039129257,-0.08476970344781876
1761402268429567500,6.4895673828125,9.763031005859375,0.05671265348792076,-0.07998129725456238
1761402268439648800,6.499648681640625,9.763031005859375,0.05910685285925865,-0.0859668031334877
1761402268449729500,6.5097294921875,9.759439468383789,0.05192425101995468,-0.08476970344781876
1761402268459788800,6.519788818359375,9.766622543334961,0.05312135070562363,-0.08245032280683517
1761402268469867500,6.529867431640625,9.753454208374023,0.04825812950730324,-0.08476970344781876
1761402268479947300,6.539947265625,9.758167266845703,0.04953004792332649,-0.09075520932674408
1761402268490028300,6.5500283203125,9.76901626586914,0.057909753173589706,-0.08005611598491669
1761402268500095000,6.560094970703125,9.756896018981934,0.039878420531749725,-0.08708908408880234
1761402268510194200,6.570194091796875,9.7628812789917,0.04945522919297218,-0.0751928985118866
1761402268520297000,6.580296875,9.758092880249023,0.05304653197526932,-0.08708908408880234
1761402268530374000,6.590373779296875,9.770063400268555,0.04953004792332649,-0.08237550407648087
1761402268540459300,6.600459228515625,9.750909805297852,0.04586392641067505,-0.08110358566045761
1761402268550540000,6.6105400390625,9.767669677734375,0.05304653197526932,-0.0859668031334877
1761402268560621600,6.62062158203125,9.758092880249023,0.04945522919297218,-0.08948329091072083
1761402268570696200,6.6306962890625,9.765275001525879,0.05184943228960037,-0.08716390281915665
1761402268580783600,6.64078369140625,9.7628812789917,0.037559039890766144,-0.08357260376214981
1761402268590865200,6.650865234375,9.760486602783203,0.05304653197526932,-0.0834977850317955
1761402268600941600,6.660941650390625,9.756896018981934,0.04586392641067505,-0.08230068534612656
1761402268611026700,6.671026611328125,9.759289741516113,0.04825812950730324,-0.0834977850317955
1761402268621106400,6.6811064453125,9.76168441772461,0.0686088427901268,-0.08469488471746445
1761402268631188200,6.691188232421875,9.771261215209961,0.05072714760899544,-0.07998129725456238
1761402268641245700,6.70124560546875,9.752107620239258,0.0553659126162529,-0.08589198440313339
1761402268651371000,6.71137109375,9.759289741516113,0.044666826725006104,-0.08708908408880234
1761402268661427500,6.721427490234375,9.760486602783203,0.05184943228960037,-0.07758709788322449
1761402268671512300,6.73151220703125,9.756896018981934,0.05544073134660721,-0.07631517946720123
1761402268681593900,6.74159375,9.753304481506348,0.05424363166093826,-0.08589198440313339
1761402268691675000,6.7516748046875,9.759289741516113,0.05065232887864113,-0.08948329091072083
1761402268701756200,6.761756103515625,9.758092880249023,0.05544073134660721,-0.08230068534612656
1761402268711836700,6.771836669921875,9.760486602783203,0.05184943228960037,-0.08948329091072083
1761402268731993300,6.791993408203125,9.766472816467285,0.05184943228960037,-0.0859668031334877
1761402268742054700,6.8020546875,9.754651069641113,0.05065232887864113,-0.08237550407648087
1761402268752161000,6.8121611328125,9.766547203063965,0.05312135070562363,-0.09314940869808197
1761402268762241800,6.82224169921875,9.77253246307373,0.05431845039129257,-0.09561842679977417
1761402268772323000,6.832322998046875,9.755847930908203,0.06262333691120148,-0.08357260376214981
1761402268782377200,6.842377197265625,9.763031005859375,0.04953004792332649,-0.08357260376214981
1761402268792481000,6.85248095703125,9.752257347106934,0.047061026096343994,-0.08955810964107513
1761402268802566400,6.86256640625,9.7582426071167,0.05903203412890434,-0.08237550407648087
1761402268812637400,6.872637451171875,9.761834144592285,0.05431845039129257,-0.07998129725456238
1761402268822728200,6.882728271484375,9.76318073272705,0.05312135070562363,-0.08005611598491669
1761402268832809200,6.892809326171875,9.763105392456055,0.04953004792332649,-0.08125322312116623
1761402268842890000,6.902889892578125,9.754800796508789,0.04953004792332649,-0.08005611598491669
1761402268852967200,6.91296728515625,9.76789379119873,0.060303956270217896,-0.08005611598491669
1761402268863052300,6.92305224609375,9.755997657775879,0.05312135070562363,-0.08484452217817307
1761402268873133300,6.93313330078125,9.758316993713379,0.05671265348792076,-0.09083002805709839
1761402268883214300,6.94321435546875,9.746420860290527,0.060229137539863586,-0.08476970344781876
1761402268893295600,6.953295654296875,9.757120132446289,0.04953004792332649,-0.08723872154951096
1761402268903376600,6.963376708984375,9.759513854980469,0.05192425101995468,-0.0884358286857605
1761402268913458000,6.9734580078125,9.775076866149902,0.05439326912164688,-0.08731354027986526
1761402268923534600,6.98353466796875,9.76669692993164,0.053196169435977936,-0.0884358286857605
1761402268933619500,6.993619384765625,9.76669692993164,0.05439326912164688,-0.08364742249250412
1761402268943699000,7.003698974609375,9.759589195251465,0.05431845039129257,-0.08125322312116623
1761402268953781500,7.013781494140625,9.758392333984375,0.04354454204440117,-0.07885901629924774
1761402268963863300,7.02386328125,9.761982917785645,0.05312135070562363,-0.07287351787090302
1761402268973943800,7.03394384765625,9.754725456237793,0.05431845039129257,-0.08604162186384201
1761402268984021000,7.04402099609375,9.760636329650879,0.05431845039129257,-0.08357260376214981
1761402268994105900,7.05410595703125,9.765424728393555,0.04474164545536041,-0.08125322312116623
1761402269004187000,7.064186767578125,9.753454208374023,0.05544073134660721,-0.0859668031334877
1761402269014268200,7.07426806640625,9.754651069641113,0.04825812950730324,-0.08117840439081192
1761402269024349200,7.08434912109375,9.7582426071167,0.05424363166093826,-0.08476970344781876
1761402269034405000,7.094405029296875,9.760636329650879,0.05663783475756645,-0.08357260376214981
1761402269044512300,7.10451220703125,9.75704574584961,0.060229137539863586,-0.08476970344781876
1761402269054569700,7.11456982421875,9.763031005859375,0.05192425101995468,-0.08237550407648087
1761402269064673500,7.124673583984375,9.761534690856934,0.046986207365989685,-0.07631517946720123
1761402269074754600,7.134754638671875,9.7675199508667,0.04346972331404686,-0.0834977850317955
1761402269084810200,7.144810302734375,9.7675199508667,0.05065232887864113,-0.0834977850317955
1761402269094916900,7.154916748046875,9.762731552124023,0.0553659126162529,-0.08230068534612656
1761402269104997400,7.164997314453125,9.763928413391113,0.0553659126162529,-0.08110358566045761
1761402269115079000,7.175078857421875,9.759140014648438,0.044592007994651794,-0.08589198440313339
1761402269125149200,7.185149169921875,9.759140014648438,0.05177461355924606,-0.08462006598711014
1761402269135241200,7.1952412109375,9.7675199508667,0.05184943228960037,-0.09307458996772766
1761402269145292300,7.205292236328125,9.758092880249023,0.05065232887864113,-0.0834977850317955
1761402269155403300,7.2154033203125,9.755698204040527,0.04586392641067505,-0.08230068534612656
1761402269165459000,7.225458984375,9.767669677734375,0.0578349344432354,-0.0751928985118866
1761402269175565300,7.2355654296875,9.766472816467285,0.05184943228960037,-0.0859668031334877
1761402269185646600,7.245646484375,9.753304481506348,0.047061026096343994,-0.08230068534612656
1761402269195726800,7.255726806640625,9.7628812789917,0.04107552394270897,-0.08476970344781876
1761402269205808000,7.26580810546875,9.767669677734375,0.06142623722553253,-0.07638999819755554
1761402269215889200,7.27588916015625,9.752182006835938,0.058957215398550034,-0.07392098009586334
1761402269225970700,7.285970703125,9.757868766784668,0.051699791103601456,-0.07743746042251587
1761402269236051700,7.2960517578125,9.763778686523438,0.05776011571288109,-0.08462006598711014
1761402269246107000,7.30610693359375,9.766173362731934,0.0553659126162529,-0.08462006598711014
1761402269256213800,7.3162138671875,9.753005027770996,0.0528968945145607,-0.08933365345001221
1761402269266294000,7.3262939453125,9.763778686523438,0.054168812930583954,-0.07983165979385376
1761402269276375600,7.33637548828125,9.755399703979492,0.05768529698252678,-0.08574234694242477
1761402269286457000,7.34645703125,9.760188102722168,0.06247369945049286,-0.08222586661577225
1761402269296537600,7.35653759765625,9.764976501464844,0.05177461355924606,-0.08222586661577225
1761402269306593300,7.36659326171875,9.766173362731934,0.0553659126162529,-0.07983165979385376
1761402269316699400,7.376699462890625,9.762657165527344,0.04818331077694893,-0.07384616136550903
1761402269326780700,7.38678076171875,9.768567085266113,0.06254851818084717,-0.07863456010818481
1761402269336861200,7.396861083984375,9.761459350585938,0.054093994200229645,-0.0702548548579216
1761402269346934300,7.406934326171875,9.764976501464844,0.04818331077694893,-0.0810287669301033
1761402269357024000,7.41702392578125,9.762581825256348,0.05656301602721214,-0.08222586661577225
1761402269367104800,7.427104736328125,9.756596565246582,0.058882396668195724,-0.08933365345001221
1761402269377164800,7.437164794921875,9.757868766784668,0.05529109388589859,-0.07504326105117798
1761402269387266600,7.4472666015625,9.760486602783203,0.05424363166093826,-0.08828619122505188
1761402269397347800,7.457347900390625,9.768792152404785,0.05424363166093826,-0.08955810964107513
1761402269407428900,7.467428955078125,9.7628812789917,0.05424363166093826,-0.07758709788322449
1761402269417510000,7.477510009765625,9.759289741516113,0.04586392641067505,-0.0834977850317955
1761402269427591000,7.4875908203125,9.754501342773438,0.05663783475756645,-0.08708908408880234
1761402269437672700,7.497672607421875,9.766397476196289,0.05903203412890434,-0.09068039059638977
1761402269447752400,7.50775244140625,9.764078140258789,0.05304653197526932,-0.08948329091072083
1761402269457834200,7.517834228515625,9.758092880249023,0.04586392641067505,-0.07751227915287018
1761402269467915300,7.527915283203125,9.74933910369873,0.049305591732263565,-0.08686462789773941
1761402269477971700,7.5379716796875,9.763628959655762,0.054093994200229645,-0.08334814757108688
1761402269488073500,7.548073486328125,9.763628959655762,0.0528968945145607,-0.08933365345001221
1761402269498154500,7.558154541015625,9.758915901184082,0.044517189264297485,-0.0785597413778305
1761402269508239400,7.5682392578125,9.754127502441406,0.05050269141793251,-0.0785597413778305
1761402269518320400,7.5783203125,9.762507438659668,0.051699791103601456,-0.08095394819974899
1761402269528401400,7.5884013671875,9.760038375854492,0.05050269141793251,-0.09292495250701904
1761402269538482400,7.598482421875,9.760112762451172,0.05529109388589859,-0.07616554200649261
1761402269548564000,7.60856396484375,9.761908531188965,0.05072714760899544,-0.08245032280683517
1761402269558640600,7.618640625,9.76789379119873,0.055590372532606125,-0.09083002805709839
1761402269568725800,7.628725830078125,9.759513854980469,0.05312135070562363,-0.0884358286857605
1761402269578806500,7.638806640625,9.761982917785645,0.05192425101995468,-0.07646481692790985
1761402269588891000,7.648890869140625,9.772682189941406,0.055590372532606125,-0.08611644059419632
1761402269598969000,7.658968994140625,9.758392333984375,0.05312135070562363,-0.08245032280683517
1761402269609049600,7.669049560546875,9.757120132446289,0.04953004792332649,-0.08484452217817307
1761402269619105800,7.679105712890625,9.754800796508789,0.05671265348792076,-0.08604162186384201
1761402269629186800,7.689186767578125,9.765125274658203,0.05184943228960037,-0.08828619122505188
1761402269639293000,7.69929296875,9.755548477172852,0.06254851818084717,-0.09060557186603546
1761402269649374000,7.7093740234375,9.753229141235352,0.06254851818084717,-0.07743746042251587
1761402269659474700,7.719474609375,9.760336875915527,0.044666826725006104,-0.08469488471746445
1761402269669536800,7.729536865234375,9.762731552124023,0.05177461355924606,-0.08110358566045761
1761402269679613400,7.739613525390625,9.76632308959961,0.05184943228960037,-0.08828619122505188
1761402269689698800,7.74969873046875,9.747169494628906,0.05057751014828682,-0.08222586661577225
1761402269699779600,7.759779541015625,9.76632308959961,0.05184943228960037,-0.07990647852420807
1761402269709834800,7.769834716796875,9.751882553100586,0.046911388635635376,-0.08215104788541794
1761402269719941400,7.77994140625,9.758990287780762,0.056488197296857834,-0.08581716567277908
1761402269729996800,7.789996826171875,9.768567085266113,0.054168812930583954,-0.08581716567277908
1761402269740104000,7.80010400390625,9.760188102722168,0.04818331077694893,-0.08462006598711014
1761402269750180600,7.8101806640625,9.755474090576172,0.0528968945145607,-0.07624036073684692
1761402269760265500,7.820265380859375,9.757793426513672,0.05768529698252678,-0.08454524725675583
1761402269770347000,7.830346923828125,9.757793426513672,0.054168812930583954,-0.08933365345001221
1761402269780427500,7.840427490234375,9.764976501464844,0.054168812930583954,-0.0810287669301033
1761402269790509000,7.850509033203125,9.772682189941406,0.048407766968011856,-0.08132804185152054
1761402269800589600,7.860589599609375,9.754800796508789,0.05072714760899544,-0.08364742249250412
1761402269810667000,7.8706669921875,9.76909065246582,0.05439326912164688,-0.08364742249250412
1761402269820751400,7.88075146484375,9.76789379119873,0.05678747221827507,-0.08125322312116623
1761402269830833000,7.8908330078125,9.759589195251465,0.05072714760899544,-0.07885901629924774
1761402269840914200,7.9009140625,9.746420860290527,0.05424363166093826,-0.0751928985118866
1761402269861076500,7.921076416015625,9.758392333984375,0.04833294823765755,-0.07287351787090302
1761402269871157200,7.9311572265625,9.767669677734375,0.05304653197526932,-0.08117840439081192
1761402269881234400,7.941234375,9.758092880249023,0.05424363166093826,-0.08948329091072083
1761402269891319000,7.951319091796875,9.752107620239258,0.04945522919297218,-0.08589198440313339
1761402269901376500,7.96137646484375,9.767669677734375,0.05184943228960037,-0.07758709788322449
1761402269911481300,7.9714814453125,9.753304481506348,0.05656301602721214,-0.08110358566045761
1761402269921562000,7.98156201171875,9.756896018981934,0.05184943228960037,-0.08469488471746445
1761402269931643400,7.991643310546875,9.756896018981934,0.04825812950730324,-0.08708908408880234
1761402269941720300,8.00172021484375,9.749712944030762,0.05297171324491501,-0.08110358566045761
1761402269951805400,8.011805419921876,9.764976501464844,0.046986207365989685,-0.0810287669301033
1761402269961886200,8.02188623046875,9.766247749328613,0.0553659126162529,-0.07624036073684692
1761402269971967200,8.03196728515625,9.761384963989258,0.046986207365989685,-0.08222586661577225
1761402269982048500,8.042048583984375,9.763778686523438,0.054168812930583954,-0.08701426535844803
1761402269992129300,8.05212939453125,9.753080368041992,0.054093994200229645,-0.08215104788541794
1761402270002206700,8.062206787109375,9.758990287780762,0.056488197296857834,-0.08581716567277908
1761402270012291600,8.07229150390625,9.760188102722168,0.054168812930583954,-0.08342296630144119
1761402270022330400,8.082330322265625,9.767370223999023,0.04578910768032074,-0.07743746042251587
1761402270032453600,8.09245361328125,9.77021312713623,0.04953004792332649,-0.0776619166135788
1761402270042535000,8.102534912109375,9.7582426071167,0.05544073134660721,-0.08357260376214981
1761402270052616000,8.112615966796875,9.760636329650879,0.060229137539863586,-0.08476970344781876
1761402270062696700,8.12269677734375,9.753454208374023,0.05663783475756645,-0.08716390281915665
1761402270072774000,8.13277392578125,9.760636329650879,0.04953004792332649,-0.0859668031334877
1761402270082858800,8.142858642578124,9.75704574584961,0.05544073134660721,-0.08716390281915665
1761402270092940000,8.15293994140625,9.755847930908203,0.05184943228960037,-0.08357260376214981
1761402270103021000,8.16302099609375,9.766547203063965,0.04953004792332649,-0.08836100995540619
1761402270113094700,8.1730947265625,9.768866539001465,0.05663783475756645,-0.07998129725456238
1761402270123183000,8.18318310546875,9.766472816467285,0.04474164545536041,-0.08476970344781876
1761402270133260500,8.193260498046875,9.750909805297852,0.06135141849517822,-0.08469488471746445
1761402270143321000,8.203321044921875,9.768866539001465,0.05544073134660721,-0.0859668031334877
1761402270153426400,8.213426513671875,9.7628812789917,0.05424363166093826,-0.07758709788322449
1761402270163498800,8.223498779296875,9.768792152404785,0.05424363166093826,-0.08955810964107513
1761402270173588500,8.23358837890625,9.754501342773438,0.05304653197526932,-0.08230068534612656
1761402270183669500,8.24366943359375,9.7628812789917,0.05065232887864113,-0.08828619122505188
1761402270193750500,8.25375048828125,9.764227867126465,0.05551555007696152,-0.08237550407648087
1761402270203828000,8.263827880859376,9.765424728393555,0.057909753173589706,-0.08117840439081192
1761402270213912600,8.27391259765625,9.76781940460205,0.05312135070562363,-0.07646481692790985
1761402270223993900,8.283993896484375,9.755847930908203,0.04474164545536041,-0.08476970344781876
1761402270234074600,8.29407470703125,9.761834144592285,0.05192425101995468,-0.0859668031334877
1761402270244157200,8.3041572265625,9.767744064331055,0.05312135070562363,-0.09554360806941986
1761402270254215200,8.314215087890625,9.75704574584961,0.05065232887864113,-0.08117840439081192
1761402270264292600,8.324292724609375,9.7605619430542,0.05551555007696152,-0.08836100995540619
1761402270274398700,8.334398681640625,9.771261215209961,0.05192425101995468,-0.0859668031334877
1761402270284479700,8.344479736328125,9.758092880249023,0.05184943228960037,-0.0834977850317955
1761402270294561300,8.354561279296876,9.76168441772461,0.05184943228960037,-0.07758709788322449
1761402270304642000,8.36464208984375,9.7628812789917,0.05065232887864113,-0.07998129725456238
1761402270314723800,8.374723876953125,9.765275001525879,0.04825812950730324,-0.08237550407648087
1761402270324804600,8.3848046875,9.756896018981934,0.04825812950730324,-0.07870937883853912
1761402270334885600,8.3948857421875,9.756896018981934,0.04825812950730324,-0.08110358566045761
1761402270344967200,8.40496728515625,9.759289741516113,0.04825812950730324,-0.08589198440313339
1761402270355047000,8.415046875,9.755847930908203,0.05065232887864113,-0.08836100995540619
1761402270365128700,8.425128662109374,9.761834144592285,0.05903203412890434,-0.08237550407648087
1761402270375209200,8.435209228515625,9.7582426071167,0.05192425101995468,-0.08836100995540619
1761402270385290500,8.44529052734375,9.768941879272461,0.05551555007696152,-0.08723872154951096
1761402270395372000,8.4553720703125,9.75704574584961,0.0578349344432354,-0.08955810964107513
1761402270405427000,8.465427001953126,9.75704574584961,0.05903203412890434,-0.08237550407648087
1761402270415533800,8.475533935546874,9.754651069641113,0.044666826725006104,-0.07758709788322449
1761402270425593900,8.48559375,9.752257347106934,0.05424363166093826,-0.07399579882621765
1761402270435681000,8.495680908203125,9.753528594970703,0.05312135070562363,-0.08723872154951096
1761402270445751800,8.505751708984375,9.764302253723145,0.05551555007696152,-0.08723872154951096
1761402270455858700,8.515858642578126,9.759513854980469,0.05431845039129257,-0.08484452217817307
1761402270465938400,8.5259384765625,9.754800796508789,0.06150105595588684,-0.0752677172422409
1761402270475994400,8.535994384765624,9.76669692993164,0.05439326912164688,-0.08245032280683517
1761402270486101200,8.546101318359375,9.755997657775879,0.05312135070562363,-0.0776619166135788
1761402270496182000,8.55618212890625,9.760786056518555,0.05910685285925865,-0.07646481692790985
1761402270506263000,8.566262939453125,9.758316993713379,0.04833294823765755,-0.08963292837142944
1761402270516319000,8.576319091796876,9.768941879272461,0.05312135070562363,-0.08604162186384201
1761402270526405400,8.5864052734375,9.771410942077637,0.05431845039129257,-0.07885901629924774
1761402270536505900,8.596505859375,9.761758804321289,0.0471358448266983,-0.08716390281915665
1761402270546562000,8.60656201171875,9.768941879272461,0.05192425101995468,-0.09195230901241302
1761402270556668000,8.61666796875,9.763031005859375,0.05910685285925865,-0.08716390281915665
1761402270566749200,8.626749267578125,9.755847930908203,0.04474164545536041,-0.08357260376214981
1761402270576830200,8.636830322265626,9.760636329650879,0.05663783475756645,-0.07399579882621765
1761402270586911500,8.646911376953126,9.761834144592285,0.05072714760899544,-0.08117840439081192
1761402270596992300,8.6569921875,9.750835418701172,0.054168812930583954,-0.07983165979385376
1761402270607073500,8.667073486328125,9.760336875915527,0.049380410462617874,-0.07631517946720123
1761402270617154300,8.677154296875,9.759140014648438,0.04818331077694893,-0.08701426535844803
1761402270627210500,8.68721044921875,9.757943153381348,0.05057751014828682,-0.08701426535844803
1761402270637316600,8.697316650390626,9.762731552124023,0.04346972331404686,-0.08230068534612656
1761402270647397600,8.707397705078124,9.758017539978027,0.05177461355924606,-0.0727238729596138
1761402270657478700,8.717478759765624,9.7675199508667,0.05304653197526932,-0.07751227915287018
1761402270667537200,8.727537109375,9.772308349609375,0.05903203412890434,-0.07990647852420807
1761402270677640400,8.737640380859375,9.765350341796875,0.04953004792332649,-0.08476970344781876
1761402270687721700,8.7477216796875,9.760636329650879,0.04953004792332649,-0.07998129725456238
1761402270697802800,8.757802734375,9.763031005859375,0.05072714760899544,-0.08237550407648087
1761402270707883800,8.7678837890625,9.760636329650879,0.060229137539863586,-0.08117840439081192
1761402270717965000,8.777965087890625,9.7582426071167,0.04953004792332649,-0.08117840439081192
1761402270728042800,8.788042724609374,9.766622543334961,0.057909753173589706,-0.08476970344781876
1761402270738123000,8.798123046875,9.759439468383789,0.04953004792332649,-0.08237550407648087
1761402270748207400,8.808207275390625,9.76781940460205,0.057909753173589706,-0.08125322312116623
1761402270758289200,8.8182890625,9.766023635864258,0.0528968945145607,-0.08334814757108688
1761402270768366800,8.828366943359375,9.758915901184082,0.054093994200229645,-0.08215104788541794
1761402270778451200,8.838451171875,9.764901161193848,0.056488197296857834,-0.0785597413778305
1761402270788507600,8.848507568359375,9.758915901184082,0.0528968945145607,-0.08454524725675583
1761402270798613200,8.85861328125,9.756521224975586,0.04810849204659462,-0.08454524725675583
1761402270808694000,8.868694091796876,9.760038375854492,0.0528968945145607,-0.09053075313568115
1761402270818750200,8.878750244140624,9.756521224975586,0.049305591732263565,-0.07736264169216156
1761402270828856600,8.888856689453124,9.761309623718262,0.061276599764823914,-0.07496844232082367
1761402270838933500,8.89893359375,9.764302253723145,0.048407766968011856,-0.08125322312116623
1761402270848998100,8.908998046875,9.763105392456055,0.05312135070562363,-0.09083002805709839
1761402270859100200,8.91910009765625,9.76789379119873,0.057984571903944016,-0.08245032280683517
1761402270869180400,8.929180419921876,9.753528594970703,0.05072714760899544,-0.0884358286857605
1761402270879261700,8.93926171875,9.76909065246582,0.05439326912164688,-0.08484452217817307
1761402270889342500,8.949342529296874,9.754800796508789,0.04953004792332649,-0.0776619166135788
1761402270899420000,8.959419921875,9.759513854980469,0.05192425101995468,-0.08604162186384201
1761402270909504800,8.9695048828125,9.754800796508789,0.05671265348792076,-0.0752677172422409
1761402270919585800,8.979585693359375,9.754277229309082,0.05529109388589859,-0.08334814757108688
1761402270929641700,8.989641845703124,9.760188102722168,0.049380410462617874,-0.08701426535844803
1761402270939748000,8.999748046875,9.77096176147461,0.05177461355924606,-0.08342296630144119
1761402270949829000,9.0098291015625,9.755474090576172,0.05768529698252678,-0.08215104788541794
1761402270959883300,9.01988330078125,9.763778686523438,0.0553659126162529,-0.08342296630144119
1761402270969991400,9.029991455078125,9.759065628051758,0.049380410462617874,-0.07863456010818481
1761402270980046800,9.040046875,9.754201889038086,0.054093994200229645,-0.09292495250701904
1761402270990153000,9.050153076171876,9.760188102722168,0.04818331077694893,-0.08940847218036652
1761402271000234000,9.06023388671875,9.756896018981934,0.05424363166093826,-0.08469488471746445
1761402271010290000,9.0702900390625,9.764078140258789,0.05903203412890434,-0.08589198440313339
1761402271020396500,9.080396484375,9.753304481506348,0.05776011571288109,-0.07990647852420807
1761402271030473500,9.090473388671874,9.766472816467285,0.04354454204440117,-0.0859668031334877
1761402271040558300,9.100558349609376,9.764078140258789,0.0578349344432354,-0.07638999819755554
1761402271050614000,9.110614013671874,9.764078140258789,0.05903203412890434,-0.08357260376214981
1761402271060721000,9.120720947265625,9.759289741516113,0.044666826725006104,-0.08230068534612656
1761402271070801400,9.130801513671875,9.764078140258789,0.05304653197526932,-0.08476970344781876
1761402271080882400,9.14088232421875,9.764078140258789,0.05184943228960037,-0.07998129725456238
1761402271090959600,9.150959716796875,9.758092880249023,0.04825812950730324,-0.08708908408880234
1761402271101044500,9.16104443359375,9.754501342773438,0.05544073134660721,-0.08948329091072083
1761402271111125800,9.171125732421874,9.7628812789917,0.05184943228960037,-0.08948329091072083
1761402271121206800,9.181206787109375,9.753304481506348,0.04586392641067505,-0.08110358566045761
1761402271131287800,9.191287841796875,9.760486602783203,0.05184943228960037,-0.0834977850317955
1761402271141368600,9.20136865234375,9.767669677734375,0.04945522919297218,-0.07878419756889343
1761402271151425000,9.211425048828126,9.759289741516113,0.04825812950730324,-0.09187749028205872
1761402271161527300,9.22152734375,9.761459350585938,0.0553659126162529,-0.07863456010818481
1761402271171589600,9.231589599609375,9.762581825256348,0.04818331077694893,-0.07983165979385376
1761402271181693200,9.241693115234375,9.766173362731934,0.04818331077694893,-0.09060557186603546
1761402271191774000,9.25177392578125,9.762581825256348,0.05177461355924606,-0.08222586661577225
1761402271201831200,9.2618310546875,9.763778686523438,0.04818331077694893,-0.07743746042251587
1761402271211936000,9.27193603515625,9.760188102722168,0.049380410462617874,-0.08222586661577225
1761402271222013400,9.282013427734375,9.754201889038086,0.061276599764823914,-0.09053075313568115
1761402271232098300,9.292098388671874,9.759065628051758,0.05768529698252678,-0.07384616136550903
1761402271242179300,9.302179443359375,9.767669677734375,0.05424363166093826,-0.07998129725456238
1761402271252260400,9.31226025390625,9.76168441772461,0.05544073134660721,-0.07399579882621765
1761402271262341400,9.32234130859375,9.766472816467285,0.04586392641067505,-0.07998129725456238
1761402271272422400,9.33242236328125,9.754501342773438,0.04825812950730324,-0.07511807978153229
1761402271282499600,9.34249951171875,9.7628812789917,0.05424363166093826,-0.08469488471746445
1761402271292584400,9.35258447265625,9.760486602783203,0.05184943228960037,-0.08708908408880234
1761402271302665700,9.362665771484375,9.758092880249023,0.05424363166093826,-0.07751227915287018
1761402271312721700,9.3727216796875,9.760486602783203,0.04945522919297218,-0.08589198440313339
1761402271322828300,9.382828369140626,9.768567085266113,0.05177461355924606,-0.07863456010818481
1761402271332909000,9.392908935546876,9.760188102722168,0.054168812930583954,-0.08462006598711014
1761402271342972000,9.402971923828124,9.762581825256348,0.05297171324491501,-0.09060557186603546
1761402271353066500,9.41306640625,9.756670951843262,0.05050269141793251,-0.07743746042251587
1761402271363133400,9.423133544921875,9.757868766784668,0.05057751014828682,-0.07983165979385376
1761402271373232600,9.433232666015625,9.756670951843262,0.0528968945145607,-0.07983165979385376
1761402271383314000,9.44331396484375,9.761384963989258,0.046986207365989685,-0.08821137249469757
1761402271393395000,9.45339501953125,9.761384963989258,0.054168812930583954,-0.0810287669301033
1761402271403484700,9.463484619140624,9.746271133422852,0.047061026096343994,-0.07998129725456238
1761402271413553200,9.47355322265625,9.75704574584961,0.05184943228960037,-0.08716390281915665
1761402271423638000,9.483637939453125,9.764153480529785,0.05431845039129257,-0.09314940869808197
1761402271433719000,9.493718994140625,9.764227867126465,0.057909753173589706,-0.07407061755657196
1761402271443780600,9.503780517578125,9.765350341796875,0.0471358448266983,-0.08716390281915665
1761402271453873000,9.513872802734374,9.764153480529785,0.05192425101995468,-0.08955810964107513
1761402271463962600,9.523962646484375,9.766622543334961,0.05551555007696152,-0.08005611598491669
1761402271474043100,9.534043212890625,9.75704574584961,0.05903203412890434,-0.08836100995540619
1761402271484120600,9.54412060546875,9.7628812789917,0.05544073134660721,-0.08589198440313339
1761402271494205400,9.554205322265625,9.758092880249023,0.05544073134660721,-0.08230068534612656
1761402271504286500,9.564286376953126,9.760486602783203,0.06142623722553253,-0.07751227915287018
1761402271514369500,9.57436962890625,9.764078140258789,0.05903203412890434,-0.08589198440313339
1761402271524448800,9.58444873046875,9.759289741516113,0.05184943228960037,-0.09068039059638977
1761402271534529500,9.594529541015625,9.749712944030762,0.058957215398550034,-0.0834977850317955
1761402271544612400,9.6046123046875,9.766472816467285,0.0578349344432354,-0.08836100995540619
1761402271554691800,9.61469189453125,9.767669677734375,0.06262333691120148,-0.08237550407648087
1761402271564772600,9.624772705078126,9.757793426513672,0.056488197296857834,-0.08222586661577225
1761402271574854400,9.6348544921875,9.768567085266113,0.05297171324491501,-0.08222586661577225
1761402271584934700,9.6449345703125,9.760188102722168,0.05177461355924606,-0.08462006598711014
1761402271595016000,9.655015869140625,9.764976501464844,0.06015431880950928,-0.07983165979385376
1761402271605098000,9.665097900390625,9.7721586227417,0.05656301602721214,-0.0918026715517044
1761402271615177700,9.675177734375,9.760188102722168,0.0553659126162529,-0.08222586661577225
1761402271625259300,9.68525927734375,9.764976501464844,0.05177461355924606,-0.08701426535844803
1761402271635340500,9.695340576171875,9.755399703979492,0.0528968945145607,-0.08693944662809372
1761402271645421600,9.705421630859375,9.761384963989258,0.05177461355924606,-0.08581716567277908
1761402271655480300,9.715480224609376,9.755399703979492,0.05050269141793251,-0.08454524725675583
1761402271665557800,9.725557861328125,9.759065628051758,0.05768529698252678,-0.07504326105117798
1761402271675639300,9.735639404296874,9.760188102722168,0.04339490458369255,-0.08581716567277908
1761402271685720000,9.745719970703124,9.763778686523438,0.04818331077694893,-0.08222586661577225
1761402271695802600,9.755802734375,9.761384963989258,0.06254851818084717,-0.09053075313568115
1761402271705908000,9.765907958984375,9.764976501464844,0.05297171324491501,-0.08821137249469757
1761402271715988500,9.775988525390625,9.757793426513672,0.054093994200229645,-0.08462006598711014
1761402271726069500,9.786069580078125,9.765275001525879,0.05544073134660721,-0.07998129725456238
1761402271736151000,9.796151123046876,9.767669677734375,0.05065232887864113,-0.07399579882621765
1761402271746232300,9.806232421875,9.764078140258789,0.04586392641067505,-0.0859668031334877
1761402271756312300,9.816312255859375,9.76400375366211,0.04825812950730324,-0.09187749028205872
1761402271766367700,9.82636767578125,9.760486602783203,0.04945522919297218,-0.07998129725456238
1761402271776474600,9.836474609375,9.759289741516113,0.04945522919297218,-0.07751227915287018
1761402271786556000,9.846555908203126,9.764078140258789,0.05424363166093826,-0.07638999819755554
1761402271796637000,9.856636962890626,9.759289741516113,0.04945522919297218,-0.09068039059638977
1761402271806692600,9.866692626953125,9.762731552124023,0.05065232887864113,-0.08828619122505188
1761402271816773600,9.876773681640625,9.772308349609375,0.05304653197526932,-0.08589198440313339
1761402271826880000,9.8868798828125,9.762731552124023,0.04825812950730324,-0.08589198440313339
1761402271836961000,9.8969609375,9.760336875915527,0.04578910768032074,-0.07751227915287018
1761402271847043000,9.90704296875,9.76632308959961,0.04586392641067505,-0.07990647852420807
1761402271857123000,9.917123046875,9.765125274658203,0.06254851818084717,-0.08230068534612656
1761402271867204900,9.927204833984375,9.76632308959961,0.047061026096343994,-0.08469488471746445
1761402271877289700,9.937289794921876,9.765125274658203,0.058957215398550034,-0.08230068534612656
1761402271887366000,9.947365966796875,9.761534690856934,0.054168812930583954,-0.08589198440313339
1761402271897447400,9.957447509765625,9.759140014648438,0.04578910768032074,-0.08230068534612656
1761402271907528400,9.967528564453126,9.762731552124023,0.05177461355924606,-0.08110358566045761
1761402271917609500,9.977609375,9.760336875915527,0.04818331077694893,-0.07511807978153229
1761402271927690200,9.987690185546874,9.753154754638672,0.054168812930583954,-0.08821137249469757
1761402271937771500,9.997771484375,9.759140014648438,0.0553659126162529,-0.07990647852420807
1761402271947864000,10.007864013671876,9.765125274658203,0.05304653197526932,-0.08230068534612656
1761402271957908700,10.01790869140625,9.762731552124023,0.04825812950730324,-0.08589198440313339
1761402271968012800,10.0280126953125,9.75704574584961,0.05663783475756645,-0.08237550407648087
1761402271978091500,10.038091552734375,9.765424728393555,0.05910685285925865,-0.08476970344781876
1761402271988173300,10.04817333984375,9.7582426071167,0.0578349344432354,-0.08836100995540619
1761402271998257700,10.058257568359375,9.7605619430542,0.05192425101995468,-0.08836100995540619
1761402272008338700,10.068338623046875,9.752257347106934,0.05544073134660721,-0.08237550407648087
1761402272018420000,10.078419921875,9.7605619430542,0.05431845039129257,-0.08836100995540619
1761402272028500700,10.088500732421876,9.76781940460205,0.05671265348792076,-0.08125322312116623
1761402272038538200,10.098538330078124,9.7582426071167,0.05424363166093826,-0.08117840439081192
1761402272048619800,10.108619873046875,9.759289741516113,0.04586392641067505,-0.07878419756889343
1761402272058744300,10.118744384765625,9.769989013671875,0.05312135070562363,-0.08836100995540619
1761402272068825900,10.128825927734376,9.764078140258789,0.0578349344432354,-0.08357260376214981
1761402272078906600,10.13890673828125,9.7628812789917,0.04825812950730324,-0.0859668031334877
1761402272088961500,10.14896142578125,9.765275001525879,0.047061026096343994,-0.08357260376214981
1761402272099068700,10.159068603515625,9.759289741516113,0.05903203412890434,-0.08230068534612656
1761402272109149700,10.169149658203125,9.753304481506348,0.04945522919297218,-0.08948329091072083
1761402272119186000,10.17918603515625,9.759289741516113,0.04945522919297218,-0.07751227915287018
1761402272129311700,10.189311767578126,9.76168441772461,0.04586392641067505,-0.08469488471746445
1761402272139392300,10.199392333984376,9.755698204040527,0.058957215398550034,-0.08230068534612656
1761402272149474000,10.20947412109375,9.76168441772461,0.04945522919297218,-0.08708908408880234
1761402272159554300,10.21955419921875,9.760486602783203,0.05663783475756645,-0.0834977850317955
1761402272169635600,10.229635498046875,9.758092880249023,0.05065232887864113,-0.0834977850317955
1761402272179713000,10.239713134765625,9.750909805297852,0.05057751014828682,-0.08589198440313339
1761402272189797400,10.24979736328125,9.760486602783203,0.05424363166093826,-0.0834977850317955
1761402272199879200,10.259879150390624,9.758092880249023,0.05065232887864113,-0.08230068534612656
1761402272209960000,10.2699599609375,9.76168441772461,0.05903203412890434,-0.08469488471746445
1761402272220040700,10.280040771484375,9.7628812789917,0.06382043659687042,-0.08469488471746445
1761402272230121700,10.290121826171875,9.767669677734375,0.05663783475756645,-0.08476970344781876
1761402272240199000,10.300198974609375,9.7652006149292,0.05663783475756645,-0.09187749028205872
1761402272250283800,10.31028369140625,9.770063400268555,0.04593874514102936,-0.07040449231863022
1761402272260364800,10.32036474609375,9.76168441772461,0.05424363166093826,-0.08230068534612656
1761402272270446000,10.330446044921874,9.759289741516113,0.06262333691120148,-0.08110358566045761
1761402272280526800,10.34052685546875,9.756896018981934,0.05184943228960037,-0.09187749028205872
1761402272290608400,10.3506083984375,9.754501342773438,0.04945522919297218,-0.08589198440313339
1761402272300689200,10.360689208984375,9.756896018981934,0.05544073134660721,-0.08230068534612656
1761402272310766300,10.370766357421875,9.758092880249023,0.04825812950730324,-0.08469488471746445
1761402272320851500,10.3808515625,9.761609077453613,0.04107552394270897,-0.08948329091072083
1761402272330932200,10.39093212890625,9.765275001525879,0.05903203412890434,-0.08117840439081192
1761402272340989700,10.40098974609375,9.758092880249023,0.05184943228960037,-0.08110358566045761
1761402272351094300,10.41109423828125,9.765275001525879,0.05065232887864113,-0.08117840439081192
1761402272361175300,10.42117529296875,9.765275001525879,0.0578349344432354,-0.08237550407648087
1761402272371252500,10.43125244140625,9.756896018981934,0.04825812950730324,-0.09307458996772766
1761402272381329200,10.4413291015625,9.758092880249023,0.05304653197526932,-0.08230068534612656
1761402272391393300,10.451393310546875,9.749712944030762,0.0553659126162529,-0.0834977850317955
1761402272401499400,10.46149951171875,9.756896018981934,0.05065232887864113,-0.07990647852420807
1761402272411580700,10.47158056640625,9.755698204040527,0.05065232887864113,-0.08948329091072083
1761402272421661400,10.481661376953125,9.768866539001465,0.05544073134660721,-0.08836100995540619
1761402272431742700,10.49174267578125,9.7628812789917,0.05544073134660721,-0.08948329091072083
1761402272441819400,10.5018193359375,9.758092880249023,0.05184943228960037,-0.07870937883853912
1761402272451904800,10.51190478515625,9.77096176147461,0.04818331077694893,-0.09299977123737335
1761402272461985800,10.52198583984375,9.761384963989258,0.04578910768032074,-0.08821137249469757
1761402272472042000,10.5320419921875,9.760188102722168,0.049380410462617874,-0.08462006598711014
1761402272482148000,10.542148193359376,9.754277229309082,0.058882396668195724,-0.08215104788541794
1761402272492204300,10.552204345703124,9.760188102722168,0.05057751014828682,-0.08821137249469757
1761402272502305800,10.562305908203125,9.761459350585938,0.05057751014828682,-0.07743746042251587
1761402272512391400,10.572391357421875,9.757793426513672,0.04339490458369255,-0.08701426535844803
1761402272522472200,10.58247216796875,9.768567085266113,0.0553659126162529,-0.0810287669301033
1761402272532537600,10.59253759765625,9.766472816467285,0.060229137539863586,-0.07638999819755554
1761402272542634200,10.60263427734375,9.770063400268555,0.05663783475756645,-0.07758709788322449
1761402272552715300,10.61271533203125,9.764078140258789,0.05184943228960037,-0.07399579882621765
1761402272562792200,10.622792236328126,9.76168441772461,0.04945522919297218,-0.07998129725456238
1761402272572877300,10.632877197265625,9.760486602783203,0.05544073134660721,-0.0834977850317955
1761402272582958300,10.642958251953125,9.770063400268555,0.05663783475756645,-0.07638999819755554
1761402272593039400,10.653039306640625,9.760486602783203,0.060229137539863586,-0.0727986991405487
1761402272603120400,10.663120361328126,9.759289741516113,0.05184943228960037,-0.08708908408880234
1761402272613201700,10.67320166015625,9.76901626586914,0.05431845039129257,-0.08005611598491669
1761402272623282700,10.68328271484375,9.754651069641113,0.05903203412890434,-0.0859668031334877
1761402272633359600,10.693359619140624,9.766622543334961,0.04953004792332649,-0.08005611598491669
1761402272643405800,10.70340576171875,9.760636329650879,0.05072714760899544,-0.08117840439081192
1761402272653483000,10.71348291015625,9.759439468383789,0.05312135070562363,-0.08716390281915665
1761402272663607000,10.72360693359375,9.7605619430542,0.05551555007696152,-0.08955810964107513
1761402272673667300,10.733667236328126,9.752257347106934,0.0578349344432354,-0.08476970344781876
1761402272683768800,10.743768798828125,9.766622543334961,0.05192425101995468,-0.08245032280683517
1761402272693845500,10.753845458984374,9.7628812789917,0.04945522919297218,-0.08357260376214981
1761402272703931100,10.76393115234375,9.758092880249023,0.05903203412890434,-0.07511807978153229
1761402272714012200,10.77401220703125,9.765275001525879,0.05424363166093826,-0.08357260376214981
1761402272724083200,10.784083251953126,9.76168441772461,0.05065232887864113,-0.0834977850317955
1761402272734174000,10.794174072265625,9.753304481506348,0.05424363166093826,-0.08469488471746445
1761402272744230100,10.804230224609375,9.770063400268555,0.05072714760899544,-0.08476970344781876
1761402272754336000,10.8143359375,9.749712944030762,0.05297171324491501,-0.0834977850317955
1761402272764392700,10.824392822265626,9.766472816467285,0.04825812950730324,-0.0859668031334877
1761402272774476500,10.8344765625,9.758990287780762,0.046986207365989685,-0.08462006598711014
1761402272784579600,10.84457958984375,9.762581825256348,0.05656301602721214,-0.07983165979385376
1761402272794660400,10.854660400390625,9.755474090576172,0.054093994200229645,-0.07863456010818481
1761402272804741600,10.86474169921875,9.748291969299316,0.051699791103601456,-0.07736264169216156
1761402272814822400,10.874822509765625,9.760188102722168,0.044592007994651794,-0.08581716567277908
1761402272824904000,10.884904052734376,9.756670951843262,0.054093994200229645,-0.0810287669301033
1761402272834984700,10.894984619140626,9.762581825256348,0.05297171324491501,-0.08222586661577225
1761402272845066200,10.905066162109375,9.776947021484375,0.05656301602721214,-0.07870937883853912
1761402272855146800,10.915146728515625,9.75704574584961,0.05065232887864113,-0.08117840439081192
1761402272865227500,10.9252275390625,9.766622543334961,0.0471358448266983,-0.08005611598491669
1761402272875284700,10.93528466796875,9.759439468383789,0.05663783475756645,-0.08117840439081192
1761402272885390300,10.945390380859376,9.751059532165527,0.05184943228960037,-0.0859668031334877
1761402272895471000,10.95547119140625,9.768941879272461,0.05192425101995468,-0.08364742249250412
1761402272905552100,10.96555224609375,9.753454208374023,0.05663783475756645,-0.08237550407648087
1761402272915604000,10.97560400390625,9.76901626586914,0.05072714760899544,-0.07646481692790985
1761402272925689000,10.985689208984375,9.760636329650879,0.05903203412890434,-0.08476970344781876
1761402272935795000,10.995794921875,9.763928413391113,0.058957215398550034,-0.07631517946720123
1761402272945851600,11.0058515625,9.754351615905762,0.05057751014828682,-0.08581716567277908
1761402272955957800,11.015957763671874,9.759140014648438,0.05297171324491501,-0.07990647852420807
1761402272966038000,11.0260380859375,9.757943153381348,0.058957215398550034,-0.08701426535844803
1761402272976119300,11.036119384765625,9.765125274658203,0.04945522919297218,-0.08948329091072083
1761402272986200300,11.046200439453125,9.76632308959961,0.05304653197526932,-0.08948329091072083
1761402272996281300,11.05628125,9.769913673400879,0.04945522919297218,-0.07990647852420807
1761402273006362600,11.066362548828126,9.762731552124023,0.05656301602721214,-0.0834977850317955
1761402273016444000,11.07644384765625,9.760711669921875,0.05192425101995468,-0.08963292837142944
1761402273026524700,11.086524658203125,9.759589195251465,0.06269815564155579,-0.07646481692790985
1761402273036605400,11.09660546875,9.764302253723145,0.05199906975030899,-0.08723872154951096
1761402273046687500,11.1066875,9.761982917785645,0.04953004792332649,-0.07646481692790985
1761402273056760300,11.11676025390625,9.763105392456055,0.05910685285925865,-0.08723872154951096
1761402273066804000,11.126803955078126,9.772682189941406,0.05439326912164688,-0.08611644059419632
1761402273076929800,11.1369296875,9.76318073272705,0.05551555007696152,-0.08125322312116623
1761402273086985500,11.1469853515625,9.76909065246582,0.04721066355705261,-0.08252514153718948
1761402273097092400,11.15709228515625,9.748291969299316,0.049305591732263565,-0.0785597413778305
1761402273107173400,11.16717333984375,9.768567085266113,0.05177461355924606,-0.08342296630144119
1761402273117254000,11.17725390625,9.756670951843262,0.056488197296857834,-0.08215104788541794
1761402273127335000,11.1873349609375,9.757793426513672,0.05768529698252678,-0.0917278528213501
1761402273137416000,11.197416015625,9.756596565246582,0.054093994200229645,-0.08693944662809372
1761402273147497200,11.207497314453125,9.763778686523438,0.0553659126162529,-0.08821137249469757
1761402273157578000,11.217577880859375,9.763778686523438,0.04578910768032074,-0.07863456010818481
1761402273167659300,11.2276591796875,9.754277229309082,0.046911388635635376,-0.07983165979385376
1761402273177740000,11.237739990234376,9.758092880249023,0.05065232887864113,-0.08589198440313339
1761402273187821000,11.247821044921874,9.759289741516113,0.05184943228960037,-0.08110358566045761
1761402273197902300,11.25790234375,9.760486602783203,0.05184943228960037,-0.0834977850317955
1761402273207987500,11.267987548828126,9.765275001525879,0.05065232887864113,-0.08117840439081192
1761402273218060500,11.278060546875,9.756896018981934,0.05663783475756645,-0.08708908408880234
1761402273228141300,11.288141357421875,9.758092880249023,0.05663783475756645,-0.08230068534612656
1761402273238229800,11.298229736328125,9.760486602783203,0.03868132084608078,-0.07998129725456238
1761402273248288500,11.30828857421875,9.758092880249023,0.05184943228960037,-0.07990647852420807
1761402273258374700,11.318374755859375,9.765275001525879,0.060229137539863586,-0.08589198440313339
1761402273268466200,11.328466064453124,9.772382736206055,0.05192425101995468,-0.0859668031334877
1761402273278551300,11.33855126953125,9.752107620239258,0.054168812930583954,-0.07751227915287018
1761402273288631800,11.3486318359375,9.759289741516113,0.042272623628377914,-0.08589198440313339
1761402273298712800,11.358712890625,9.759289741516113,0.05544073134660721,-0.07990647852420807
1761402273308773000,11.368773193359376,9.7652006149292,0.04354454204440117,-0.08836100995540619
1761402273318875100,11.378875244140625,9.764078140258789,0.05304653197526932,-0.08117840439081192
1761402273328951600,11.38895166015625,9.758092880249023,0.05544073134660721,-0.08589198440313339
1761402273339037200,11.399037109375,9.763778686523438,0.05297171324491501,-0.08701426535844803
1761402273349119500,11.409119384765624,9.756670951843262,0.05768529698252678,-0.07264905422925949
1761402273359199500,11.419199462890624,9.763778686523438,0.046986207365989685,-0.0810287669301033
1761402273369280500,11.429280517578125,9.764976501464844,0.049380410462617874,-0.08581716567277908
1761402273379361800,11.43936181640625,9.763778686523438,0.049380410462617874,-0.0918026715517044
1761402273389418800,11.449418701171876,9.756596565246582,0.04818331077694893,-0.08693944662809372
1761402273399519500,11.45951953125,9.766173362731934,0.04818331077694893,-0.08940847218036652
1761402273409604900,11.46960498046875,9.757793426513672,0.0528968945145607,-0.08222586661577225
1761402273419685000,11.47968505859375,9.754501342773438,0.05656301602721214,-0.08230068534612656
1761402273429767000,11.489766845703125,9.758092880249023,0.05424363166093826,-0.07990647852420807
1761402273439826400,11.499826416015624,9.771185874938965,0.04833294823765755,-0.08716390281915665
1761402273449929200,11.50992919921875,9.760486602783203,0.04586392641067505,-0.08117840439081192
1761402273460005400,11.52000537109375,9.756896018981934,0.05184943228960037,-0.0834977850317955
1761402273470090200,11.53009033203125,9.770063400268555,0.05424363166093826,-0.08357260376214981
1761402273480172000,11.540172119140625,9.753304481506348,0.05065232887864113,-0.08828619122505188
1761402273490252800,11.550252685546875,9.758092880249023,0.04107552394270897,-0.08589198440313339
1761402273500334300,11.560334228515625,9.75704574584961,0.042347442358732224,-0.08357260376214981
1761402273510415000,11.5704150390625,9.761758804321289,0.05312135070562363,-0.08836100995540619
1761402273520470300,11.58047021484375,9.754651069641113,0.047061026096343994,-0.08476970344781876
1761402273530577000,11.590576904296874,9.760636329650879,0.0578349344432354,-0.08237550407648087
1761402273540658000,11.600657958984375,9.763031005859375,0.057909753173589706,-0.08476970344781876
1761402273550711300,11.610711181640625,9.758167266845703,0.04593874514102936,-0.08955810964107513
1761402273560799000,11.620799072265624,9.753454208374023,0.04107552394270897,-0.07998129725456238
1761402273570901000,11.63090087890625,9.759439468383789,0.05072714760899544,-0.07998129725456238
1761402273580982500,11.640982421875,9.766173362731934,0.04818331077694893,-0.07983165979385376
1761402273591059200,11.65105908203125,9.754201889038086,0.05050269141793251,-0.08813655376434326
1761402273601124900,11.661124755859374,9.751882553100586,0.0528968945145607,-0.07736264169216156
1761402273611225600,11.6712255859375,9.743502616882324,0.05529109388589859,-0.08095394819974899
1761402273621306600,11.681306640625,9.758990287780762,0.0553659126162529,-0.08342296630144119
1761402273631387400,11.691387451171876,9.764976501464844,0.05057751014828682,-0.07983165979385376
1761402273641425400,11.70142529296875,9.760188102722168,0.049380410462617874,-0.08222586661577225
1761402273651545900,11.7115458984375,9.762581825256348,0.04578910768032074,-0.08462006598711014
1761402273661605000,11.721605224609375,9.757943153381348,0.04346972331404686,-0.09299977123737335
1761402273671711700,11.731711669921875,9.751957893371582,0.042197804898023605,-0.08581716567277908
1761402273681792300,11.741792236328125,9.7675199508667,0.058957215398550034,-0.07631517946720123
1761402273691873500,11.75187353515625,9.763928413391113,0.054168812930583954,-0.0834977850317955
1761402273701955300,11.761955322265624,9.762731552124023,0.05065232887864113,-0.08469488471746445
1761402273712035600,11.77203564453125,9.765125274658203,0.05424363166093826,-0.08589198440313339
1761402273722113000,11.782113037109376,9.759140014648438,0.05177461355924606,-0.08701426535844803
1761402273732197400,11.792197265625,9.762731552124023,0.06254851818084717,-0.07870937883853912
1761402273742279000,11.80227880859375,9.760486602783203,0.05184943228960037,-0.08589198440313339
1761402273752359400,11.812359375,9.758092880249023,0.05304653197526932,-0.08230068534612656
1761402273762441000,11.82244091796875,9.770063400268555,0.05192425101995468,-0.0859668031334877
1761402273772497000,11.832496826171875,9.766472816467285,0.060229137539863586,-0.08357260376214981
1761402273782599700,11.842599609375,9.768866539001465,0.05663783475756645,-0.08237550407648087
1761402273792683800,11.852683837890625,9.753304481506348,0.05065232887864113,-0.08469488471746445
1761402273802740200,11.862740234375,9.759289741516113,0.0578349344432354,-0.07990647852420807
1761402273812846600,11.8728466796875,9.77245807647705,0.05072714760899544,-0.08117840439081192
1761402273822926800,11.8829267578125,9.753304481506348,0.058957215398550034,-0.07990647852420807
1761402273833008000,11.893008056640625,9.756896018981934,0.03868132084608078,-0.08230068534612656
1761402273843064000,11.90306396484375,9.7628812789917,0.04825812950730324,-0.0859668031334877
1761402273853170200,11.913170166015625,9.756896018981934,0.04825812950730324,-0.08469488471746445
1761402273863251500,11.92325146484375,9.77485179901123,0.05431845039129257,-0.07998129725456238
1761402273873332200,11.933332275390624,9.760486602783203,0.05424363166093826,-0.0727986991405487
1761402273883413200,11.943413330078124,9.758092880249023,0.04945522919297218,-0.08230068534612656
1761402273893494300,11.953494384765625,9.766472816467285,0.05184943228960037,-0.08357260376214981
1761402273903575600,11.963575439453125,9.766173362731934,0.05297171324491501,-0.08342296630144119
1761402273913652700,11.97365283203125,9.757868766784668,0.049380410462617874,-0.07863456010818481
1761402273923737900,11.98373779296875,9.764976501464844,0.054168812930583954,-0.0810287669301033
1761402273933818600,11.993818603515624,9.751882553100586,0.05768529698252678,-0.0785597413778305
1761402273943874000,12.0038740234375,9.760188102722168,0.05297171324491501,-0.09060557186603546
1761402273953940200,12.013940185546875,9.757793426513672,0.049380410462617874,-0.08813655376434326
1761402273964061700,12.024061767578125,9.766173362731934,0.05057751014828682,-0.08222586661577225
1761402273974139400,12.034139404296875,9.763778686523438,0.0553659126162529,-0.08701426535844803
1761402273984203000,12.044203125,9.766472816467285,0.04586392641067505,-0.07998129725456238
1761402273994305000,12.054304931640624,9.767669677734375,0.060229137539863586,-0.08836100995540619
1761402274004386000,12.064385986328125,9.760486602783203,0.05184943228960037,-0.07990647852420807
1761402274014466600,12.074466552734375,9.770063400268555,0.05663783475756645,-0.08357260376214981
1761402274024513500,12.084513427734375,9.755698204040527,0.05776011571288109,-0.07751227915287018
1761402274034628600,12.094628662109375,9.7628812789917,0.05424363166093826,-0.07998129725456238
1761402274044685600,12.104685546875,9.765275001525879,0.05663783475756645,-0.08237550407648087
1761402274054791000,12.114791015625,9.768866539001465,0.04833294823765755,-0.08237550407648087
1761402274064872000,12.124871826171875,9.754651069641113,0.05304653197526932,-0.07638999819755554
1761402274074953200,12.134953125,9.755847930908203,0.05424363166093826,-0.0751928985118866
1761402274085034200,12.1450341796875,9.7582426071167,0.0578349344432354,-0.08117840439081192
1761402274095115300,12.155115234375,9.762955665588379,0.04833294823765755,-0.08716390281915665
1761402274105197000,12.165197021484374,9.768941879272461,0.05671265348792076,-0.08484452217817307
1761402274115277300,12.17527734375,9.754651069641113,0.047061026096343994,-0.07878419756889343
1761402274125358300,12.1853583984375,9.754651069641113,0.05424363166093826,-0.08955810964107513
1761402274135439600,12.195439697265625,9.751059532165527,0.05184943228960037,-0.08237550407648087
1761402274145503000,12.2055029296875,9.76976490020752,0.05297171324491501,-0.08222586661577225
1761402274155602000,12.215601806640626,9.762581825256348,0.054168812930583954,-0.08222586661577225
1761402274165682700,12.2256826171875,9.759065628051758,0.061276599764823914,-0.07983165979385376
1761402274175738400,12.23573828125,9.766173362731934,0.054168812930583954,-0.08342296630144119
1761402274185844700,12.2458447265625,9.76976490020752,0.04578910768032074,-0.08222586661577225
1761402274195903000,12.255903076171874,9.762581825256348,0.05297171324491501,-0.07863456010818481
1761402274206007000,12.266007080078126,9.758990287780762,0.05297171324491501,-0.08222586661577225
1761402274216088000,12.276088134765626,9.762581825256348,0.05177461355924606,-0.08821137249469757
1761402274226168800,12.2861689453125,9.756896018981934,0.05304653197526932,-0.07511807978153229
1761402274236249900,12.296249755859375,9.760486602783203,0.05544073134660721,-0.09068039059638977
1761402274246331600,12.30633154296875,9.752107620239258,0.05065232887864113,-0.09068039059638977
1761402274256412000,12.316411865234375,9.766472816467285,0.047061026096343994,-0.07878419756889343
1761402274266493200,12.3264931640625,9.7628812789917,0.04586392641067505,-0.0751928985118866
1761402274276573700,12.33657373046875,9.76168441772461,0.04945522919297218,-0.07878419756889343
1761402274286655200,12.3466552734375,9.76168441772461,0.04825812950730324,-0.08469488471746445
1761402274296736800,12.35673681640625,9.767669677734375,0.05903203412890434,-0.07878419756889343
1761402274306817300,12.3668173828125,9.766173362731934,0.04578910768032074,-0.08462006598711014
1761402274316898300,12.376898193359375,9.761384963989258,0.044592007994651794,-0.09060557186603546
1761402274326979600,12.3869794921875,9.77096176147461,0.04818331077694893,-0.08342296630144119
1761402274337015300,12.397015380859376,9.756670951843262,0.044592007994651794,-0.07743746042251587
1761402274347142400,12.407142333984375,9.774553298950195,0.04945522919297218,-0.08110358566045761
1761402274357198000,12.417197998046875,9.758990287780762,0.05297171324491501,-0.08581716567277908
1761402274367279000,12.427279052734375,9.761384963989258,0.04578910768032074,-0.08581716567277908
1761402274377384200,12.43738427734375,9.758990287780762,0.05177461355924606,-0.08462006598711014
1761402274387466000,12.447466064453126,9.761384963989258,0.049380410462617874,-0.07983165979385376
1761402274397546500,12.45754638671875,9.759065628051758,0.05768529698252678,-0.07863456010818481
1761402274407628000,12.4676279296875,9.760262489318848,0.05177461355924606,-0.07743746042251587
1761402274417709000,12.477708984375,9.756670951843262,0.05050269141793251,-0.07863456010818481
1761402274427754800,12.487754638671875,9.758990287780762,0.05297171324491501,-0.08821137249469757
1761402274437870600,12.49787060546875,9.763778686523438,0.04818331077694893,-0.0810287669301033
1761402274447946200,12.5079462890625,9.755399703979492,0.058882396668195724,-0.08334814757108688
1761402274458008800,12.5180087890625,9.757868766784668,0.046986207365989685,-0.07624036073684692
1761402274468110000,12.528110107421876,9.765350341796875,0.04354454204440117,-0.08723872154951096
1761402274478191600,12.538191650390624,9.761758804321289,0.04953004792332649,-0.08955810964107513
1761402274488276500,12.5482763671875,9.761834144592285,0.05312135070562363,-0.08357260376214981
1761402274498357000,12.55835693359375,9.755847930908203,0.04593874514102936,-0.08237550407648087
1761402274508438000,12.56843798828125,9.75704574584961,0.05184943228960037,-0.08237550407648087
1761402274518519600,12.57851953125,9.760636329650879,0.05312135070562363,-0.07998129725456238
1761402274528600000,12.58860009765625,9.760636329650879,0.05431845039129257,-0.0859668031334877
1761402274538681600,12.598681640625,9.765424728393555,0.05312135070562363,-0.07646481692790985
1761402274548758500,12.608758544921875,9.755997657775879,0.05910685285925865,-0.08484452217817307
1761402274558844000,12.618843994140626,9.763105392456055,0.05431845039129257,-0.08364742249250412
1761402274568924700,12.628924560546874,9.757194519042969,0.06150105595588684,-0.07885901629924774
1761402274579005200,12.639005126953125,9.758316993713379,0.05551555007696152,-0.08604162186384201
1761402274589086200,12.649086181640625,9.764302253723145,0.05431845039129257,-0.08484452217817307
1761402274599161000,12.6591611328125,9.761982917785645,0.05192425101995468,-0.08125322312116623
1761402274609223200,12.66922314453125,9.761908531188965,0.04601356387138367,-0.08484452217817307
1761402274619330300,12.679330322265624,9.760711669921875,0.057909753173589706,-0.09083002805709839
1761402274629411000,12.6894111328125,9.759589195251465,0.05551555007696152,-0.08245032280683517
1761402274639492000,12.6994921875,9.761908531188965,0.05192425101995468,-0.08604162186384201
1761402274649572600,12.709572509765625,9.759589195251465,0.05312135070562363,-0.08245032280683517
1761402274659654000,12.71965380859375,9.757120132446289,0.0471358448266983,-0.08364742249250412
1761402274669735200,12.729735107421876,9.755997657775879,0.05431845039129257,-0.07885901629924774
1761402274679811800,12.739811767578125,9.76789379119873,0.04122516140341759,-0.09083002805709839
1761402274689897200,12.749897216796874,9.763105392456055,0.05551555007696152,-0.08963292837142944
1761402274699978500,12.759978515625,9.754725456237793,0.05431845039129257,-0.08723872154951096
1761402274710059500,12.7700595703125,9.764976501464844,0.058957215398550034,-0.08222586661577225
1761402274720136400,12.780136474609375,9.757868766784668,0.05529109388589859,-0.07983165979385376
1761402274730221000,12.790220947265626,9.757793426513672,0.05768529698252678,-0.08342296630144119
1761402274740274000,12.80027392578125,9.761459350585938,0.054168812930583954,-0.07863456010818481
1761402274750383600,12.810383544921875,9.761384963989258,0.05057751014828682,-0.08701426535844803
1761402274760464400,12.82046435546875,9.773355484008789,0.05057751014828682,-0.08462006598711014
1761402274770522400,12.8305224609375,9.758990287780762,0.04818331077694893,-0.08462006598711014
1761402274780601300,12.840601318359376,9.768567085266113,0.058957215398550034,-0.0810287669301033
1761402274790683100,12.85068310546875,9.760711669921875,0.05551555007696152,-0.08364742249250412
1761402274800785000,12.860784912109375,9.760711669921875,0.04481646418571472,-0.08723872154951096
1761402274810869800,12.870869873046875,9.750012397766113,0.05192425101995468,-0.07998129725456238
1761402274820950500,12.880950439453125,9.76677131652832,0.05080196633934975,-0.07414543628692627
1761402274831031800,12.89103173828125,9.764302253723145,0.05192425101995468,-0.08484452217817307
1761402274841112600,12.901112548828126,9.761908531188965,0.05192425101995468,-0.08604162186384201
1761402274851168300,12.911168212890624,9.76557445526123,0.05671265348792076,-0.07646481692790985
1761402274861275000,12.92127490234375,9.755997657775879,0.05192425101995468,-0.08364742249250412
1761402274871330300,12.931330322265625,9.76789379119873,0.053196169435977936,-0.07893383502960205
1761402274881411300,12.941411376953125,9.755997657775879,0.05431845039129257,-0.08005611598491669
1761402274891492400,12.951492431640625,9.76669692993164,0.057909753173589706,-0.08245032280683517
1761402274901572900,12.96157275390625,9.76909065246582,0.05080196633934975,-0.07893383502960205
1761402274911680800,12.9716806640625,9.7559232711792,0.04953004792332649,-0.08484452217817307
1761402274921761000,12.981760986328124,9.770288467407227,0.05080196633934975,-0.08132804185152054
1761402274931838000,12.991837890625,9.759513854980469,0.05312135070562363,-0.08364742249250412
1761402274941923300,13.00192333984375,9.759513854980469,0.04474164545536041,-0.0884358286857605
1761402274952004000,13.012004150390625,9.754201889038086,0.06247369945049286,-0.08693944662809372
1761402274962085400,13.02208544921875,9.766173362731934,0.0553659126162529,-0.07743746042251587
1761402274972166100,13.032166259765624,9.761384963989258,0.06007950007915497,-0.08222586661577225
1761402274982247200,13.0422470703125,9.753005027770996,0.054093994200229645,-0.08574234694242477
1761402274992306200,13.05230615234375,9.751882553100586,0.04810849204659462,-0.07736264169216156
1761402275002405400,13.0624052734375,9.755399703979492,0.056488197296857834,-0.08334814757108688
1761402275012490500,13.072490478515626,9.761384963989258,0.05057751014828682,-0.07983165979385376
1761402275022571500,13.082571533203126,9.757868766784668,0.04818331077694893,-0.07983165979385376
1761402275032652800,13.09265283203125,9.765125274658203,0.05304653197526932,-0.07990647852420807
1761402275042733300,13.1027333984375,9.761534690856934,0.04825812950730324,-0.08948329091072083
1761402275052814600,13.112814697265625,9.748440742492676,0.05177461355924606,-0.0810287669301033
1761402275062887700,13.1228876953125,9.771111488342285,0.05663783475756645,-0.07870937883853912
1761402275072986000,13.132986083984376,9.761534690856934,0.054168812930583954,-0.08940847218036652
1761402275083011000,13.143010986328125,9.757943153381348,0.058957215398550034,-0.07983165979385376
1761402275093138700,13.153138671875,9.763928413391113,0.05776011571288109,-0.08589198440313339
1761402275103220000,13.163219970703125,9.759140014648438,0.049380410462617874,-0.0834977850317955
1761402275113300700,13.17330078125,9.75741958618164,0.04249707981944084,-0.08259996026754379
1761402275123378200,13.183378173828125,9.75861644744873,0.048482585698366165,-0.08499415963888168
1761402275133462800,13.193462890625,9.761011123657227,0.05446808785200119,-0.09210194647312164
1761402275143560700,13.203560791015626,9.752631187438965,0.05678747221827507,-0.08851064741611481
1761402275153625000,13.213625,9.753828048706055,0.05199906975030899,-0.08372224122285843
1761402275163706000,13.2237060546875,9.762207984924316,0.053270988166332245,-0.09217676520347595
1761402275173761500,13.233761474609375,9.763404846191406,0.050876785069704056,-0.08499415963888168
1761402275183868000,13.243867919921875,9.763404846191406,0.06157587468624115,-0.07661445438861847
1761402275193945000,13.253945068359375,9.761309623718262,0.054093994200229645,-0.08334814757108688
1761402275204030000,13.264030029296874,9.755324363708496,0.0528968945145607,-0.08095394819974899
1761402275214111200,13.274111328125,9.757719039916992,0.05768529698252678,-0.07736264169216156
1761402275224192300,13.284192138671875,9.757719039916992,0.0528968945145607,-0.08574234694242477
1761402275234273300,13.294273193359375,9.762432098388672,0.051699791103601456,-0.08574234694242477
1761402275244329500,13.30432958984375,9.762432098388672,0.054093994200229645,-0.08693944662809372
1761402275254435800,13.314435791015624,9.769615173339844,0.054168812930583954,-0.08574234694242477
1761402275264516600,13.3245166015625,9.762507438659668,0.054093994200229645,-0.08334814757108688
1761402275274597400,13.334597412109375,9.764153480529785,0.03875613957643509,-0.08484452217817307
1761402275284678700,13.3446787109375,9.766622543334961,0.04953004792332649,-0.0776619166135788
1761402275294759700,13.354759765625,9.761758804321289,0.05072714760899544,-0.08955810964107513
1761402275304840400,13.36484033203125,9.7582426071167,0.05192425101995468,-0.08476970344781876
1761402275314932200,13.37493212890625,9.759439468383789,0.05551555007696152,-0.08716390281915665
1761402275325003300,13.385003173828125,9.765350341796875,0.04833294823765755,-0.08484452217817307
1761402275335083500,13.39508349609375,9.765424728393555,0.05192425101995468,-0.08125322312116623
1761402275345165300,13.405165283203125,9.773804664611816,0.04953004792332649,-0.0776619166135788
1761402275355245600,13.41524560546875,9.767669677734375,0.05424363166093826,-0.07638999819755554
1761402275365286000,13.425285888671874,9.759289741516113,0.06142623722553253,-0.07870937883853912
1761402275375407900,13.435407958984374,9.756896018981934,0.05304653197526932,-0.08230068534612656
1761402275385489200,13.4454892578125,9.76168441772461,0.05663783475756645,-0.07990647852420807
1761402275395570000,13.45556982421875,9.76168441772461,0.05544073134660721,-0.08708908408880234
1761402275405651200,13.465651123046875,9.7628812789917,0.05544073134660721,-0.08237550407648087
1761402275415732500,13.475732421875,9.76168441772461,0.05544073134660721,-0.08110358566045761
1761402275425814300,13.485814208984374,9.770063400268555,0.05304653197526932,-0.08237550407648087
1761402275435894500,13.49589453125,9.768941879272461,0.05431845039129257,-0.08484452217817307
1761402275445976300,13.505976318359375,9.760636329650879,0.06142623722553253,-0.08357260376214981
1761402275456056000,13.51605615234375,9.7582426071167,0.06262333691120148,-0.08716390281915665
1761402275466156000,13.526156005859375,9.760636329650879,0.05192425101995468,-0.08117840439081192
1761402275476218400,13.53621826171875,9.761758804321289,0.04354454204440117,-0.08836100995540619
1761402275486300000,13.5462998046875,9.762955665588379,0.04593874514102936,-0.0859668031334877
1761402275496381200,13.556381103515625,9.761834144592285,0.057909753173589706,-0.08476970344781876
1761402275506461000,13.5664609375,9.760636329650879,0.05192425101995468,-0.0859668031334877
1761402275516543200,13.576543212890625,9.773505210876465,0.05544073134660721,-0.08469488471746445
1761402275526623700,13.586623779296875,9.760336875915527,0.05297171324491501,-0.0834977850317955
1761402275536705300,13.596705322265626,9.771111488342285,0.05184943228960037,-0.08589198440313339
1761402275546780400,13.606780517578125,9.7675199508667,0.05424363166093826,-0.08828619122505188
1761402275556866800,13.61686669921875,9.759140014648438,0.04818331077694893,-0.08581716567277908
1761402275566948400,13.6269482421875,9.775899887084961,0.04825812950730324,-0.07998129725456238
1761402275577028900,13.63702880859375,9.760336875915527,0.05177461355924606,-0.08469488471746445
1761402275587110400,13.6471103515625,9.757943153381348,0.049380410462617874,-0.08581716567277908
1761402275597191000,13.65719091796875,9.770288467407227,0.04361936077475548,-0.08252514153718948
1761402275607251700,13.667251708984375,9.759513854980469,0.05671265348792076,-0.09322422742843628
1761402275617353200,13.677353271484375,9.748815536499023,0.05663783475756645,-0.07998129725456238
1761402275627434200,13.687434326171875,9.773879051208496,0.048407766968011856,-0.0909048467874527
1761402275637478400,13.697478515625,9.76550006866455,0.05199906975030899,-0.0884358286857605
1761402275647571200,13.7075712890625,9.758392333984375,0.060303956270217896,-0.06928221136331558
1761402275657677800,13.717677734375,9.761908531188965,0.05671265348792076,-0.08245032280683517
1761402275667758000,13.727758056640624,9.758392333984375,0.05192425101995468,-0.07885901629924774
1761402275677839600,13.737839599609375,9.759140014648438,0.0553659126162529,-0.08940847218036652
1761402275687920400,13.74792041015625,9.754351615905762,0.04578910768032074,-0.08581716567277908
1761402275698000100,13.758000244140625,9.773505210876465,0.05304653197526932,-0.08589198440313339
1761402275708078000,13.768078125,9.755548477172852,0.05656301602721214,-0.0810287669301033
1761402275718138600,13.778138671875,9.756746292114258,0.05297171324491501,-0.08462006598711014
1761402275728244500,13.788244384765624,9.766397476196289,0.05065232887864113,-0.07032967358827591
1761402275738325200,13.7983251953125,9.755548477172852,0.05776011571288109,-0.08222586661577225
1761402275748407600,13.808407470703125,9.761534690856934,0.054168812930583954,-0.08589198440313339
1761402275758483700,13.818483642578125,9.753080368041992,0.05768529698252678,-0.07616554200649261
1761402275768543200,13.828543212890626,9.753005027770996,0.051699791103601456,-0.08574234694242477
1761402275778650600,13.838650634765624,9.762581825256348,0.05297171324491501,-0.08581716567277908
1761402275788731400,13.8487314453125,9.763778686523438,0.05057751014828682,-0.09659107774496078
1761402275798785000,13.858784912109375,9.756596565246582,0.046986207365989685,-0.0810287669301033
1761402275808868000,13.8688681640625,9.762581825256348,0.049380410462617874,-0.08342296630144119
1761402275818974200,13.87897412109375,9.766173362731934,0.046986207365989685,-0.08940847218036652
1761402275829051000,13.88905078125,9.767370223999023,0.05297171324491501,-0.08581716567277908
1761402275839136500,13.899136474609374,9.756896018981934,0.05424363166093826,-0.0834977850317955
1761402275849193700,13.90919384765625,9.753304481506348,0.058957215398550034,-0.08110358566045761
1761402275859298300,13.91929833984375,9.758092880249023,0.06142623722553253,-0.08589198440313339
1761402275869379600,13.929379638671875,9.764078140258789,0.05184943228960037,-0.08237550407648087
1761402275879460900,13.9394609375,9.760486602783203,0.06262333691120148,-0.08708908408880234
1761402275889516300,13.949516357421874,9.759289741516113,0.05304653197526932,-0.07990647852420807
1761402275899622700,13.95962255859375,9.7628812789917,0.05544073134660721,-0.07998129725456238
1761402275909703200,13.969703125,9.756896018981934,0.04825812950730324,-0.08230068534612656
1761402275919784700,13.97978466796875,9.76789379119873,0.05678747221827507,-0.08484452217817307
1761402275929865500,13.989865478515625,9.759589195251465,0.04115034267306328,-0.0752677172422409
1761402275939946800,13.99994677734375,9.755997657775879,0.05072714760899544,-0.0776619166135788
1761402275950027300,14.01002734375,9.760786056518555,0.057909753173589706,-0.08005611598491669
1761402275960104000,14.02010400390625,9.771485328674316,0.05439326912164688,-0.08731354027986526
1761402275970189300,14.030189208984375,9.770288467407227,0.05199906975030899,-0.08252514153718948
1761402275980270000,14.04027001953125,9.755997657775879,0.04953004792332649,-0.07646481692790985
1761402275990352100,14.05035205078125,9.757194519042969,0.04833294823765755,-0.08125322312116623
1761402276000406500,14.060406494140626,9.761834144592285,0.042347442358732224,-0.08357260376214981
1761402276010488300,14.07048828125,9.760636329650879,0.0578349344432354,-0.08237550407648087
1761402276020591000,14.080591064453126,9.7582426071167,0.05304653197526932,-0.08476970344781876
1761402276030676500,14.090676513671875,9.764227867126465,0.05192425101995468,-0.07167641073465347
1761402276040757200,14.10075732421875,9.75936508178711,0.05312135070562363,-0.08836100995540619
1761402276050837800,14.110837646484375,9.75704574584961,0.05424363166093826,-0.07998129725456238
1761402276060919000,14.1209189453125,9.764227867126465,0.057909753173589706,-0.08476970344781876
1761402276071000000,14.131,9.758167266845703,0.04593874514102936,-0.09075520932674408
1761402276081077800,14.141077880859376,9.760188102722168,0.046986207365989685,-0.08462006598711014
1761402276091162400,14.151162353515625,9.757793426513672,0.056488197296857834,-0.08813655376434326
1761402276101243100,14.1612431640625,9.758990287780762,0.0553659126162529,-0.08581716567277908
1761402276111324400,14.171324462890626,9.760188102722168,0.04818331077694893,-0.09060557186603546
1761402276131465500,14.191465576171876,9.755399703979492,0.049305591732263565,-0.08574234694242477
1761402276141567200,14.201567138671875,9.755474090576172,0.049305591732263565,-0.07743746042251587
1761402276151643400,14.211643310546876,9.767370223999023,0.05297171324491501,-0.08581716567277908
1761402276161729800,14.221729736328125,9.761834144592285,0.06142623722553253,-0.08237550407648087
1761402276171810300,14.231810302734376,9.765350341796875,0.05192425101995468,-0.08476970344781876
1761402276181891300,14.241891357421874,9.752257347106934,0.047061026096343994,-0.08117840439081192
1761402276191947500,14.251947509765625,9.752257347106934,0.05184943228960037,-0.0727986991405487
1761402276202053600,14.2620537109375,9.764227867126465,0.05551555007696152,-0.07998129725456238
1761402276212130800,14.272130859375,9.747468948364258,0.05544073134660721,-0.07758709788322449
1761402276222195000,14.28219482421875,9.771410942077637,0.05192425101995468,-0.07885901629924774
1761402276232273000,14.29227294921875,9.761834144592285,0.05312135070562363,-0.0859668031334877
1761402276242377700,14.302377685546874,9.759513854980469,0.05072714760899544,-0.08484452217817307
1761402276252458800,14.312458740234375,9.76669692993164,0.060303956270217896,-0.08484452217817307
1761402276262526000,14.32252587890625,9.755997657775879,0.05551555007696152,-0.08245032280683517
1761402276272599600,14.332599609375,9.758316993713379,0.05551555007696152,-0.08604162186384201
1761402276282698200,14.3426982421875,9.76669692993164,0.05439326912164688,-0.0884358286857605
1761402276292782800,14.352782958984376,9.7536039352417,0.04953004792332649,-0.08484452217817307
1761402276302864000,14.36286376953125,9.76318073272705,0.05192425101995468,-0.06935703009366989
1761402276312945200,14.372945068359375,9.76557445526123,0.06150105595588684,-0.07646481692790985
1761402276323026200,14.383026123046875,9.76437759399414,0.04601356387138367,-0.07885901629924774
1761402276333107000,14.39310693359375,9.76669692993164,0.048407766968011856,-0.08364742249250412
1761402276343184100,14.40318408203125,9.758392333984375,0.05192425101995468,-0.07646481692790985
1761402276353269500,14.41326953125,9.760786056518555,0.05072714760899544,-0.07885901629924774
1761402276363350000,14.42335009765625,9.761908531188965,0.05072714760899544,-0.08364742249250412
1761402276373431600,14.433431640625,9.763105392456055,0.060303956270217896,-0.09202712774276733
1761402276383512800,14.443512939453125,9.76437759399414,0.05312135070562363,-0.0752677172422409
1761402276393593300,14.45359326171875,9.767969131469727,0.05439326912164688,-0.07534253597259521
1761402276403670800,14.4636708984375,9.759065628051758,0.04818331077694893,-0.07384616136550903
1761402276413740500,14.473740478515625,9.763778686523438,0.05177461355924606,-0.0810287669301033
1761402276423837200,14.483837158203125,9.758990287780762,0.05057751014828682,-0.08701426535844803
1761402276433917400,14.49391748046875,9.761384963989258,0.04818331077694893,-0.08581716567277908
1761402276443973400,14.503973388671875,9.758990287780762,0.05297171324491501,-0.08701426535844803
1761402276454079500,14.51407958984375,9.760188102722168,0.0553659126162529,-0.08701426535844803
1761402276464161300,14.524161376953124,9.761384963989258,0.05057751014828682,-0.08701426535844803
1761402276474238000,14.534238037109375,9.767370223999023,0.05656301602721214,-0.08342296630144119
1761402276484323300,14.5443232421875,9.77021312713623,0.04953004792332649,-0.08125322312116623
1761402276494403600,14.554403564453125,9.760636329650879,0.05192425101995468,-0.08716390281915665
1761402276504484900,14.56448486328125,9.759439468383789,0.05312135070562363,-0.08237550407648087
1761402276514541800,14.574541748046874,9.749862670898438,0.05663783475756645,-0.08237550407648087
1761402276524646700,14.584646728515626,9.763031005859375,0.05671265348792076,-0.0859668031334877
1761402276534684000,14.594683837890624,9.75936508178711,0.04953004792332649,-0.09075520932674408
1761402276544809500,14.6048095703125,9.76781940460205,0.04953004792332649,-0.08125322312116623
1761402276554890000,14.614889892578125,9.7582426071167,0.05304653197526932,-0.0859668031334877
1761402276564971000,14.624970947265625,9.764153480529785,0.05072714760899544,-0.08836100995540619
1761402276575052300,14.63505224609375,9.763031005859375,0.05551555007696152,-0.08117840439081192
1761402276585133000,14.645133056640624,9.760636329650879,0.05544073134660721,-0.07758709788322449
1761402276595214000,14.655214111328124,9.760636329650879,0.05551555007696152,-0.08716390281915665
1761402276605272800,14.66527294921875,9.765424728393555,0.05312135070562363,-0.08005611598491669
1761402276615376100,14.675376220703125,9.754651069641113,0.05544073134660721,-0.08357260376214981
1761402276625457400,14.68545751953125,9.768941879272461,0.04474164545536041,-0.08364742249250412
1761402276635517200,14.69551708984375,9.755847930908203,0.05304653197526932,-0.08955810964107513
1761402276645594600,14.7055947265625,9.757793426513672,0.05057751014828682,-0.08462006598711014
1761402276655676200,14.71567626953125,9.754201889038086,0.05050269141793251,-0.08454524725675583
1761402276665781800,14.72578173828125,9.760188102722168,0.05057751014828682,-0.0810287669301033
1761402276675862500,14.735862548828125,9.766173362731934,0.054168812930583954,-0.08701426535844803
1761402276685943800,14.74594384765625,9.759065628051758,0.05768529698252678,-0.07983165979385376
1761402276696024600,14.756024658203126,9.763778686523438,0.05177461355924606,-0.0810287669301033
1761402276706105900,14.76610595703125,9.760262489318848,0.061276599764823914,-0.0810287669301033
1761402276716187000,14.776186767578125,9.760188102722168,0.05297171324491501,-0.0810287669301033
1761402276726268200,14.78626806640625,9.75861644744873,0.050876785069704056,-0.08611644059419632
1761402276736348700,14.7963486328125,9.762207984924316,0.048482585698366165,-0.08499415963888168
1761402276746430700,14.8064306640625,9.766996383666992,0.05686229094862938,-0.08619125932455063
1761402276756511000,14.816510986328124,9.755024909973145,0.048407766968011856,-0.08252514153718948
1761402276766592000,14.826592041015624,9.770587921142578,0.04489128291606903,-0.08379705995321274
1761402276776673000,14.836673095703125,9.75622272491455,0.05678747221827507,-0.08252514153718948
1761402276786754000,14.846754150390625,9.764601707458496,0.055665191262960434,-0.07661445438861847
1761402276796834800,14.856834716796875,9.763404846191406,0.053270988166332245,-0.08499415963888168
1761402276806916000,14.866916015625,9.7628812789917,0.05184943228960037,-0.08948329091072083
1761402276816997400,14.876997314453124,9.76400375366211,0.05065232887864113,-0.09546878933906555
1761402276827078100,14.887078125,9.760486602783203,0.047061026096343994,-0.08948329091072083
1761402276837159000,14.897158935546875,9.764078140258789,0.0578349344432354,-0.08948329091072083
1761402276847241000,14.907240966796875,9.764078140258789,0.04945522919297218,-0.0859668031334877
1761402276857321700,14.91732177734375,9.755698204040527,0.05544073134660721,-0.0834977850317955
1761402276867403000,14.927403076171874,9.754501342773438,0.04825812950730324,-0.08589198440313339
1761402276877463800,14.9374638671875,9.7628812789917,0.04945522919297218,-0.07878419756889343
1761402276887564300,14.947564208984375,9.759589195251465,0.05671265348792076,-0.08245032280683517
1761402276897645800,14.957645751953125,9.760786056518555,0.04593874514102936,-0.07407061755657196
1761402276907703800,14.967703857421874,9.758316993713379,0.05312135070562363,-0.08723872154951096
1761402276917807000,14.97780712890625,9.760711669921875,0.05431845039129257,-0.08723872154951096
1761402276927888400,14.987888427734376,9.760711669921875,0.05312135070562363,-0.09322422742843628
1761402276937970400,14.997970458984375,9.76550006866455,0.05199906975030899,-0.08364742249250412
1761402276948046800,15.008046875,9.76789379119873,0.05080196633934975,-0.08364742249250412
1761402276958127600,15.018127685546874,9.764302253723145,0.04481646418571472,-0.08604162186384201
1761402276968210700,15.028210693359375,9.757719039916992,0.044517189264297485,-0.08215104788541794
1761402276978290200,15.038290283203125,9.761235237121582,0.051699791103601456,-0.08693944662809372
1761402276988375300,15.048375244140624,9.762432098388672,0.04810849204659462,-0.08454524725675583
1761402276998456000,15.0584560546875,9.755249977111816,0.04810849204659462,-0.08933365345001221
1761402277008537000,15.068537109375,9.768492698669434,0.05529109388589859,-0.07743746042251587
1761402277018606000,15.078606201171874,9.756521224975586,0.051699791103601456,-0.0785597413778305
1761402277028698600,15.08869873046875,9.758915901184082,0.049305591732263565,-0.08215104788541794
1761402277038776300,15.0987763671875,9.764826774597168,0.05529109388589859,-0.08813655376434326
1761402277048836400,15.10883642578125,9.772682189941406,0.05678747221827507,-0.08731354027986526
1761402277058942200,15.118942138671875,9.76550006866455,0.053196169435977936,-0.08963292837142944
1761402277069023200,15.129023193359375,9.763105392456055,0.05199906975030899,-0.09322422742843628
1761402277079104300,15.139104248046875,9.757120132446289,0.05431845039129257,-0.08963292837142944
1761402277089185300,15.149185302734375,9.76789379119873,0.053196169435977936,-0.08484452217817307
1761402277099266300,15.159266357421876,9.76909065246582,0.055590372532606125,-0.08723872154951096
1761402277109343500,15.169343505859375,9.76909065246582,0.04601356387138367,-0.0777367353439331
1761402277119428600,15.1794287109375,9.776273727416992,0.04601356387138367,-0.07893383502960205
1761402277129510000,15.189510009765625,9.748889923095703,0.04474164545536041,-0.08484452217817307
1761402277139590400,15.19959033203125,9.753678321838379,0.05439326912164688,-0.08723872154951096
1761402277149671400,15.20967138671875,9.76093578338623,0.053196169435977936,-0.07653963565826416
1761402277159752700,15.219752685546876,9.76325511932373,0.05080196633934975,-0.08970774710178375
1761402277169829600,15.22982958984375,9.759663581848145,0.0496048666536808,-0.08611644059419632
1761402277179914500,15.23991455078125,9.76325511932373,0.05199906975030899,-0.08611644059419632
1761402277189995800,15.249995849609375,9.757344245910645,0.06150105595588684,-0.07893383502960205
1761402277200076500,15.26007666015625,9.751358985900879,0.06269815564155579,-0.08364742249250412
1761402277210157800,15.27015771484375,9.754351615905762,0.06015431880950928,-0.07983165979385376
1761402277220238800,15.28023876953125,9.76632308959961,0.05544073134660721,-0.08230068534612656
1761402277230294800,15.290294677734375,9.757943153381348,0.05656301602721214,-0.07863456010818481
1761402277240376000,15.3003759765625,9.763928413391113,0.05297171324491501,-0.07990647852420807
1761402277250482000,15.31048193359375,9.760336875915527,0.04339490458369255,-0.07870937883853912
1761402277260563000,15.32056298828125,9.763928413391113,0.04825812950730324,-0.09187749028205872
1761402277270644200,15.330644287109376,9.772308349609375,0.06262333691120148,-0.08110358566045761
1761402277280725200,15.340725341796874,9.763928413391113,0.05297171324491501,-0.08230068534612656
1761402277290806300,15.35080615234375,9.763778686523438,0.05656301602721214,-0.08581716567277908
1761402277300883500,15.360883544921874,9.760188102722168,0.058882396668195724,-0.08342296630144119
1761402277310943500,15.370943603515625,9.766173362731934,0.04818331077694893,-0.08581716567277908
1761402277321024300,15.381024169921876,9.77096176147461,0.049380410462617874,-0.08701426535844803
1761402277331130400,15.39113037109375,9.761384963989258,0.04339490458369255,-0.08462006598711014
1761402277341212000,15.4012119140625,9.76976490020752,0.046986207365989685,-0.08222586661577225
1761402277351292700,15.411292724609375,9.754201889038086,0.05050269141793251,-0.09053075313568115
1761402277361369900,15.421369873046874,9.767370223999023,0.044592007994651794,-0.07983165979385376
1761402277371454500,15.431454345703125,9.755324363708496,0.05050269141793251,-0.08454524725675583
1761402277381535700,15.44153564453125,9.760112762451172,0.042122986167669296,-0.07736264169216156
1761402277391616800,15.45161669921875,9.758915901184082,0.05529109388589859,-0.07975684106349945
1761402277401680100,15.46168017578125,9.758915901184082,0.051699791103601456,-0.07975684106349945
1761402277411779000,15.471779052734375,9.757719039916992,0.051699791103601456,-0.0785597413778305
1761402277421860400,15.4818603515625,9.757643699645996,0.0528968945145607,-0.09404723346233368
1761402277431915300,15.491915283203125,9.763704299926758,0.05529109388589859,-0.08215104788541794
1761402277442022400,15.5020224609375,9.766098022460938,0.056488197296857834,-0.08215104788541794
1761402277452103000,15.51210302734375,9.761758804321289,0.05312135070562363,-0.09314940869808197
1761402277462184200,15.52218408203125,9.763031005859375,0.04833294823765755,-0.08357260376214981
1761402277472264700,15.5322646484375,9.75704574584961,0.05065232887864113,-0.08237550407648087
1761402277482346000,15.542345947265625,9.761834144592285,0.04474164545536041,-0.08237550407648087
1761402277492447000,15.552447021484374,9.766547203063965,0.05312135070562363,-0.08484452217817307
1761402277502508000,15.562508056640626,9.763031005859375,0.05551555007696152,-0.08117840439081192
1761402277512588800,15.5725888671875,9.760636329650879,0.05072714760899544,-0.07998129725456238
1761402277522670300,15.58267041015625,9.767744064331055,0.05192425101995468,-0.08364742249250412
1761402277532751000,15.592751220703125,9.763105392456055,0.04953004792332649,-0.08484452217817307
1761402277542832400,15.602832275390625,9.76557445526123,0.05312135070562363,-0.07294833660125732
1761402277552914000,15.612913818359376,9.764302253723145,0.048407766968011856,-0.09083002805709839
1761402277562990000,15.622989990234375,9.7559232711792,0.04833294823765755,-0.08484452217817307
1761402277573075500,15.633075439453124,9.760711669921875,0.05910685285925865,-0.08963292837142944
1761402277583156700,15.64315673828125,9.758316993713379,0.0471358448266983,-0.08484452217817307
1761402277593237500,15.653237548828125,9.758316993713379,0.042347442358732224,-0.08364742249250412
1761402277603318800,15.66331884765625,9.761982917785645,0.05551555007696152,-0.08125322312116623
1761402277613399300,15.6733994140625,9.76901626586914,0.04953004792332649,-0.08005611598491669
1761402277623477000,15.68347705078125,9.761834144592285,0.057909753173589706,-0.08716390281915665
1761402277633561900,15.693561767578124,9.7582426071167,0.05424363166093826,-0.07878419756889343
1761402277643620600,15.70362060546875,9.7582426071167,0.04945522919297218,-0.07878419756889343
1761402277653724000,15.713723876953125,9.75704574584961,0.05304653197526932,-0.08117840439081192
1761402277663804700,15.7238046875,9.760636329650879,0.06501753628253937,-0.07998129725456238
1761402277673886000,15.733885986328126,9.77013874053955,0.05910685285925865,-0.08723872154951096
1761402277683962600,15.743962646484375,9.754651069641113,0.04474164545536041,-0.0859668031334877
1761402277694028000,15.754028076171876,9.761159896850586,0.05686229094862938,-0.08379705995321274
1761402277704128800,15.764128662109375,9.767070770263672,0.04975450411438942,-0.08866028487682343
1761402277714209800,15.774209716796875,9.759963035583496,0.041374798864126205,-0.08738835901021957
1761402277724291300,15.784291259765626,9.768268585205078,0.05214870721101761,-0.08746317774057388
1761402277734372000,15.7943720703125,9.764751434326172,0.05925649031996727,-0.08626607805490494
1761402277744450300,15.8044501953125,9.770662307739258,0.050951603800058365,-0.08866028487682343
1761402277754534700,15.81453466796875,9.75637149810791,0.05925649031996727,-0.08738835901021957
1761402277764597500,15.824597412109375,9.773131370544434,0.0545429065823555,-0.0826747789978981
1761402277774696000,15.834696044921875,9.763854026794434,0.05297171324491501,-0.07624036073684692
1761402277784777200,15.844777099609376,9.758990287780762,0.05656301602721214,-0.08701426535844803
1761402277794858200,15.854858154296876,9.76864242553711,0.05656301602721214,-0.07145195454359055
1761402277804939300,15.864939208984374,9.760188102722168,0.06247369945049286,-0.08701426535844803
1761402277815020800,15.875020751953125,9.759065628051758,0.05768529698252678,-0.07624036073684692
1761402277825101300,15.885101318359375,9.763778686523438,0.05297171324491501,-0.08222586661577225
1761402277835182300,15.895182373046875,9.753005027770996,0.049305591732263565,-0.08574234694242477
1761402277845263600,15.905263671875,9.761384963989258,0.05297171324491501,-0.08581716567277908
1761402277855344600,15.9153447265625,9.759289741516113,0.05065232887864113,-0.08230068534612656
1761402277865425700,15.92542578125,9.759289741516113,0.05184943228960037,-0.07399579882621765
1761402277875480800,15.935480712890625,9.76168441772461,0.05184943228960037,-0.08117840439081192
1761402277885588500,15.94558837890625,9.766472816467285,0.05544073134660721,-0.08716390281915665
1761402277905772000,15.96577197265625,9.759289741516113,0.05304653197526932,-0.08589198440313339
1761402277915831600,15.97583154296875,9.752107620239258,0.05065232887864113,-0.0834977850317955
1761402277925898200,15.985898193359375,9.76168441772461,0.047061026096343994,-0.08589198440313339
1761402277935993000,15.9959931640625,9.761758804321289,0.04953004792332649,-0.08836100995540619
1761402277946072800,16.00607275390625,9.753454208374023,0.05304653197526932,-0.08716390281915665
1761402277956155000,16.01615478515625,9.766622543334961,0.05192425101995468,-0.08245032280683517
1761402277966236400,16.026236328125,9.75704574584961,0.05304653197526932,-0.07758709788322449
1761402277976317000,16.03631689453125,9.755847930908203,0.0471358448266983,-0.0859668031334877
1761402277986398500,16.0463984375,9.766622543334961,0.05910685285925865,-0.08125322312116623
1761402277996479000,16.05647900390625,9.7582426071167,0.0471358448266983,-0.08237550407648087
1761402278006560800,16.066560791015625,9.762955665588379,0.05192425101995468,-0.0859668031334877
1761402278016641000,16.07664111328125,9.76168441772461,0.05544073134660721,-0.08589198440313339
1761402278026722600,16.08672265625,9.7628812789917,0.05663783475756645,-0.08948329091072083
1761402278036803300,16.09680322265625,9.756896018981934,0.05544073134660721,-0.07631517946720123
1761402278046885400,16.106885498046875,9.7628812789917,0.042272623628377914,-0.08117840439081192
1761402278056965600,16.116965576171875,9.753304481506348,0.047061026096343994,-0.0834977850317955
1761402278067046700,16.127046630859375,9.7628812789917,0.05424363166093826,-0.07998129725456238
1761402278077102800,16.137102783203126,9.765275001525879,0.05304653197526932,-0.07878419756889343
1761402278087208400,16.14720849609375,9.754501342773438,0.05544073134660721,-0.08589198440313339
1761402278097290000,16.1572900390625,9.760486602783203,0.05663783475756645,-0.07990647852420807
1761402278107371300,16.167371337890625,9.770063400268555,0.05663783475756645,-0.08237550407648087
1761402278117451500,16.177451416015625,9.764078140258789,0.05304653197526932,-0.08237550407648087
1761402278127507000,16.1875068359375,9.766472816467285,0.05304653197526932,-0.0859668031334877
1761402278137613800,16.19761376953125,9.760486602783203,0.05304653197526932,-0.0751928985118866
1761402278147669800,16.207669677734376,9.764078140258789,0.04945522919297218,-0.08237550407648087
1761402278157776100,16.217776123046875,9.760486602783203,0.05903203412890434,-0.0727986991405487
1761402278167829500,16.22782958984375,9.753304481506348,0.04825812950730324,-0.08110358566045761
1761402278177938400,16.2379384765625,9.76789379119873,0.04481646418571472,-0.08723872154951096
1761402278188015600,16.248015625,9.747617721557617,0.05184943228960037,-0.07399579882621765
1761402278198075400,16.258075439453126,9.751209259033203,0.060303956270217896,-0.08357260376214981
1761402278208178400,16.268178466796876,9.760711669921875,0.04953004792332649,-0.09083002805709839
1761402278218262000,16.278261962890625,9.76550006866455,0.0388309583067894,-0.08252514153718948
1761402278228343600,16.288343505859373,9.76669692993164,0.05910685285925865,-0.08245032280683517
1761402278238424000,16.298424072265625,9.76669692993164,0.053196169435977936,-0.08005611598491669
1761402278248505000,16.308505126953126,9.754725456237793,0.05192425101995468,-0.08604162186384201
1761402278258583000,16.3185830078125,9.760636329650879,0.05312135070562363,-0.08117840439081192
1761402278268667100,16.328667236328126,9.754651069641113,0.04586392641067505,-0.07998129725456238
1761402278278722800,16.338722900390625,9.764227867126465,0.05192425101995468,-0.08357260376214981
1761402278288830000,16.348829833984375,9.755847930908203,0.04586392641067505,-0.07998129725456238
1761402278298910700,16.35891064453125,9.765424728393555,0.04354454204440117,-0.0776619166135788
1761402278308991200,16.3689912109375,9.77253246307373,0.05072714760899544,-0.08364742249250412
1761402278319069200,16.379069091796875,9.759439468383789,0.04953004792332649,-0.08716390281915665
1761402278329153500,16.389153564453125,9.754651069641113,0.05903203412890434,-0.08237550407648087
1761402278339209500,16.39920947265625,9.761982917785645,0.060303956270217896,-0.0776619166135788
1761402278349316400,16.40931640625,9.752406120300293,0.05431845039129257,-0.0859668031334877
1761402278359396900,16.41939697265625,9.76669692993164,0.0496048666536808,-0.08484452217817307
1761402278369477600,16.4294775390625,9.76557445526123,0.05080196633934975,-0.07885901629924774
1761402278379559000,16.439558837890626,9.760711669921875,0.05671265348792076,-0.08604162186384201
1761402278389636000,16.449635986328126,9.76669692993164,0.053196169435977936,-0.08604162186384201
1761402278399721200,16.45972119140625,9.759513854980469,0.05312135070562363,-0.08604162186384201
1761402278409801700,16.4698017578125,9.754725456237793,0.05072714760899544,-0.08963292837142944
1761402278419883300,16.47988330078125,9.753080368041992,0.054093994200229645,-0.08215104788541794
1761402278429963800,16.4899638671875,9.756596565246582,0.04818331077694893,-0.08342296630144119
1761402278440045000,16.500045166015624,9.755399703979492,0.051699791103601456,-0.08574234694242477
1761402278450122200,16.510122314453124,9.753005027770996,0.046911388635635376,-0.08334814757108688
1761402278470264800,16.530264892578124,9.762581825256348,0.05656301602721214,-0.08701426535844803
1761402278480369700,16.54036962890625,9.754201889038086,0.05050269141793251,-0.08334814757108688
1761402278490450400,16.550450439453126,9.767370223999023,0.058957215398550034,-0.08222586661577225
1761402278500531700,16.56053173828125,9.762805938720703,0.039953239262104034,-0.09068039059638977
1761402278510588000,16.570587890625,9.759289741516113,0.05304653197526932,-0.07990647852420807
1761402278520689700,16.580689697265626,9.760486602783203,0.05304653197526932,-0.08828619122505188
1761402278530775000,16.590775146484376,9.758092880249023,0.04825812950730324,-0.08708908408880234
1761402278540855800,16.600855712890624,9.756896018981934,0.04945522919297218,-0.08110358566045761
1761402278550936000,16.61093603515625,9.760486602783203,0.05544073134660721,-0.07751227915287018
1761402278561017600,16.621017578125,9.7628812789917,0.05903203412890434,-0.08469488471746445
1761402278571099100,16.63109912109375,9.764078140258789,0.044666826725006104,-0.08357260376214981
1761402278581176300,16.64117626953125,9.75704574584961,0.0578349344432354,-0.08476970344781876
1761402278591261200,16.65126123046875,9.771410942077637,0.057909753173589706,-0.08005611598491669
1761402278601341700,16.661341796875,9.761834144592285,0.05072714760899544,-0.07998129725456238
1761402278611423000,16.671423095703126,9.7605619430542,0.04593874514102936,-0.08836100995540619
1761402278621503700,16.681503662109375,9.752257347106934,0.05304653197526932,-0.07758709788322449
1761402278631584800,16.691584716796875,9.75704574584961,0.05903203412890434,-0.07878419756889343
1761402278641662200,16.701662109375,9.760636329650879,0.0471358448266983,-0.07998129725456238
1761402278651746800,16.711746826171876,9.77013874053955,0.05312135070562363,-0.08604162186384201
1761402278661828000,16.721828125,9.754351615905762,0.05057751014828682,-0.08342296630144119
1761402278671908600,16.73190869140625,9.763928413391113,0.05304653197526932,-0.08469488471746445
1761402278681991000,16.741990966796877,9.757943153381348,0.049380410462617874,-0.07870937883853912
1761402278692071200,16.7520712890625,9.762731552124023,0.06015431880950928,-0.07870937883853912
1761402278702152700,16.762152587890625,9.76632308959961,0.05304653197526932,-0.0834977850317955
1761402278712229400,16.7722294921875,9.761534690856934,0.05057751014828682,-0.08589198440313339
1761402278722312700,16.782312744140626,9.750760078430176,0.05057751014828682,-0.08940847218036652
1761402278732395000,16.79239501953125,9.768716812133789,0.04945522919297218,-0.07631517946720123
1761402278742476500,16.8024765625,9.759289741516113,0.05184943228960037,-0.08589198440313339
1761402278752532500,16.812532470703125,9.758092880249023,0.05903203412890434,-0.07631517946720123
1761402278762603300,16.822603271484375,9.767669677734375,0.05544073134660721,-0.08476970344781876
1761402278772715500,16.832715576171875,9.754501342773438,0.05065232887864113,-0.07870937883853912
1761402278782800400,16.84280029296875,9.765275001525879,0.0578349344432354,-0.08357260376214981
1761402278792881400,16.85288134765625,9.753304481506348,0.05656301602721214,-0.08230068534612656
1761402278802962400,16.86296240234375,9.759289741516113,0.04346972331404686,-0.07998129725456238
1761402278813043700,16.873043701171873,9.766472816467285,0.05304653197526932,-0.0751928985118866
1761402278823124700,16.883124755859374,9.754651069641113,0.04825812950730324,-0.08117840439081192
1761402278833205800,16.893205810546874,9.755847930908203,0.05065232887864113,-0.07638999819755554
1761402278843282700,16.90328271484375,9.755847930908203,0.0471358448266983,-0.08476970344781876
1761402278853367600,16.913367431640626,9.774927139282227,0.05312135070562363,-0.0884358286857605
1761402278863448600,16.923448486328127,9.75704574584961,0.05184943228960037,-0.08117840439081192
1761402278873530000,16.933530029296875,9.766547203063965,0.04833294823765755,-0.08604162186384201
1761402278883609900,16.94360986328125,9.763031005859375,0.05072714760899544,-0.07407061755657196
1761402278893692200,16.953692138671876,9.759439468383789,0.04833294823765755,-0.08237550407648087
1761402278903769000,16.96376904296875,9.767744064331055,0.04593874514102936,-0.08364742249250412
1761402278913840600,16.973840576171874,9.759439468383789,0.04593874514102936,-0.08237550407648087
1761402278923935000,16.98393505859375,9.754651069641113,0.04945522919297218,-0.08237550407648087
1761402278934016300,16.994016357421874,9.753454208374023,0.047061026096343994,-0.08237550407648087
1761402278944072200,17.004072265625,9.754651069641113,0.04945522919297218,-0.07998129725456238
1761402278954188500,17.0141884765625,9.755847930908203,0.05184943228960037,-0.07878419756889343
1761402278964255500,17.02425537109375,9.759439468383789,0.04953004792332649,-0.0859668031334877
1761402278974340000,17.034340087890627,9.754651069641113,0.06262333691120148,-0.08117840439081192
1761402278984421400,17.04442138671875,9.760636329650879,0.05192425101995468,-0.07998129725456238
1761402278994481400,17.0544814453125,9.751059532165527,0.05544073134660721,-0.08117840439081192
1761402279004585700,17.064585693359376,9.754651069641113,0.05184943228960037,-0.07638999819755554
1761402279014651600,17.074651611328125,9.760636329650879,0.04833294823765755,-0.08237550407648087
1761402279024745200,17.0847451171875,9.764227867126465,0.05551555007696152,-0.07998129725456238
1761402279034826800,17.09482666015625,9.755847930908203,0.05544073134660721,-0.08716390281915665
1761402279044908000,17.104907958984374,9.759439468383789,0.05903203412890434,-0.07638999819755554
1761402279054988500,17.114988525390626,9.759439468383789,0.05304653197526932,-0.08117840439081192
1761402279065029000,17.125029052734376,9.760486602783203,0.05184943228960037,-0.08469488471746445
1761402279075150300,17.135150390625,9.768866539001465,0.05424363166093826,-0.08117840439081192
1761402279085232000,17.145232177734375,9.760486602783203,0.04945522919297218,-0.08828619122505188
1761402279095312600,17.155312744140623,9.760486602783203,0.042272623628377914,-0.08357260376214981
1761402279105393700,17.1653935546875,9.765275001525879,0.04354454204440117,-0.08716390281915665
1761402279115475000,17.175474853515624,9.758092880249023,0.05663783475756645,-0.07751227915287018
1761402279125556000,17.185555908203124,9.749712944030762,0.05656301602721214,-0.0834977850317955
1761402279135596300,17.19559619140625,9.768866539001465,0.05065232887864113,-0.07998129725456238
1761402279145701000,17.205701171875,9.7628812789917,0.05304653197526932,-0.08589198440313339
1761402279155799000,17.215799072265625,9.764078140258789,0.05304653197526932,-0.08476970344781876
1761402279165880000,17.225880126953125,9.7628812789917,0.05065232887864113,-0.08476970344781876
1761402279175961000,17.235961181640626,9.764078140258789,0.05184943228960037,-0.08237550407648087
1761402279186042000,17.2460419921875,9.76400375366211,0.04346972331404686,-0.08955810964107513
1761402279196123100,17.256123046875,9.755698204040527,0.05065232887864113,-0.07511807978153229
1761402279206204200,17.2662041015625,9.768792152404785,0.04953004792332649,-0.08836100995540619
1761402279216285200,17.27628515625,9.750909805297852,0.05656301602721214,-0.08708908408880234
1761402279226366700,17.28636669921875,9.762357711791992,0.05162497237324715,-0.08327332884073257
1761402279236447200,17.296447265625,9.764751434326172,0.05761047825217247,-0.08566752821207047
1761402279246528800,17.30652880859375,9.757569313049316,0.056413378566503525,-0.07728782296180725
1761402279256609300,17.316609375,9.761159896850586,0.046911388635635376,-0.08207622915506363
1761402279266670000,17.326670166015624,9.75517463684082,0.056413378566503525,-0.08207622915506363
1761402279276771600,17.336771484375,9.75637149810791,0.05162497237324715,-0.07968202233314514
1761402279286852900,17.346852783203126,9.757569313049316,0.05162497237324715,-0.08566752821207047
1761402279296933600,17.35693359375,9.764751434326172,0.05761047825217247,-0.07728782296180725
1761402279307014700,17.3670146484375,9.76318073272705,0.05431845039129257,-0.08005611598491669
1761402279317095700,17.377095703125,9.76789379119873,0.0496048666536808,-0.08364742249250412
1761402279327176400,17.387176513671875,9.76557445526123,0.05080196633934975,-0.0776619166135788
1761402279337232600,17.397232666015626,9.76550006866455,0.057909753173589706,-0.08364742249250412
1761402279347339500,17.407339599609376,9.770288467407227,0.048407766968011856,-0.08372224122285843
1761402279357420500,17.417420654296876,9.757194519042969,0.04474164545536041,-0.07646481692790985
1761402279367501000,17.4275009765625,9.755997657775879,0.04953004792332649,-0.08245032280683517
1761402279377553000,17.437552978515626,9.76677131652832,0.05431845039129257,-0.07885901629924774
1761402279387639600,17.4476396484375,9.762731552124023,0.05304653197526932,-0.09068039059638977
1761402279397743900,17.457743896484374,9.757943153381348,0.049380410462617874,-0.08940847218036652
1761402279407825000,17.467824951171874,9.760336875915527,0.05057751014828682,-0.08701426535844803
1761402279417906400,17.477906494140626,9.763928413391113,0.0553659126162529,-0.08469488471746445
1761402279427991300,17.4879912109375,9.761534690856934,0.05297171324491501,-0.0834977850317955
1761402279438064400,17.498064453125,9.761534690856934,0.05297171324491501,-0.08589198440313339
1761402279448146200,17.508146240234375,9.7675199508667,0.05424363166093826,-0.07631517946720123
1761402279458237000,17.51823681640625,9.757943153381348,0.054168812930583954,-0.0810287669301033
1761402279468311300,17.528311279296876,9.766622543334961,0.057909753173589706,-0.07407061755657196
1761402279488473600,17.5484736328125,9.764227867126465,0.05072714760899544,-0.08005611598491669
1761402279498555000,17.558554931640625,9.754651069641113,0.04586392641067505,-0.0751928985118866
1761402279508635400,17.568635498046874,9.752257347106934,0.05065232887864113,-0.0751928985118866
1761402279518716200,17.578716064453126,9.766547203063965,0.05431845039129257,-0.08716390281915665
1761402279528774400,17.5887744140625,9.761834144592285,0.05671265348792076,-0.08357260376214981
1761402279538874600,17.59887451171875,9.75704574584961,0.04593874514102936,-0.08237550407648087
1761402279548951800,17.608951904296877,9.7582426071167,0.05065232887864113,-0.07998129725456238
1761402279559040800,17.619040771484375,9.765424728393555,0.05072714760899544,-0.08125322312116623
1761402279569121800,17.629121826171875,9.759439468383789,0.05544073134660721,-0.0859668031334877
1761402279579202600,17.63920263671875,9.7582426071167,0.0578349344432354,-0.0859668031334877
1761402279589283600,17.64928369140625,9.754651069641113,0.05065232887864113,-0.08955810964107513
1761402279599360800,17.65936083984375,9.763031005859375,0.05192425101995468,-0.08357260376214981
1761402279609446000,17.66944580078125,9.764227867126465,0.04953004792332649,-0.07646481692790985
1761402279619527000,17.67952685546875,9.765350341796875,0.04833294823765755,-0.08484452217817307
1761402279629608200,17.689608154296874,9.761834144592285,0.05312135070562363,-0.08357260376214981
1761402279639689500,17.699689453125,9.7582426071167,0.06142623722553253,-0.08476970344781876
1761402279649746400,17.709746337890625,9.751059532165527,0.05304653197526932,-0.07638999819755554
1761402279659851300,17.719851318359375,9.778518676757812,0.0496048666536808,-0.08484452217817307
1761402279669928000,17.729927978515626,9.752257347106934,0.05663783475756645,-0.08357260376214981
1761402279679988000,17.739988037109374,9.763031005859375,0.05192425101995468,-0.07998129725456238
1761402279690094300,17.75009423828125,9.75704574584961,0.05304653197526932,-0.07758709788322449
1761402279700175000,17.760175048828124,9.766547203063965,0.04593874514102936,-0.08723872154951096
1761402279710256400,17.77025634765625,9.765275001525879,0.0578349344432354,-0.07998129725456238
1761402279720337200,17.780337158203125,9.7628812789917,0.05544073134660721,-0.08589198440313339
1761402279730414300,17.790414306640624,9.760486602783203,0.05424363166093826,-0.08469488471746445
1761402279740499500,17.80049951171875,9.764078140258789,0.04346972331404686,-0.08237550407648087
1761402279750580200,17.810580322265626,9.750909805297852,0.04825812950730324,-0.0834977850317955
1761402279760661800,17.820661865234374,9.758092880249023,0.04825812950730324,-0.0834977850317955
1761402279770742300,17.8307421875,9.7628812789917,0.04825812950730324,-0.08357260376214981
1761402279780823800,17.84082373046875,9.767669677734375,0.05544073134660721,-0.08476970344781876
1761402279790904600,17.850904541015623,9.761384963989258,0.0553659126162529,-0.0810287669301033
1761402279800981800,17.860981689453126,9.764976501464844,0.05297171324491501,-0.08821137249469757
1761402279811066600,17.871066650390624,9.761384963989258,0.04818331077694893,-0.07983165979385376
1761402279821148000,17.88114794921875,9.761459350585938,0.05297171324491501,-0.07624036073684692
1761402279831228700,17.891228759765625,9.755399703979492,0.056488197296857834,-0.08813655376434326
1761402279841309700,17.901309814453125,9.763778686523438,0.05057751014828682,-0.07743746042251587
1761402279851390700,17.911390625,9.764976501464844,0.05177461355924606,-0.08342296630144119
1761402279861468700,17.92146875,9.763778686523438,0.06015431880950928,-0.07983165979385376
1761402279871553800,17.9315537109375,9.751957893371582,0.054168812930583954,-0.08342296630144119
1761402279881634600,17.941634521484374,9.771111488342285,0.05663783475756645,-0.08708908408880234
1761402279891673300,17.95167333984375,9.761534690856934,0.054168812930583954,-0.08589198440313339
1761402279901770800,17.961770751953125,9.759140014648438,0.044666826725006104,-0.09299977123737335
1761402279911877000,17.971877197265623,9.76632308959961,0.05544073134660721,-0.08469488471746445
1761402279921934800,17.981934814453126,9.763928413391113,0.05065232887864113,-0.08589198440313339
1761402279932039000,17.992038818359376,9.920524597167969,0.028580782935023308,-0.07347206771373749
1761402279942120200,18.0021201171875,9.720832824707031,0.06000468134880066,-0.11552023142576218
1761402279952201500,18.012201416015625,9.593266487121582,0.08334814757108688,-0.05768529698252678
1761402279962257000,18.0222568359375,9.845256805419922,0.039055414497852325,-0.10302548855543137
1761402279972338000,18.032337890625,9.79759693145752,0.057984571903944016,-0.06456862390041351
1761402279982444500,18.042444580078126,9.629030227661133,0.07399579882621765,-0.09367313981056213
1761402279992521500,18.052521484375,9.842937469482422,0.04863222315907478,-0.07668927311897278
1761402280002606300,18.0626064453125,9.773580551147461,0.060303956270217896,-0.09195230901241302
1761402280012687400,18.072687255859375,9.695993423461914,0.06471826136112213,-0.07249941676855087
1761402280022768600,18.0827685546875,9.758092880249023,0.05663783475756645,-0.07990647852420807
1761402280032849400,18.092849365234375,9.748665809631348,0.05304653197526932,-0.0834977850317955
1761402280042930400,18.102930419921876,9.725920677185059,0.0553659126162529,-0.08821137249469757
1761402280053007600,18.113007568359375,9.827524185180664,0.043843816965818405,-0.08626607805490494
1761402280063092700,18.1230927734375,9.816750526428223,0.038980595767498016,-0.07788637280464172
1761402280073173500,18.133173583984377,9.73310375213623,0.0553659126162529,-0.08701426535844803
