time,seconds_elapsed,z,y,x
1761402243957796400,0.13279638671875,0.0020151224453002214,0.0007827335502952337,-0.00019984686514362693
1761402243967899000,0.14289892578125,0.0011491194600239396,0.0017486599972471595,0.0011324655497446656
1761402243977983000,0.15298291015625,0.0018818912794813514,0.0014821975491940975,-0.00011657733557512984
1761402243988057000,0.16305712890625,0.0014322358183562756,0.0022482771892100573,-0.0002165007608709857
1761402243998138000,0.17313818359375,0.0019651607144623995,0.0022482771892100573,0.0002831163874361664
1761402244008230000,0.18322998046875,0.0019318530103191733,0.0017653139075264335,0.0012823506258428097
1761402244018300200,0.193300048828125,0.0018319295486435294,0.0017986217280849814,-0.0009159647743217647
1761402244028385300,0.20338525390625,0.0025813551619648933,0.0013822740875184536,-0.0002165007608709857
1761402244038466300,0.21346630859375,0.0018985451897606254,0.0012823506258428097,0.0003164241788908839
1761402244048547600,0.223547607421875,0.002348200650885701,0.0019651607144623995,0.00016653904458507895
1761402244058628400,0.23362841796875,0.0020983919966965914,0.0026646247133612633,0.00018319295486435294
1761402244068709400,0.24370947265625,0.0016487365355715156,0.0010491959983482957,-0.00019984686514362693
1761402244078786600,0.25378662109375,0.0017653139075264335,0.0013656201772391796,0.000016653904822305776
1761402244088871700,0.26387158203125,0.0017153521766886115,0.0012490428052842617,0.0007993874605745077
1761402244098952400,0.273952392578125,0.002431470202282071,0.0019151991000398993,0.00039969373028725386
1761402244109028000,0.284028076171875,0.0012656967155635357,0.0013489662669599056,-0.0002831163874361664
1761402244119115300,0.294115234375,0.0020484302658587694,0.0018152756383642554,0.0002664624771568924
1761402244129196500,0.304196533203125,0.0026313168928027153,0.0016820443561300635,0.00009992343257181346
1761402244139277000,0.314277099609375,0.0017320060869678855,0.0016820443561300635,0.00016653904458507895
1761402244149354200,0.324354248046875,0.0022649310994893312,0.0022649310994893312,0.0002664624771568924
1761402244159439000,0.334439208984375,0.0026146629825234413,0.0019818146247416735,-0.00008326952229253948
1761402244169521000,0.34452099609375,0.0018985451897606254,0.0013156584464013577,-0.00008326952229253948
1761402244179601200,0.35460107421875,0.0021816615480929613,0.0012990045361220837,0.0004330015217419714
1761402244189682400,0.364682373046875,0.0018652373692020774,0.0014322358183562756,0.0002165007608709857
1761402244199763700,0.374763671875,0.0020650841761380434,0.0018152756383642554,0.00019984686514362693
1761402244209840600,0.384840576171875,0.0020484302658587694,0.0021483537275344133,0.0009159647743217647
1761402244219925800,0.39492578125,0.0017653139075264335,0.0020484302658587694,-0.00019984686514362693
1761402244230006500,0.405006591796875,0.0021650076378136873,0.0016986982664093375,0.00046630934230051935
1761402244240062500,0.4150625,0.0016653904458507895,0.0015654671005904675,-0.0004330015217419714
1761402244250168800,0.4251689453125,0.0013656201772391796,0.0022982389200478792,0.00016653904458507895
1761402244260249600,0.43524951171875,0.0016653904458507895,0.0009326186846010387,0.0005162710440345109
1761402244270330600,0.44533056640625,0.0015155053697526455,0.0007494257297366858,0
1761402244280407800,0.45540771484375,0.0019818146247416735,0.0010158881777897477,0.00024980856687761843
1761402244290492700,0.46549267578125,0.0017653139075264335,0.0019151991000398993,-0.0003497319994494319
1761402244300574000,0.475573974609375,0.0019984685350209475,0.0024980856105685234,-0.00018319295486435294
1761402244310630100,0.485630126953125,0.002348200650885701,0.0015821210108697414,0.00016653904458507895
1761402244320712200,0.495712158203125,0.0020484302658587694,0.0022815850097686052,0.0004996171337552369
1761402244330799900,0.5057998046875,0.0019984685350209475,0.0011324655497446656,0.0005995405954308808
1761402244340894700,0.515894775390625,0.0016487365355715156,0.0019984685350209475,0.0003663859097287059
1761402244350948900,0.525948974609375,0.0016820443561300635,0.0015654671005904675,-0.000016653904822305776
1761402244361060000,0.53606005859375,0.0011491194600239396,0.0020983919966965914,0.0008660030434839427
1761402244371141000,0.54614111328125,0.0017486599972471595,0.0013822740875184536,0.0008493491332046688
1761402244381199400,0.556199462890625,0.002331546740606427,0.0009492725948803127,0.0005495788645930588
1761402244391300900,0.56630078125,0.0021316998172551394,0.0013656201772391796,0.0007993874605745077
1761402244401359600,0.576359619140625,0.0017653139075264335,0.0021483537275344133,-0.00016653904458507895
1761402244411438800,0.58643896484375,0.0020317763555794954,0.0011324655497446656,0
1761402244421546500,0.59654638671875,0.0018485834589228034,0.0015821210108697414,0.0005329249543137848
1761402244431603000,0.60660302734375,0.0018152756383642554,0.0016986982664093375,0.0005495788645930588
1761402244441708800,0.616708740234375,0.0022815850097686052,0.0013489662669599056,-0.00016653904458507895
1761402244451765000,0.626764892578125,0.0025647012516856194,0.0016653904458507895,0.0005329249543137848
1761402244461871600,0.63687158203125,0.0022649310994893312,0.0016320826252922416,-0.00011657733557512984
1761402244471947800,0.64694775390625,0.0017653139075264335,0.0019318530103191733,-0.00024980856687761843
1761402244482033000,0.657032958984375,0.0016820443561300635,0.0019651607144623995,0.0003330780891701579
1761402244492114000,0.667114013671875,0.0016320826252922416,0.0010491959983482957,-0.00023315467115025967
1761402244502170000,0.677170166015625,0.0021150459069758654,0.0020484302658587694,-0.0003164241788908839
1761402244512277800,0.68727783203125,0.0016154287150129676,0.0021483537275344133,-0.00019984686514362693
1761402244522335500,0.69733544921875,0.0012823506258428097,0.002464778022840619,0.00011657733557512984
1761402244532435200,0.707435302734375,0.0015987749211490154,0.0020317763555794954,0.000016653904822305776
1761402244542507800,0.7175078125,0.0011990811908617616,0.0012823506258428097,0.0001498851488577202
1761402244552601000,0.72760107421875,0.0018152756383642554,0.002881125546991825,-0.00039969373028725386
1761402244562681900,0.737681884765625,0.0021150459069758654,0.0013989279977977276,0.0000666156192892231
1761402244572737500,0.747737548828125,0.0022482771892100573,0.0014155819080770016,0.00023315467115025967
1761402244582843600,0.75784375,0.002448124112561345,0.0015821210108697414,0.00011657733557512984
1761402244592900600,0.767900634765625,0.0021483537275344133,0.0014988514594733715,-0.00003330780964461155
1761402244603002000,0.778002197265625,0.0017486599972471595,0.0020983919966965914,0.0004163476114626974
1761402244613087200,0.788087158203125,0.0026313168928027153,0.0021150459069758654,0.0007494257297366858
1761402244623145700,0.798145751953125,0.002331546740606427,0.0017320060869678855,0.0005662327748723328
1761402244633240800,0.80824072265625,0.0022982389200478792,0.0015321592800319195,0.0008326952229253948
1761402244643309000,0.81830908203125,0.0016653904458507895,0.0011824272805824876,0.0006328483577817678
1761402244653410800,0.828410888671875,0.0021983154583722353,0.0015821210108697414,0.00016653904458507895
1761402244663488500,0.838488525390625,0.0018985451897606254,0.0012990045361220837,0.00004996171628590673
1761402244673546800,0.848546630859375,0.0020817380864173174,0.0017153521766886115,-0.0001332312385784462
1761402244683654100,0.858654052734375,0.0021150459069758654,0.0012157351011410356,0.0004330015217419714
1761402244693711000,0.868711181640625,0.0025480473414063454,0.0016986982664093375,0.00003330780964461155
1761402244703811800,0.878811767578125,0.002348200650885701,0.0016653904458507895,0.00046630934230051935
1761402244713897700,0.888897705078125,0.0022316232789307833,0.0018485834589228034,0.0004163476114626974
1761402244723974700,0.898974609375,0.002364854561164975,0.0018818912794813514,0.0006828100886195898
1761402244734047700,0.9090478515625,0.0020650841761380434,0.0020817380864173174,-0.00004996171628590673
1761402244744114700,0.91911474609375,0.0017486599972471595,0.0009159647743217647,0.0003330780891701579
1761402244754222300,0.929222412109375,0.0019651607144623995,0.0013656201772391796,-0.0002997702977154404
1761402244764277800,0.93927783203125,0.0021650076378136873,0.0014821975491940975,0.0002664624771568924
1761402244774383600,0.949383544921875,0.0015654671005904675,0.0016487365355715156,0.0007327718194574118
1761402244784440300,0.9594404296875,0.0019651607144623995,0.0015488131903111935,-0.00024980856687761843
1761402244794546700,0.969546630859375,0.0018818912794813514,0.0014821975491940975,-0.0003164241788908839
1761402244804628000,0.9796279296875,0.0015321592800319195,0.0008326952229253948,0.0006661561783403158
1761402244814683600,0.98968359375,0.0019651607144623995,0.0019318530103191733,0.00023315467115025967
1761402244824782800,0.999782958984375,0.0014655436389148235,0.0018818912794813514,0.00004996171628590673
1761402244834844700,1.0098447265625,0.0021483537275344133,0.0016487365355715156,0.0007494257297366858
1761402244844951800,1.019951904296875,0.0025147395208477974,0.0012490428052842617,-0.0001498851488577202
1761402244855033000,1.030033203125,0.0019984685350209475,0.0021650076378136873,0.00046630934230051935
1761402244865089300,1.04008935546875,0.0017819678178057075,0.0013822740875184536,0.0006161945057101548
1761402244875194000,1.050194091796875,0.0012157351011410356,0.0015321592800319195,0.0003330780891701579
1761402244885251600,1.06025146484375,0.0018818912794813514,0.0017819678178057075,0.0008493491332046688
1761402244895355600,1.070355712890625,0.0015821210108697414,0.0018985451897606254,0.0006661561783403158
1761402244905428700,1.0804287109375,0.0018818912794813514,0.0026313168928027153,0.00011657733557512984
1761402244915518500,1.0905185546875,0.0018152756383642554,0.002414816292002797,-0.00004996171628590673
1761402244925600300,1.100600341796875,0.0022316232789307833,0.0016320826252922416,0.0005162710440345109
1761402244935655700,1.11065576171875,0.0026313168928027153,0.0019651607144623995,0.0004330015217419714
1761402244945736700,1.12073681640625,0.0016653904458507895,0.0017986217280849814,0.0001498851488577202
1761402244955820800,1.13082080078125,0.0021483537275344133,0.0015987749211490154,0.0003663859097287059
1761402244965923600,1.140923583984375,0.0020317763555794954,0.0022316232789307833,0.00018319295486435294
1761402244975979300,1.150979248046875,0.002481431933119893,0.0021983154583722353,0.0008160413126461208
1761402244986085600,1.161085693359375,0.0017486599972471595,0.002331546740606427,0.0005162710440345109
1761402244996167700,1.171167724609375,0.0016320826252922416,0.0016986982664093375,0.0005329249543137848
1761402245006248000,1.181248046875,0.0022982389200478792,0.0018485834589228034,-0.00004996171628590673
1761402245016329200,1.1913291015625,0.0015321592800319195,0.0003164241788908839,0.0002664624771568924
1761402245026410000,1.201409912109375,0.0015321592800319195,0.0014488897286355495,0.0005162710440345109
1761402245036491300,1.2114912109375,0.0016986982664093375,0.0013822740875184536,0.0004996171337552369
1761402245046573300,1.2215732421875,0.0022149693686515093,0.0016820443561300635,-0.0008160413126461208
1761402245056654000,1.231654052734375,0.0018319295486435294,0.0016820443561300635,0.0003164241788908839
1761402245066734300,1.241734375,0.0016986982664093375,0.0015155053697526455,-0.00023315467115025967
1761402245076815400,1.2518154296875,0.0018152756383642554,0.0017153521766886115,0.00039969373028725386
1761402245086896600,1.261896728515625,0.0018152756383642554,0.0017320060869678855,0.0008326952229253948
1761402245096978200,1.271978271484375,0.002348200650885701,0.0022482771892100573,-0.00003330780964461155
1761402245107059200,1.28205908203125,0.0014655436389148235,0.0013822740875184536,0.00019984686514362693
1761402245117139700,1.2921396484375,0.0022149693686515093,0.0022982389200478792,0.0000666156192892231
1761402245127220500,1.302220458984375,0.0022649310994893312,0.0014322358183562756,0.0005995405954308808
1761402245137270800,1.312270751953125,0.0025147395208477974,0.0014821975491940975,0.0002664624771568924
1761402245147391700,1.322391845703125,0.0022649310994893312,0.0019984685350209475,-0.00048296325257979333
1761402245157465000,1.332465087890625,0.0022649310994893312,0.0017486599972471595,-0.0004163476114626974
1761402245167544800,1.342544921875,0.002414816292002797,0.0014322358183562756,0.0006994639988988638
1761402245177625900,1.3526259765625,0.0018652373692020774,0.0013489662669599056,0.0008660030434839427
1761402245187707100,1.36270703125,0.0016820443561300635,0.0017320060869678855,0.00039969373028725386
1761402245197788000,1.372787841796875,0.0019984685350209475,0.0014655436389148235,0.0003663859097287059
1761402245207870200,1.3828701171875,0.0019485069205984473,0.0022649310994893312,-0.0001498851488577202
1761402245217951000,1.392950927734375,0.002431470202282071,0.0014322358183562756,0.00048296325257979333
1761402245228027600,1.403027587890625,0.0022982389200478792,0.0015488131903111935,-0.00048296325257979333
1761402245238108200,1.413108154296875,0.0022149693686515093,0.0022149693686515093,-0.000016653904822305776
1761402245248190200,1.423190185546875,0.002314892830327153,0.0017653139075264335,0.0008326952229253948
1761402245258275000,1.433275146484375,0.0025480473414063454,0.0020484302658587694,0.0002165007608709857
1761402245268355600,1.44335546875,0.0017986217280849814,0.0015987749211490154,0.0004996171337552369
1761402245278436600,1.4534365234375,0.0021650076378136873,0.0015821210108697414,0.0009159647743217647
1761402245288503800,1.46350390625,0.0022815850097686052,0.0018485834589228034,0.00023315467115025967
1761402245298594800,1.4735947265625,0.002314892830327153,0.0009659265051595867,0.00048296325257979333
1761402245308680200,1.48368017578125,0.002414816292002797,0.0022316232789307833,0.0009159647743217647
1761402245318761000,1.493760986328125,0.0018319295486435294,0.0020650841761380434,0.0004996171337552369
1761402245328841700,1.503841796875,0.0015821210108697414,0.0013323123566806316,0.00018319295486435294
1761402245338922800,1.5139228515625,0.0019984685350209475,0.0017653139075264335,-0.00009992343257181346
1761402245349004000,1.524004150390625,0.0020317763555794954,0.0018485834589228034,0.00048296325257979333
1761402245359081700,1.534081787109375,0.0014155819080770016,0.0016653904458507895,0.0005329249543137848
1761402245369166300,1.544166259765625,0.0017653139075264335,0.0019651607144623995,0.0003330780891701579
1761402245379247400,1.554247314453125,0.0021650076378136873,0.0014488897286355495,0.0002664624771568924
1761402245389328100,1.564328125,0.0018485834589228034,0.0022149693686515093,0.00044965543202124536
1761402245399409200,1.5744091796875,0.002398162381723523,0.0008493491332046688,0.0006495022680610418
1761402245409491700,1.58449169921875,0.0022815850097686052,0.0010825038189068437,0.00048296325257979333
1761402245419572200,1.594572265625,0.0022482771892100573,0.0009326186846010387,-0.00009992343257181346
1761402245429648600,1.604648681640625,0.0022982389200478792,0.0021483537275344133,-0.000016653904822305776
1761402245439733500,1.6147333984375,0.0012990045361220837,0.0007327718194574118,0.00003330780964461155
1761402245449814800,1.624814697265625,0.0016986982664093375,0.0018818912794813514,-0.00046630934230051935
1761402245459895600,1.6348955078125,0.0013323123566806316,0.0008493491332046688,-0.0001332312385784462
1761402245469976600,1.6449765625,0.0017153521766886115,0.0015987749211490154,-0.00023315467115025967
1761402245480057900,1.655057861328125,0.0020817380864173174,0.0017986217280849814,0.0004996171337552369
1761402245490134800,1.665134765625,0.0011158116394653916,0.0011158116394653916,0.00004996171628590673
1761402245500220700,1.675220703125,0.0021983154583722353,0.0017320060869678855,0.00023315467115025967
1761402245510300700,1.68530078125,0.0020151224453002214,0.0009825803572311997,0.0004330015217419714
1761402245520382200,1.69538232421875,0.0020484302658587694,0.0011491194600239396,0.00023315467115025967
1761402245530463000,1.705462890625,0.0021816615480929613,0.002431470202282071,0.0010491959983482957
1761402245540544000,1.7155439453125,0.002331546740606427,0.0013323123566806316,-0.00004996171628590673
1761402245550625800,1.725625732421875,0.0020484302658587694,0.002797855995595455,0.00048296325257979333
1761402245560702500,1.735702392578125,0.0015821210108697414,0.0019485069205984473,-0.00016653904458507895
1761402245570787600,1.74578759765625,0.0016986982664093375,0.0010491959983482957,0.00011657733557512984
1761402245580868000,1.7558681640625,0.0020317763555794954,0.0019485069205984473,-0.0001332312385784462
1761402245590949600,1.76594970703125,0.002398162381723523,0.0009492725948803127,0.0006661561783403158
1761402245601030700,1.77603076171875,0.0021816615480929613,0.0020151224453002214,0.0005995405954308808
1761402245611084800,1.786084716796875,0.0020317763555794954,0.0011491194600239396,0.00038303982000797987
1761402245621188600,1.796188720703125,0.0017986217280849814,0.0013489662669599056,0.0007827335502952337
1761402245631273500,1.8062734375,0.0016986982664093375,0.0016653904458507895,0.0008493491332046688
1761402245641354500,1.8163544921875,0.0011324655497446656,0.0012157351011410356,0.0008160413126461208
1761402245651437000,1.82643701171875,0.0013822740875184536,0.0012323890114203095,0.00009992343257181346
1761402245661516800,1.836516845703125,0.0017819678178057075,0.0019651607144623995,-0.00009992343257181346
1761402245671598600,1.8465986328125,0.0014322358183562756,0.0018652373692020774,0.0007660796400159597
1761402245681675300,1.85667529296875,0.0020151224453002214,0.0019651607144623995,0.0003164241788908839
1761402245691760600,1.8667607421875,0.0019151991000398993,0.0016820443561300635,0.00016653904458507895
1761402245701841000,1.8768408203125,0.0019984685350209475,0.0016320826252922416,0.00038303982000797987
1761402245711922000,1.886921875,0.0021983154583722353,0.0018485834589228034,0.0009326186846010387
1761402245722003200,1.897003173828125,0.0014655436389148235,0.0012823506258428097,0.0008993108640424907
1761402245732084200,1.907084228515625,0.002381508471444249,0.0016154287150129676,-0.00004996171628590673
1761402245742166000,1.917166015625,0.0019318530103191733,0.0016986982664093375,0.0006495022680610418
1761402245752242400,1.927242431640625,0.0021650076378136873,0.0018985451897606254,0.0002664624771568924
1761402245762327600,1.93732763671875,0.002764548175036907,0.0010991577291861176,0.0001498851488577202
1761402245772408300,1.947408203125,0.0020650841761380434,0.0014655436389148235,-0.00048296325257979333
1761402245782489600,1.957489501953125,0.0019651607144623995,0.0013489662669599056,0.0001498851488577202
1761402245792571100,1.967571044921875,0.0022149693686515093,0.0012157351011410356,0.0007494257297366858
1761402245802651600,1.977651611328125,0.002314892830327153,0.0013656201772391796,0.00038303982000797987
1761402245812729000,1.98772900390625,0.0022482771892100573,0.0016653904458507895,0
1761402245822814200,1.997814208984375,0.0017486599972471595,0.0018485834589228034,0.0002165007608709857
1761402245832894700,2.007894775390625,0.0019485069205984473,0.0020317763555794954,0.0002831163874361664
1761402245842976500,2.0179765625,0.0017986217280849814,0.0019485069205984473,0.00003330780964461155
1761402245853056800,2.028056884765625,0.0021650076378136873,0.0016487365355715156,0.0006661561783403158
1761402245863114000,2.038114013671875,0.0018818912794813514,0.0021483537275344133,0.0003663859097287059
1761402245873219800,2.0482197265625,0.0014988514594733715,0.0020151224453002214,0.00019984686514362693
1761402245883283000,2.058282958984375,0.0019651607144623995,0.0009159647743217647,0.00038303982000797987
1761402245893382400,2.06838232421875,0.0021150459069758654,0.0015987749211490154,0.0003663859097287059
1761402245903462100,2.078462158203125,0.0019818146247416735,0.0015321592800319195,0.0002831163874361664
1761402245913497300,2.088497314453125,0.0020817380864173174,0.0013489662669599056,0.00003330780964461155
1761402245923600000,2.098599853515625,0.0021983154583722353,0.0012323890114203095,0.0007161179091781378
1761402245933680000,2.10868017578125,0.0020817380864173174,0.0012990045361220837,0.00008326952229253948
1761402245943771100,2.118771240234375,0.0027312403544783592,0.0020983919966965914,-0.00046630934230051935
1761402245953868000,2.128867919921875,0.0018818912794813514,0.0017819678178057075,-0.0000666156192892231
1761402245963949600,2.138949462890625,0.0019485069205984473,0.0012990045361220837,0.0003330780891701579
1761402245974049800,2.1490498046875,0.0018652373692020774,0.0008993108640424907,-0.00018319295486435294
1761402245984088300,2.15908837890625,0.0016986982664093375,0.0011324655497446656,-0.00009992343257181346
1761402245994192000,2.16919189453125,0.002348200650885701,0.0015987749211490154,-0.0004163476114626974
1761402246004270300,2.179270263671875,0.0017819678178057075,0.0018818912794813514,0.00008326952229253948
1761402246014354000,2.18935400390625,0.0022149693686515093,0.0025647012516856194,0.0001332312385784462
1761402246024434700,2.1994345703125,0.0020151224453002214,0.0014655436389148235,0.00008326952229253948
1761402246034499600,2.20949951171875,0.0020817380864173174,0.0011824272805824876,-0.00018319295486435294
1761402246044574200,2.21957421875,0.0016487365355715156,0.0018485834589228034,0.00048296325257979333
1761402246054667800,2.229667724609375,0.0016154287150129676,0.0017986217280849814,0.0008493491332046688
1761402246064759300,2.23975927734375,0.0018985451897606254,0.0022316232789307833,0.0006161945057101548
1761402246074807600,2.2498076171875,0.0019485069205984473,0.0013656201772391796,0.0011324655497446656
1761402246084922000,2.259922119140625,0.0021983154583722353,0.0010825038189068437,0.00046630934230051935
1761402246095002400,2.27000244140625,0.0017653139075264335,0.0011324655497446656,0.0001498851488577202
1761402246105058600,2.28005859375,0.0018485834589228034,0.0020151224453002214,0.0008493491332046688
1761402246115142100,2.29014208984375,0.002464778022840619,0.0015821210108697414,0.0006828100886195898
1761402246125220600,2.300220703125,0.0019485069205984473,0.002331546740606427,0.00039969373028725386
1761402246135327500,2.310327392578125,0.0017153521766886115,0.0017153521766886115,0.0008826569537632167
1761402246145408800,2.32040869140625,0.0026979325339198112,0.0015155053697526455,0.00039969373028725386
1761402246155459300,2.330459228515625,0.002398162381723523,0.0015654671005904675,0.0002664624771568924
1761402246165544400,2.34054443359375,0.0019984685350209475,0.0024980856105685234,0.0006495022680610418
1761402246175609900,2.35060986328125,0.0026979325339198112,0.0022982389200478792,-0.000016653904822305776
1761402246185732400,2.360732421875,0.0025147395208477974,0.0014821975491940975,-0.00023315467115025967
1761402246195813000,2.370813232421875,0.0025980090722441673,0.0013323123566806316,0.0004996171337552369
1761402246205868500,2.38086865234375,0.0020151224453002214,0.0022815850097686052,0.0009492725948803127
1761402246215975000,2.390974853515625,0.0016320826252922416,0.0020983919966965914,0.0001332312385784462
1761402246226047700,2.4010478515625,0.0025980090722441673,0.0012656967155635357,0.00023315467115025967
1761402246236112000,2.41111181640625,0.0016820443561300635,0.0014988514594733715,0.0002831163874361664
1761402246246209800,2.421209716796875,0.002398162381723523,0.0017320060869678855,0.0002997702977154404
1761402246256300000,2.431300048828125,0.0021150459069758654,0.0022316232789307833,0.0006661561783403158
1761402246266357200,2.441357177734375,0.0021983154583722353,0.002481431933119893,0.0005662327748723328
1761402246276461800,2.4514619140625,0.0022482771892100573,0.0012990045361220837,0.00008326952229253948
1761402246286543400,2.46154345703125,0.0018319295486435294,0.0015821210108697414,0.0007827335502952337
1761402246296616400,2.471616455078125,0.0018818912794813514,0.0018485834589228034,0.00018319295486435294
1761402246306682000,2.48168212890625,0.0018818912794813514,0.0019984685350209475,0.0005828866851516068
1761402246316760300,2.49176025390625,0.0020484302658587694,0.002897779457271099,0.0009159647743217647
1761402246326868000,2.501867919921875,0.0016154287150129676,0.0019651607144623995,0.00024980856687761843
1761402246336947700,2.51194775390625,0.0015488131903111935,0.0020817380864173174,-0.0002165007608709857
1761402246347018200,2.522018310546875,0.0016487365355715156,0.0014655436389148235,0.0003497319994494319
1761402246357086700,2.532086669921875,0.0014821975491940975,0.0016986982664093375,0.0001498851488577202
1761402246367189000,2.54218896484375,0.0022482771892100573,0.0013489662669599056,-0.00046630934230051935
1761402246377273000,2.552273193359375,0.0016653904458507895,0.0014488897286355495,0.0001332312385784462
1761402246387353900,2.562353759765625,0.0025813551619648933,0.0012490428052842617,0.00008326952229253948
1761402246397437700,2.572437744140625,0.0017486599972471595,0.0012490428052842617,0.00008326952229253948
1761402246407515000,2.582514892578125,0.0018818912794813514,0.0022982389200478792,0.0011491194600239396
1761402246417569000,2.592569091796875,0.0022982389200478792,0.0016653904458507895,0.0005828866851516068
1761402246427652400,2.60265234375,0.002448124112561345,0.0012157351011410356,0.00044965543202124536
1761402246437758200,2.61275830078125,0.0020650841761380434,0.0009159647743217647,0.0001332312385784462
1761402246447839700,2.62283984375,0.0015488131903111935,0.0015821210108697414,0.0005995405954308808
1761402246457910800,2.632910888671875,0.0019485069205984473,0.0012157351011410356,0.0001498851488577202
1761402246468000300,2.643000244140625,0.0013489662669599056,0.0016820443561300635,-0.00046630934230051935
1761402246478078200,2.653078125,0.0020317763555794954,0.0018152756383642554,0.0003497319994494319
1761402246488160000,2.663159912109375,0.0025147395208477974,0.0007660796400159597,0.00008326952229253948
1761402246498220300,2.67322021484375,0.0016487365355715156,0.0011324655497446656,-0.0003663859097287059
1761402246508300800,2.68330078125,0.0018485834589228034,0.0017819678178057075,0.00016653904458507895
1761402246518403300,2.6934033203125,0.0022316232789307833,0.0019485069205984473,0.0006661561783403158
1761402246528487700,2.70348779296875,0.0025147395208477974,0.0017320060869678855,0.0002997702977154404
1761402246538568700,2.713568603515625,0.0021983154583722353,0.0011657733703032136,0.00038303982000797987
1761402246548630300,2.72363037109375,0.0022982389200478792,0.0014655436389148235,0.0006994639988988638
1761402246558689000,2.73368896484375,0.0021816615480929613,0.0016487365355715156,0.0005828866851516068
1761402246568813000,2.74381298828125,0.0016986982664093375,0.0011824272805824876,0.0012157351011410356
1761402246578889500,2.753889404296875,0.0019485069205984473,0.0014322358183562756,0.0004330015217419714
1761402246588998700,2.76399853515625,0.0017653139075264335,0.0011657733703032136,0.0008160413126461208
1761402246599055400,2.774055419921875,0.0017320060869678855,0.0012490428052842617,-0.00011657733557512984
1761402246609136400,2.784136474609375,0.0025480473414063454,0.0015821210108697414,0.00048296325257979333
1761402246619198000,2.794197998046875,0.0021983154583722353,0.0017653139075264335,0.0002664624771568924
1761402246629305900,2.804305908203125,0.0020484302658587694,0.0012823506258428097,0.0006328483577817678
1761402246639376400,2.81437646484375,0.0014988514594733715,0.0016320826252922416,0.00046630934230051935
1761402246649430800,2.8244306640625,0.0017653139075264335,0.0011824272805824876,0.0005329249543137848
1761402246659542300,2.834542236328125,0.0018485834589228034,0.0016320826252922416,0.0005662327748723328
1761402246669623300,2.844623291015625,0.0022982389200478792,0.0018319295486435294,0.0004996171337552369
1761402246679680800,2.8546806640625,0.0019984685350209475,0.0008660030434839427,0.0003497319994494319
1761402246689759700,2.864759765625,0.0020317763555794954,0.0009825803572311997,-0.00008326952229253948
1761402246699846100,2.87484619140625,0.0020817380864173174,0.0011824272805824876,-0.00016653904458507895
1761402246709943600,2.884943603515625,0.002814509905874729,0.0014322358183562756,0.0005662327748723328
1761402246720028400,2.8950283203125,0.0016653904458507895,0.0011990811908617616,0.00039969373028725386
1761402246730084400,2.90508447265625,0.0021483537275344133,0.0020650841761380434,0.00044965543202124536
1761402246740164900,2.915164794921875,0.0027312403544783592,0.0020817380864173174,0.00046630934230051935
1761402246750263600,2.925263671875,0.002381508471444249,0.0022815850097686052,0.0005828866851516068
1761402246760352800,2.935352783203125,0.0021150459069758654,0.0014655436389148235,0.0008493491332046688
1761402246770430000,2.945429931640625,0.0015155053697526455,0.0016653904458507895,0.00008326952229253948
1761402246780489000,2.955489013671875,0.0016820443561300635,0.0017486599972471595,0.0008326952229253948
1761402246790595000,2.965594970703125,0.0022316232789307833,0.0015155053697526455,0.00018319295486435294
1761402246800680400,2.975680419921875,0.0018485834589228034,0.0022316232789307833,0.0004996171337552369
1761402246810712300,2.98571240234375,0.0011824272805824876,0.0018152756383642554,-0.0001498851488577202
1761402246820852000,2.99585205078125,0.0020484302658587694,0.0021150459069758654,-0.0005828866851516068
1761402246830920700,3.005920654296875,0.0021650076378136873,0.0014322358183562756,0.00004996171628590673
1761402246840996900,3.015996826171875,0.0015321592800319195,0.002431470202282071,0.0005162710440345109
1761402246851056600,3.026056640625,0.0018152756383642554,0.0016487365355715156,0.0003330780891701579
1761402246861142500,3.036142578125,0.0017486599972471595,0.0015488131903111935,0.0009159647743217647
1761402246871268400,3.046268310546875,0.0021316998172551394,0.0007494257297366858,0.0006495022680610418
1761402246881311700,3.056311767578125,0.0018985451897606254,0.0015488131903111935,0.0007327718194574118
1761402246891380500,3.06638037109375,0.0016487365355715156,0.0025313934311270714,0.0002997702977154404
1761402246901483800,3.07648388671875,0.0015821210108697414,0.0020151224453002214,0.0004996171337552369
1761402246911568000,3.08656787109375,0.0022316232789307833,0.0020317763555794954,0.0006328483577817678
1761402246921624000,3.0966240234375,0.0022149693686515093,0.0008660030434839427,0.0003330780891701579
1761402246931705600,3.10670556640625,0.0020151224453002214,0.0014488897286355495,0.00048296325257979333
1761402246941811200,3.116811279296875,0.0020983919966965914,0.0010325420880690217,0
1761402246951891500,3.126891357421875,0.0015821210108697414,0.0020650841761380434,-0.00003330780964461155
1761402246961970000,3.136969970703125,0.0020317763555794954,0.0013989279977977276,0.0002997702977154404
1761402246972055300,3.14705517578125,0.0025647012516856194,0.0018818912794813514,-0.00008326952229253948
1761402246982135600,3.157135498046875,0.0012323890114203095,0.0019984685350209475,0.0002997702977154404
1761402246992216300,3.16721630859375,0.0019485069205984473,0.0019151991000398993,0.0006161945057101548
1761402247002297600,3.177297607421875,0.0017486599972471595,0.0019818146247416735,0.0006828100886195898
1761402247012379100,3.187379150390625,0.0014821975491940975,0.0011491194600239396,0.0011990811908617616
1761402247022460400,3.19746044921875,0.0013822740875184536,0.0013822740875184536,-0.0003164241788908839
1761402247032515800,3.207515869140625,0.0018818912794813514,0.0006994639988988638,0.00024980856687761843
1761402247042622500,3.21762255859375,0.0025980090722441673,0.0021316998172551394,0.0010325420880690217
1761402247052688400,3.2276884765625,0.0020151224453002214,0.002364854561164975,0.00044965543202124536
1761402247062758400,3.23775830078125,0.0020151224453002214,0.0018485834589228034,-0.00016653904458507895
1761402247072864800,3.24786474609375,0.0016487365355715156,0.0008493491332046688,-0.00004996171628590673
1761402247082946300,3.2579462890625,0.0016487365355715156,0.0018985451897606254,0.0006994639988988638
1761402247093023700,3.268023681640625,0.0018152756383642554,0.0018319295486435294,0.0006328483577817678
1761402247103093000,3.278093017578125,0.0018319295486435294,0.0016820443561300635,0.0006994639988988638
1761402247113190000,3.28818994140625,0.0014488897286355495,0.0011324655497446656,0.0007993874605745077
1761402247123271000,3.29827099609375,0.002481431933119893,0.0017653139075264335,0.00004996171628590673
1761402247133326000,3.308326171875,0.0017320060869678855,0.0018485834589228034,0.0002997702977154404
1761402247143433500,3.31843359375,0.0021650076378136873,0.0017653139075264335,-0.00018319295486435294
1761402247153513200,3.32851318359375,0.0015654671005904675,0.0014322358183562756,0.0005662327748723328
1761402247163590700,3.338590576171875,0.0020983919966965914,0.0015987749211490154,0.0004996171337552369
1761402247173675500,3.348675537109375,0.002398162381723523,0.0018818912794813514,-0.0000666156192892231
1761402247183756500,3.358756591796875,0.0020817380864173174,0.0017986217280849814,0.0003330780891701579
1761402247193838300,3.36883837890625,0.0015488131903111935,0.0006661561783403158,-0.0003663859097287059
1761402247203918800,3.3789189453125,0.0014988514594733715,0.0022982389200478792,0.0006495022680610418
1761402247214000600,3.389000732421875,0.0019485069205984473,0.0014655436389148235,0.00003330780964461155
1761402247224076500,3.39907666015625,0.0022649310994893312,0.0016154287150129676,0.0005162710440345109
1761402247234162200,3.409162109375,0.0021316998172551394,0.0018652373692020774,0.0002831163874361664
1761402247244218000,3.419218017578125,0.0020650841761380434,0.0020817380864173174,0.0004163476114626974
1761402247254324700,3.42932470703125,0.0019984685350209475,0.0014988514594733715,0.00008326952229253948
1761402247264405200,3.4394052734375,0.0015987749211490154,0.0013323123566806316,0.0007327718194574118
1761402247274475800,3.449475830078125,0.0015321592800319195,0.0007494257297366858,0.0002831163874361664
1761402247284568000,3.459568115234375,0.0019818146247416735,0.0017486599972471595,0.0005995405954308808
1761402247294648300,3.4696484375,0.002431470202282071,0.0011158116394653916,0.00009992343257181346
1761402247304730000,3.479730224609375,0.002364854561164975,0.0021483537275344133,0.00008326952229253948
1761402247314810000,3.48981005859375,0.002797855995595455,0.0020151224453002214,0.0005662327748723328
1761402247324866300,3.4998662109375,0.0017986217280849814,0.0025647012516856194,0.0003164241788908839
1761402247334973200,3.50997314453125,0.0020650841761380434,0.002914433367550373,0.0005995405954308808
1761402247345053700,3.5200537109375,0.002398162381723523,0.0016820443561300635,0.0003497319994494319
1761402247355135700,3.5301357421875,0.0018485834589228034,0.0013489662669599056,-0.00004996171628590673
1761402247365216300,3.54021630859375,0.0021816615480929613,0.0013822740875184536,-0.0002165007608709857
1761402247375297000,3.550297119140625,0.0019984685350209475,0.0019318530103191733,-0.00018319295486435294
1761402247385378800,3.56037890625,0.0022815850097686052,0.0024980856105685234,-0.0003497319994494319
1761402247395474000,3.570473876953125,0.0016320826252922416,0.0021150459069758654,0.0006828100886195898
1761402247405540600,3.58054052734375,0.002414816292002797,0.0006828100886195898,0.0002831163874361664
1761402247415621400,3.590621337890625,0.0016986982664093375,0.0009326186846010387,0.0004330015217419714
1761402247425702000,3.600701904296875,0.0021483537275344133,0.0016154287150129676,0.00011657733557512984
1761402247435783200,3.610783203125,0.002364854561164975,0.0016487365355715156,0.0006495022680610418
1761402247445860000,3.620860107421875,0.0017653139075264335,0.0015654671005904675,0.0005995405954308808
1761402247455945200,3.6309453125,0.0021650076378136873,0.0015488131903111935,0.0005995405954308808
1761402247466027000,3.641027099609375,0.0018485834589228034,0.0019151991000398993,0.0010325420880690217
1761402247476107500,3.651107421875,0.0013489662669599056,0.0021483537275344133,0.00038303982000797987
1761402247486188500,3.6611884765625,0.0016487365355715156,0.0015488131903111935,0.0003164241788908839
1761402247496270000,3.67127001953125,0.0018319295486435294,0.0013822740875184536,-0.0001332312385784462
1761402247506351000,3.68135107421875,0.0020817380864173174,0.002381508471444249,0.0005828866851516068
1761402247516432100,3.69143212890625,0.0016487365355715156,0.0014655436389148235,0.0006661561783403158
1761402247526512600,3.7015126953125,0.0018985451897606254,0.0013156584464013577,0.00039969373028725386
1761402247536568300,3.711568359375,0.0017819678178057075,0.0013822740875184536,-0.000016653904822305776
1761402247546675700,3.72167578125,0.0018652373692020774,0.0017653139075264335,0.00018319295486435294
1761402247556756500,3.731756591796875,0.0013489662669599056,0.0016487365355715156,0.00019984686514362693
1761402247566835700,3.741835693359375,0.0021150459069758654,0.0016320826252922416,0.0001332312385784462
1761402247576918000,3.75191796875,0.0019485069205984473,0.0012990045361220837,-0.000016653904822305776
1761402247586998800,3.761998779296875,0.0014821975491940975,0.0009992342675104737,0.0003663859097287059
1761402247597080600,3.77208056640625,0.002331546740606427,0.0007827335502952337,0.0002997702977154404
1761402247607136300,3.78213623046875,0.0019984685350209475,0.0013656201772391796,0.0008493491332046688
1761402247617241900,3.792241943359375,0.0012490428052842617,0.0010991577291861176,0.0003330780891701579
1761402247627323600,3.80232373046875,0.0022316232789307833,0.002897779457271099,0.00046630934230051935
1761402247637405000,3.812405029296875,0.0017986217280849814,0.0017153521766886115,0.0013656201772391796
1761402247647486000,3.82248583984375,0.0015321592800319195,0.0011824272805824876,0.0007494257297366858
1761402247657567000,3.83256689453125,0.0020317763555794954,0.0010658499086275697,0.0009326186846010387
1761402247667648000,3.84264794921875,0.0025480473414063454,0.0014488897286355495,0.000016653904822305776
1761402247677721300,3.852721435546875,0.0019818146247416735,0.0015654671005904675,0.0005662327748723328
1761402247687810000,3.86281005859375,0.0021316998172551394,0.0006661561783403158,0.0007993874605745077
1761402247697865500,3.872865478515625,0.0017320060869678855,0.0016487365355715156,0.0003164241788908839
1761402247707986200,3.882986083984375,0.0016820443561300635,0.0015321592800319195,0.00046630934230051935
1761402247718049300,3.89304931640625,0.0021983154583722353,0.0016820443561300635,0.0007494257297366858
1761402247728130300,3.90313037109375,0.0019818146247416735,0.002398162381723523,0.00038303982000797987
1761402247738213600,3.913213623046875,0.0017153521766886115,0.0020317763555794954,-0.0001498851488577202
1761402247748273400,3.9232734375,0.0016487365355715156,0.0013822740875184536,-0.0003330780891701579
1761402247758376700,3.933376708984375,0.0018985451897606254,0.0021483537275344133,0.0005662327748723328
1761402247768458800,3.943458740234375,0.0017819678178057075,0.0019818146247416735,0.00009992343257181346
1761402247778539300,3.953539306640625,0.0026979325339198112,0.0018818912794813514,0.0007327718194574118
1761402247788619800,3.963619873046875,0.002481431933119893,0.0013323123566806316,0.0009659265051595867
1761402247798698000,3.973697998046875,0.0020983919966965914,0.0014155819080770016,0.00046630934230051935
1761402247808782000,3.983781982421875,0.0022482771892100573,0.0014322358183562756,0.0006495022680610418
1761402247818863900,3.99386376953125,0.0020317763555794954,0.0012990045361220837,0.0006161945057101548
1761402247828919600,4.00391943359375,0.0013156584464013577,0.0008660030434839427,0.0004163476114626974
1761402247839007500,4.014007568359375,0.0018319295486435294,0.0014322358183562756,-0.00003330780964461155
1761402247849107500,4.024107421875,0.0017653139075264335,0.0014488897286355495,0.00011657733557512984
1761402247859177200,4.03417724609375,0.0015987749211490154,0.0019984685350209475,0.0007993874605745077
1761402247869269200,4.044269287109375,0.0013323123566806316,0.0018319295486435294,0.0001332312385784462
1761402247879349500,4.054349609375,0.0018319295486435294,0.0022649310994893312,0.00011657733557512984
1761402247889431000,4.06443115234375,0.0021983154583722353,0.002381508471444249,0.0004163476114626974
1761402247899511600,4.074511474609375,0.0013822740875184536,0.002431470202282071,0.00023315467115025967
1761402247909592600,4.084592529296875,0.0019651607144623995,0.0015987749211490154,0.00011657733557512984
1761402247919670000,4.094669921875,0.0020317763555794954,0.0010991577291861176,0.00009992343257181346
1761402247929755000,4.1047548828125,0.0020151224453002214,0.0020817380864173174,0.0005995405954308808
1761402247939836400,4.11483642578125,0.0018652373692020774,0.0019485069205984473,0.00023315467115025967
1761402247949891600,4.1248916015625,0.0021483537275344133,0.0013656201772391796,0.00024980856687761843
1761402247959984000,4.134984130859375,0.0025313934311270714,0.0013323123566806316,-0.00023315467115025967
1761402247970079200,4.145079345703125,0.0021150459069758654,0.0003330780891701579,0.0012323890114203095
1761402247980160000,4.155159912109375,0.0022649310994893312,0.0020650841761380434,0.0005828866851516068
1761402247990237200,4.1652373046875,0.0018985451897606254,0.0019984685350209475,-0.00009992343257181346
1761402248000322600,4.175322509765625,0.0017819678178057075,0.0018985451897606254,0.0005495788645930588
1761402248010403800,4.18540380859375,0.0016653904458507895,0.0013656201772391796,-0.00046630934230051935
1761402248020484600,4.195484619140625,0.0016320826252922416,0.0014655436389148235,0.0005662327748723328
1761402248030565400,4.2055654296875,0.0018652373692020774,0.0016487365355715156,-0.0002664624771568924
1761402248040647000,4.21564697265625,0.0017153521766886115,0.0025313934311270714,0.00048296325257979333
1761402248050723300,4.225723388671875,0.0019318530103191733,0.0019151991000398993,0.0003663859097287059
1761402248060808400,4.235808349609375,0.0021316998172551394,0.0022982389200478792,0.00048296325257979333
1761402248070890000,4.245889892578125,0.0018152756383642554,0.0015987749211490154,-0.00003330780964461155
1761402248080946400,4.255946533203125,0.002364854561164975,0.0021150459069758654,0.0005329249543137848
1761402248091051800,4.2660517578125,0.0017653139075264335,0.0015321592800319195,0.0003497319994494319
1761402248101132800,4.2761328125,0.0014488897286355495,0.0017653139075264335,-0.000016653904822305776
1761402248111213800,4.2862138671875,0.0019818146247416735,0.002381508471444249,0.0007993874605745077
1761402248121286000,4.296285888671875,0.0020983919966965914,0.002348200650885701,-0.0005329249543137848
1761402248131376000,4.306376220703125,0.0017653139075264335,0.0012656967155635357,0.0001332312385784462
1761402248141457200,4.31645703125,0.0020484302658587694,0.0008493491332046688,0.00046630934230051935
1761402248151513000,4.32651318359375,0.002348200650885701,0.0018152756383642554,0.0005495788645930588
1761402248161619000,4.336618896484375,0.002831163816154003,0.0016820443561300635,0.0008493491332046688
1761402248171700500,4.346700439453125,0.002481431933119893,0.0013989279977977276,0.0006661561783403158
1761402248181777400,4.35677734375,0.002381508471444249,0.0015987749211490154,-0.0001498851488577202
1761402248191862500,4.366862548828125,0.0018985451897606254,0.0015654671005904675,0.0006661561783403158
1761402248201943000,4.376943115234375,0.0021816615480929613,0.0016487365355715156,0.0004330015217419714
1761402248212024300,4.3870244140625,0.0020484302658587694,0.0019818146247416735,0.0004330015217419714
1761402248222105600,4.397105712890625,0.0016986982664093375,0.002481431933119893,0.0010491959983482957
1761402248232187000,4.407186767578125,0.0019318530103191733,0.0016320826252922416,0.00039969373028725386
1761402248242228000,4.41722802734375,0.002331546740606427,0.0016653904458507895,0.0005495788645930588
1761402248252349200,4.42734912109375,0.002414816292002797,0.0012990045361220837,0.0003330780891701579
1761402248262429700,4.4374296875,0.0018985451897606254,0.0021483537275344133,0.00003330780964461155
1761402248272511200,4.44751123046875,0.0021316998172551394,0.0017819678178057075,0.0005162710440345109
1761402248282591700,4.457591796875,0.0017819678178057075,0.0019318530103191733,-0.00011657733557512984
1761402248292673000,4.467673095703125,0.0021650076378136873,0.0014488897286355495,0.0009326186846010387
1761402248302754000,4.477754150390625,0.002364854561164975,0.0010825038189068437,0.00024980856687761843
1761402248312831500,4.48783154296875,0.0019151991000398993,0.0012656967155635357,0.0003330780891701579
1761402248322891000,4.49789111328125,0.0021650076378136873,0.0019818146247416735,-0.00009992343257181346
1761402248332997000,4.5079970703125,0.0020650841761380434,0.0016154287150129676,0.00018319295486435294
1761402248343055600,4.5180556640625,0.0022982389200478792,0.0020317763555794954,0.0009326186846010387
1761402248353159700,4.52815966796875,0.0015821210108697414,0.0018485834589228034,0.0009326186846010387
1761402248363241000,4.538240966796875,0.0016154287150129676,0.0015321592800319195,-0.00024980856687761843
1761402248373276400,4.5482763671875,0.0016820443561300635,0.0015987749211490154,0.0005662327748723328
1761402248383403000,4.558403076171875,0.0017986217280849814,0.0016653904458507895,0.0006661561783403158
1761402248393483300,4.568483154296875,0.002364854561164975,0.0018485834589228034,0.0000666156192892231
1761402248403564500,4.578564453125,0.0020151224453002214,0.0015321592800319195,0.0006661561783403158
1761402248413620500,4.588620361328125,0.002398162381723523,0.0017986217280849814,0.00038303982000797987
1761402248423727400,4.598727294921875,0.0019485069205984473,0.0016820443561300635,0.0010325420880690217
1761402248433808000,4.608807861328125,0.0022149693686515093,0.002331546740606427,0.00044965543202124536
1761402248443864300,4.6188642578125,0.0016653904458507895,0.0020151224453002214,0.0007161179091781378
1761402248453969700,4.6289697265625,0.0010991577291861176,0.0014155819080770016,0.0005662327748723328
1761402248464050700,4.63905078125,0.0022316232789307833,0.0021650076378136873,0.0006828100886195898
1761402248474131700,4.649131591796875,0.0016986982664093375,0.0018985451897606254,0.00048296325257979333
1761402248484213500,4.659213623046875,0.0013323123566806316,0.0016820443561300635,0.0007327718194574118
1761402248494293800,4.669293701171875,0.0016487365355715156,0.002431470202282071,0.0008826569537632167
1761402248504375600,4.67937548828125,0.0016154287150129676,0.0026646247133612633,0.0005162710440345109
1761402248514456000,4.6894560546875,0.0018652373692020774,0.002364854561164975,0.00046630934230051935
1761402248524538000,4.6995380859375,0.0018818912794813514,0.0014655436389148235,0.0008826569537632167
1761402248534593300,4.70959326171875,0.002331546740606427,0.0018152756383642554,0.00039969373028725386
1761402248544700200,4.7197001953125,0.0020650841761380434,0.0018985451897606254,0.0004996171337552369
1761402248554780400,4.729780517578125,0.0021650076378136873,0.0021150459069758654,0.0015155053697526455
1761402248564861400,4.739861328125,0.0016820443561300635,0.0020983919966965914,0.0009326186846010387
1761402248574942200,4.749942138671875,0.0018152756383642554,0.0026479708030819893,0.0006495022680610418
1761402248584979200,4.759979248046875,0.0021816615480929613,0.0015321592800319195,0.0005495788645930588
1761402248595104500,4.7701044921875,0.0021983154583722353,0.0017153521766886115,-0.0001498851488577202
1761402248605200100,4.7802001953125,0.0022649310994893312,0.0009992342675104737,0.0007827335502952337
1761402248615267800,4.790267822265625,0.0018319295486435294,0.0014988514594733715,0.0006328483577817678
1761402248625348000,4.80034814453125,0.0015488131903111935,0.0007660796400159597,0.0001498851488577202
1761402248635429600,4.8104296875,0.0021150459069758654,0.0007827335502952337,0.00024980856687761843
1761402248645509600,4.820509521484375,0.0019151991000398993,0.0019984685350209475,0.0008826569537632167
1761402248655565600,4.830565673828125,0.002348200650885701,0.0018818912794813514,0.0002831163874361664
1761402248665672000,4.840671875,0.0019318530103191733,0.0026146629825234413,0.0009825803572311997
1761402248675753700,4.850753662109375,0.0016820443561300635,0.0012656967155635357,0.0011324655497446656
1761402248685834000,4.860833984375,0.0020484302658587694,0.0016820443561300635,-0.00018319295486435294
1761402248695915300,4.870915283203125,0.0021816615480929613,0.0010158881777897477,-0.0002165007608709857
1761402248705996300,4.880996337890625,0.0016653904458507895,0.002398162381723523,-0.0002831163874361664
1761402248716077300,4.891077392578125,0.0019485069205984473,0.0013489662669599056,0.00016653904458507895
1761402248726158300,4.901158447265625,0.0021150459069758654,0.0019651607144623995,0.0003164241788908839
1761402248736239400,4.9112392578125,0.0016653904458507895,0.0016154287150129676,0.0011824272805824876
1761402248746321400,4.9213212890625,0.0013656201772391796,0.0013656201772391796,0.0005162710440345109
1761402248756363000,4.931363037109375,0.0016320826252922416,0.002398162381723523,0.0004163476114626974
1761402248766483000,4.94148291015625,0.0019651607144623995,0.0018818912794813514,0.00023315467115025967
1761402248776563500,4.9515634765625,0.0019151991000398993,0.0016820443561300635,0.0004330015217419714
1761402248786644500,4.96164453125,0.0019818146247416735,0.0016986982664093375,0.0005329249543137848
1761402248796707600,4.97170751953125,0.0019151991000398993,0.0018152756383642554,0.00039969373028725386
1761402248806806800,4.981806884765625,0.0021816615480929613,0.0017486599972471595,0.0006994639988988638
1761402248816887800,4.9918876953125,0.0021483537275344133,0.0012490428052842617,0.0004996171337552369
1761402248826969600,5.001969482421875,0.0019151991000398993,0.0019984685350209475,0.0004163476114626974
1761402248837050400,5.01205029296875,0.0020817380864173174,0.0019151991000398993,0.00004996171628590673
1761402248847131600,5.022131591796875,0.0019485069205984473,0.0015321592800319195,0.0004996171337552369
1761402248857212200,5.032212158203125,0.0012490428052842617,0.0016820443561300635,0.0010158881777897477
1761402248867293200,5.042293212890625,0.0021150459069758654,0.0021483537275344133,0.0002165007608709857
1761402248877374500,5.05237451171875,0.0021983154583722353,0.0008826569537632167,0.0001498851488577202
1761402248887456000,5.0624560546875,0.0015987749211490154,0.0017486599972471595,-0.0002165007608709857
1761402248897536000,5.072535888671875,0.0015821210108697414,0.0016653904458507895,-0.00004996171628590673
1761402248907617500,5.082617431640625,0.002448124112561345,0.0015488131903111935,0.0003497319994494319
1761402248917716200,5.09271630859375,0.0018152756383642554,0.0020484302658587694,-0.0002664624771568924
1761402248927780000,5.102780029296875,0.0019151991000398993,0.002364854561164975,0.0004163476114626974
1761402248937833000,5.1128330078125,0.0021983154583722353,0.0016154287150129676,-0.00004996171628590673
1761402248947941600,5.122941650390625,0.0019818146247416735,0.002364854561164975,0.00004996171628590673
1761402248957997600,5.13299755859375,0.0019151991000398993,0.0015321592800319195,0.0002831163874361664
1761402248968078300,5.143078369140625,0.0018818912794813514,0.0017986217280849814,-0.0003330780891701579
1761402248978182400,5.153182373046875,0.0021316998172551394,0.0014821975491940975,0.00009992343257181346
1761402248988265500,5.163265380859375,0.0019984685350209475,0.0011491194600239396,0.0002165007608709857
1761402248998346500,5.173346435546875,0.0019984685350209475,0.0017653139075264335,0.0002831163874361664
1761402249008424200,5.183424072265625,0.0021483537275344133,0.0019318530103191733,0.00044965543202124536
1761402249018509800,5.193509765625,0.0020817380864173174,0.0007993874605745077,0.0002165007608709857
1761402249028581000,5.2035810546875,0.002381508471444249,0.0020151224453002214,0.0009492725948803127
1761402249038646000,5.21364599609375,0.0016986982664093375,0.0014155819080770016,0.0002664624771568924
1761402249048753000,5.2237529296875,0.0026313168928027153,0.0014155819080770016,0.0003330780891701579
1761402249058833200,5.233833251953125,0.0013989279977977276,0.0013989279977977276,0.0008826569537632167
1761402249068915000,5.2439150390625,0.0020983919966965914,0.0019151991000398993,0.00024980856687761843
1761402249078991400,5.253991455078125,0.0022982389200478792,0.0013489662669599056,0.0005162710440345109
1761402249089077000,5.264076904296875,0.0014322358183562756,0.0015488131903111935,-0.00008326952229253948
1761402249099158000,5.274157958984375,0.0020151224453002214,0.0020983919966965914,0.000016653904822305776
1761402249109239600,5.284239501953125,0.0019818146247416735,0.0010825038189068437,0.000016653904822305776
1761402249119320600,5.294320556640625,0.0016986982664093375,0.0017153521766886115,0.00024980856687761843
1761402249129401300,5.3044013671875,0.0016154287150129676,0.0025647012516856194,0.00008326952229253948
1761402249139478300,5.314478271484375,0.0021483537275344133,0.002398162381723523,0.0005495788645930588
1761402249149563600,5.324563720703125,0.0022982389200478792,0.002448124112561345,-0.00039969373028725386
1761402249159658500,5.334658447265625,0.0019485069205984473,0.0021650076378136873,0.0010658499086275697
1761402249169725400,5.344725341796875,0.0021483537275344133,0.0013156584464013577,0.0012823506258428097
1761402249179806200,5.35480615234375,0.0021983154583722353,0.0013156584464013577,0.0003497319994494319
1761402249189862000,5.36486181640625,0.002831163816154003,0.0015488131903111935,-0.00009992343257181346
1761402249199964700,5.374964599609375,0.0021983154583722353,0.0019651607144623995,0.0005995405954308808
1761402249220101400,5.395101318359375,0.0022316232789307833,0.0015654671005904675,0
1761402249230211000,5.405211181640625,0.0012656967155635357,0.0013822740875184536,-0.0005329249543137848
1761402249240293000,5.415293212890625,0.0017819678178057075,0.0012323890114203095,0.0002664624771568924
1761402249250373600,5.42537353515625,0.0016820443561300635,0.0011990811908617616,0.00019984686514362693
1761402249260454400,5.435454345703125,0.002381508471444249,0.0015654671005904675,0.00038303982000797987
1761402249270531600,5.445531494140625,0.0021983154583722353,0.0010825038189068437,0.0003663859097287059
1761402249280617700,5.45561767578125,0.0016653904458507895,0.0019151991000398993,0.0008160413126461208
1761402249290698200,5.4656982421875,0.0026479708030819893,0.0018985451897606254,0.0001332312385784462
1761402249300755500,5.47575537109375,0.0017653139075264335,0.0020650841761380434,-0.00039969373028725386
1761402249310859800,5.48585986328125,0.0017153521766886115,0.0006161945057101548,-0.00004996171628590673
1761402249320941600,5.495941650390625,0.002364854561164975,0.0018652373692020774,0.0006661561783403158
1761402249330982100,5.505982177734375,0.0021650076378136873,0.0018319295486435294,0.00009992343257181346
1761402249341103600,5.516103515625,0.002398162381723523,0.0018319295486435294,0.00024980856687761843
1761402249351160800,5.526160888671875,0.0020484302658587694,0.0019151991000398993,0.00023315467115025967
1761402249361265000,5.536264892578125,0.0018152756383642554,0.002414816292002797,0.0007494257297366858
1761402249371346000,5.546345947265625,0.0018319295486435294,0.0018985451897606254,0.0005495788645930588
1761402249381427000,5.556427001953125,0.0020650841761380434,0.0016487365355715156,0.0008326952229253948
1761402249391508700,5.5665087890625,0.0020983919966965914,0.0015654671005904675,0.0003663859097287059
1761402249401585400,5.57658544921875,0.0015488131903111935,0.0015488131903111935,-0.0007827335502952337
1761402249411670300,5.586670166015625,0.0015987749211490154,0.0019151991000398993,0.0002165007608709857
1761402249421751800,5.596751708984375,0.0017653139075264335,0.0017986217280849814,0.0005162710440345109
1761402249431833000,5.6068330078125,0.0015654671005904675,0.0014988514594733715,0.0005995405954308808
1761402249441914400,5.616914306640625,0.0020317763555794954,0.0013323123566806316,0.0003330780891701579
1761402249451994000,5.626994140625,0.0020650841761380434,0.0015321592800319195,-0.0002997702977154404
1761402249462071600,5.637071533203125,0.0013989279977977276,0.0013822740875184536,0.0001498851488577202
1761402249472134100,5.647134033203125,0.0021316998172551394,0.0017486599972471595,0.00018319295486435294
1761402249482238000,5.657238037109375,0.0022149693686515093,0.0025813551619648933,0.00004996171628590673
1761402249492318500,5.667318359375,0.0016320826252922416,0.002481431933119893,0.0003497319994494319
1761402249502400300,5.677400146484375,0.0016320826252922416,0.0019818146247416735,0.00019984686514362693
1761402249512485000,5.687485107421875,0.0015821210108697414,0.0017653139075264335,0.00004996171628590673
1761402249522558200,5.69755810546875,0.0022815850097686052,0.0018652373692020774,0.0006495022680610418
1761402249532643800,5.707643798828125,0.0019151991000398993,0.0015821210108697414,-0.00009992343257181346
1761402249542705400,5.717705322265625,0.002864471636712551,0.0014322358183562756,-0.0001498851488577202
1761402249552805600,5.7278056640625,0.002464778022840619,0.0019984685350209475,0.0004163476114626974
1761402249562886000,5.737885986328125,0.0021650076378136873,0.0013323123566806316,0.0004163476114626974
1761402249572967700,5.7479677734375,0.002897779457271099,0.0021816615480929613,0.0001498851488577202
1761402249583048000,5.7580478515625,0.0020983919966965914,0.0021650076378136873,0.0004163476114626974
1761402249593123300,5.768123291015625,0.0016820443561300635,0.0012323890114203095,0.0006661561783403158
1761402249603185400,5.778185302734375,0.0017653139075264335,0.0021650076378136873,0.00016653904458507895
1761402249613291300,5.788291259765625,0.0018652373692020774,0.0017653139075264335,0.0013489662669599056
1761402249623372800,5.798372802734375,0.0019651607144623995,0.0017320060869678855,0.0006161945057101548
1761402249633437700,5.808437744140625,0.0019151991000398993,0.0016154287150129676,-0.00024980856687761843
1761402249643496700,5.81849658203125,0.002348200650885701,0.0016653904458507895,0.0005828866851516068
1761402249653613000,5.828613037109375,0.0021150459069758654,0.0014322358183562756,-0.0002165007608709857
1761402249663696600,5.838696533203125,0.0020650841761380434,0.0020817380864173174,0.0005828866851516068
1761402249673778400,5.8487783203125,0.0021150459069758654,0.0018652373692020774,0.0003330780891701579
1761402249683858700,5.858858642578125,0.0014488897286355495,0.0020317763555794954,0.0006161945057101548
1761402249693940500,5.8689404296875,0.0012990045361220837,0.0019318530103191733,0.0003330780891701579
1761402249704020700,5.879020751953125,0.0019151991000398993,0.0018818912794813514,-0.00018319295486435294
1761402249714102300,5.889102294921875,0.0018319295486435294,0.0016320826252922416,0.0004163476114626974
1761402249724179200,5.89917919921875,0.0020484302658587694,0.0017486599972471595,0.00011657733557512984
1761402249734263800,5.909263916015625,0.0018818912794813514,0.0016487365355715156,0.00023315467115025967
1761402249744319700,5.91931982421875,0.0022649310994893312,0.0016154287150129676,0.0007660796400159597
1761402249754426600,5.929426513671875,0.0013323123566806316,0.0010825038189068437,0.00048296325257979333
1761402249764508400,5.93950830078125,0.0018652373692020774,0.0017320060869678855,0.0006495022680610418
1761402249774588200,5.949588134765625,0.0020817380864173174,0.0013323123566806316,0.00039969373028725386
1761402249784669200,5.959669189453125,0.0020151224453002214,0.0015488131903111935,-0.0002664624771568924
1761402249794738000,5.969738037109375,0.0021316998172551394,0.0019651607144623995,0.00008326952229253948
1761402249804831700,5.979831787109375,0.0019318530103191733,0.0019151991000398993,0.00003330780964461155
1761402249814913300,5.989913330078125,0.0022982389200478792,0.0017653139075264335,0.0009825803572311997
1761402249824993500,5.99999365234375,0.0019651607144623995,0.002398162381723523,0.0006828100886195898
1761402249835074800,6.01007470703125,0.0016820443561300635,0.0016154287150129676,0.0007660796400159597
1761402249845156400,6.02015625,0.0014988514594733715,0.0016320826252922416,0.00018319295486435294
1761402249855237000,6.030237060546875,0.0019151991000398993,0.0015987749211490154,0.0004996171337552369
1761402249865318000,6.04031787109375,0.0021150459069758654,0.0019651607144623995,-0.00016653904458507895
1761402249875394000,6.05039404296875,0.0017819678178057075,0.0021483537275344133,0.00019984686514362693
1761402249885479700,6.060479736328125,0.0014322358183562756,0.0019318530103191733,0.0002997702977154404
1761402249895560700,6.070560791015625,0.0011158116394653916,0.0013822740875184536,-0.00008326952229253948
1761402249905599700,6.080599853515625,0.0018985451897606254,0.0009992342675104737,0.000016653904822305776
1761402249915724000,6.09072412109375,0.0016986982664093375,0.0012656967155635357,-0.0001332312385784462
1761402249925785600,6.10078564453125,0.0021150459069758654,0.0014322358183562756,-0.0001332312385784462
1761402249935885800,6.1108857421875,0.0018319295486435294,0.00048296325257979333,0.0002165007608709857
1761402249945994200,6.120994140625,0.0022982389200478792,0.0014488897286355495,0.0007327718194574118
1761402249956047000,6.131047119140625,0.0018152756383642554,0.0014821975491940975,0.000016653904822305776
1761402249966129200,6.141129150390625,0.0019651607144623995,0.0010825038189068437,0.0001332312385784462
1761402249986290200,6.161290283203125,0.0021316998172551394,0.0011824272805824876,0.00048296325257979333
1761402249996372200,6.171372314453125,0.002464778022840619,0.0018652373692020774,0.0001498851488577202
1761402250006453200,6.181453369140625,0.0015654671005904675,0.0013656201772391796,0.0011491194600239396
1761402250016534000,6.191533935546875,0.0022316232789307833,0.0015987749211490154,0.0005995405954308808
1761402250026615000,6.201614990234375,0.0015654671005904675,0.0014155819080770016,0.0006661561783403158
1761402250036696300,6.2116962890625,0.0016154287150129676,0.0018319295486435294,0.0004996171337552369
1761402250046747600,6.22174755859375,0.0014988514594733715,0.0010658499086275697,0.0005828866851516068
1761402250056858400,6.2318583984375,0.0015821210108697414,0.0012823506258428097,0.00048296325257979333
1761402250066912300,6.241912353515625,0.0022316232789307833,0.0019151991000398993,0.0005828866851516068
1761402250077020700,6.252020751953125,0.0019485069205984473,0.0020151224453002214,0.0008660030434839427
1761402250087065900,6.26206591796875,0.0017653139075264335,0.002348200650885701,0.0005495788645930588
1761402250097182000,6.272181884765625,0.0016820443561300635,0.0016320826252922416,0.0005828866851516068
1761402250107263000,6.282262939453125,0.0016820443561300635,0.0002997702977154404,0.0002831163874361664
1761402250117344000,6.292343994140625,0.002398162381723523,0.0012990045361220837,0.00008326952229253948
1761402250127425800,6.30242578125,0.0017986217280849814,0.0009159647743217647,0.0007327718194574118
1761402250137506000,6.312506103515625,0.002414816292002797,0.0019984685350209475,0.0002664624771568924
1761402250147587800,6.322587890625,0.0021816615480929613,0.0022982389200478792,0.0013323123566806316
1761402250157668400,6.33266845703125,0.002414816292002797,0.0020317763555794954,0.00023315467115025967
1761402250167749000,6.3427490234375,0.0018652373692020774,0.0021316998172551394,0.0005162710440345109
1761402250177830100,6.352830078125,0.0018985451897606254,0.0014821975491940975,0.0006994639988988638
1761402250187911400,6.362911376953125,0.0020151224453002214,0.0015321592800319195,0.00008326952229253948
1761402250197967600,6.372967529296875,0.002348200650885701,0.0018652373692020774,0.0005162710440345109
1761402250208070000,6.38306982421875,0.0020817380864173174,0.0010991577291861176,0.0004163476114626974
1761402250218150700,6.393150634765625,0.0017819678178057075,0.0016320826252922416,0.0005995405954308808
1761402250228232000,6.40323193359375,0.0019651607144623995,0.0018485834589228034,0.00023315467115025967
1761402250238294000,6.4132939453125,0.0015488131903111935,0.0016820443561300635,0.0002997702977154404
1761402250248397800,6.423397705078125,0.0017653139075264335,0.0016320826252922416,-0.00003330780964461155
1761402250258478600,6.433478515625,0.0016487365355715156,0.0020650841761380434,0.0007993874605745077
1761402250268560000,6.443559814453125,0.0020817380864173174,0.0016154287150129676,0.0009492725948803127
1761402250278641000,6.453640869140625,0.0019151991000398993,0.0014988514594733715,0.0007327718194574118
1761402250288718300,6.46371826171875,0.002981049008667469,0.0018652373692020774,0.0001332312385784462
1761402250298778600,6.473778564453125,0.0016154287150129676,0.0017819678178057075,0.0003663859097287059
1761402250308884700,6.483884765625,0.0018818912794813514,0.0015821210108697414,0.0008160413126461208
1761402250318965200,6.49396533203125,0.0014155819080770016,0.0017653139075264335,0.0008326952229253948
1761402250329046500,6.504046630859375,0.0018152756383642554,0.0017486599972471595,0.0001498851488577202
1761402250349195000,6.524195068359375,0.0014322358183562756,0.0015654671005904675,-0.00008326952229253948
1761402250359285500,6.534285400390625,0.002464778022840619,0.0020317763555794954,-0.00009992343257181346
1761402250369370000,6.5443701171875,0.0016820443561300635,0.0020317763555794954,0.0002165007608709857
1761402250379451400,6.554451416015625,0.0018818912794813514,0.0014655436389148235,0.0011657733703032136
1761402250389532400,6.564532470703125,0.0020484302658587694,0.0010325420880690217,0.0003330780891701579
1761402250399613400,6.574613525390625,0.0017986217280849814,0.0017153521766886115,0.0003164241788908839
1761402250409694700,6.58469482421875,0.002398162381723523,0.0014488897286355495,0.0005162710440345109
1761402250419771600,6.594771728515625,0.002381508471444249,0.0016154287150129676,-0.00016653904458507895
1761402250429857300,6.604857177734375,0.0020983919966965914,0.0017486599972471595,0.0005662327748723328
1761402250439937800,6.614937744140625,0.0009492725948803127,0.0015488131903111935,0.0005162710440345109
1761402250450019000,6.62501904296875,0.0012157351011410356,0.0014155819080770016,0.0005995405954308808
1761402250460099800,6.635099853515625,0.0017986217280849814,0.0018152756383642554,0.0006161945057101548
1761402250470181400,6.645181396484375,0.0020484302658587694,0.0014655436389148235,0.0005995405954308808
1761402250480258600,6.655258544921875,0.0019818146247416735,0.0017653139075264335,0.0007494257297366858
1761402250490343400,6.665343505859375,0.0018652373692020774,0.0011491194600239396,0.0006828100886195898
1761402250500424000,6.675423828125,0.002348200650885701,0.0013323123566806316,0.0002997702977154404
1761402250510488600,6.685488525390625,0.002398162381723523,0.0022649310994893312,0.0006661561783403158
1761402250520541400,6.69554150390625,0.0016986982664093375,0.0021650076378136873,0.0013156584464013577
1761402250530667800,6.705667724609375,0.0012157351011410356,0.0015488131903111935,0.0013323123566806316
1761402250540723500,6.715723388671875,0.0018985451897606254,0.0021316998172551394,0.0009992342675104737
1761402250550825200,6.7258251953125,0.0021816615480929613,0.0016320826252922416,0.0009659265051595867
1761402250560910300,6.735910400390625,0.0017653139075264335,0.0012656967155635357,0.0003497319994494319
1761402250570991400,6.745991455078125,0.0018485834589228034,0.0018818912794813514,0.0008993108640424907
1761402250581073000,6.756072998046875,0.0021316998172551394,0.0019984685350209475,0.0002997702977154404
1761402250591154200,6.766154296875,0.0024980856105685234,0.0009992342675104737,0.0006161945057101548
1761402250601234400,6.776234375,0.0016986982664093375,0.0019651607144623995,0.00004996171628590673
1761402250611311400,6.786311279296875,0.0020484302658587694,0.0013323123566806316,0.0002831163874361664
1761402250621396700,6.796396728515625,0.0016653904458507895,0.0008660030434839427,0.0010991577291861176
1761402250631478000,6.80647802734375,0.002414816292002797,0.0016487365355715156,0.0000666156192892231
1761402250641559000,6.81655908203125,0.002381508471444249,0.0015488131903111935,0.0005329249543137848
1761402250651615000,6.826614990234375,0.0015155053697526455,0.0020817380864173174,0.0004163476114626974
1761402250661722000,6.83672216796875,0.0020817380864173174,0.0017486599972471595,0.00023315467115025967
1761402250671802600,6.846802734375,0.0016653904458507895,0.0021316998172551394,0.0002664624771568924
1761402250681862000,6.85686181640625,0.0020817380864173174,0.0018152756383642554,0.00016653904458507895
1761402250691964400,6.86696435546875,0.0019984685350209475,0.0018652373692020774,0.00038303982000797987
1761402250702045000,6.877044921875,0.0020484302658587694,0.0026812786236405373,-0.0001498851488577202
1761402250712126700,6.887126708984375,0.0014821975491940975,0.0018485834589228034,-0.0000666156192892231
1761402250722186500,6.8971865234375,0.0016820443561300635,0.0019984685350209475,0.0006495022680610418
1761402250732263200,6.90726318359375,0.0015155053697526455,0.002381508471444249,0.0007494257297366858
1761402250742345200,6.91734521484375,0.0026479708030819893,0.0015654671005904675,0.0007660796400159597
1761402250752450800,6.927450927734375,0.0016986982664093375,0.0018152756383642554,0.0002664624771568924
1761402250762532000,6.937531982421875,0.0021150459069758654,0.0017986217280849814,0.0006161945057101548
1761402250772587800,6.947587890625,0.0021483537275344133,0.0020650841761380434,0.00048296325257979333
1761402250782695000,6.95769482421875,0.0021983154583722353,0.0021316998172551394,0.0007660796400159597
1761402250792775000,6.96777490234375,0.002348200650885701,0.0022316232789307833,0.00038303982000797987
1761402250802852000,6.97785205078125,0.0016487365355715156,0.0014322358183562756,-0.00038303982000797987
1761402250812937000,6.98793701171875,0.0019984685350209475,0.0014821975491940975,-0.000016653904822305776
1761402250823017700,6.998017822265625,0.002398162381723523,0.0021650076378136873,0.00038303982000797987
1761402250833077500,7.008077392578125,0.0020817380864173174,0.0018818912794813514,0.0002165007608709857
1761402250843180000,7.018179931640625,0.0018485834589228034,0.0014655436389148235,0.0006161945057101548
1761402250853262000,7.028261962890625,0.0018652373692020774,0.0017153521766886115,0.0010491959983482957
1761402250863342000,7.038342041015625,0.0018485834589228034,0.0017819678178057075,0.0006495022680610418
1761402250873420000,7.048419921875,0.002448124112561345,0.0022815850097686052,0.0002165007608709857
1761402250883504600,7.058504638671875,0.0019318530103191733,0.0025647012516856194,0.0003497319994494319
1761402250893585400,7.06858544921875,0.0019984685350209475,0.0014988514594733715,0.00038303982000797987
1761402250903667200,7.078667236328125,0.0022316232789307833,0.0012323890114203095,0.0003663859097287059
1761402250913748200,7.088748291015625,0.002448124112561345,0.0012323890114203095,-0.0001498851488577202
1761402250923829200,7.098829345703125,0.0017986217280849814,0.00048296325257979333,0.0004330015217419714
1761402250933906200,7.10890625,0.0020484302658587694,0.0011324655497446656,0.0009992342675104737
1761402250943965400,7.11896533203125,0.002314892830327153,0.0012823506258428097,0.0006161945057101548
1761402250954071800,7.12907177734375,0.0020317763555794954,0.0019651607144623995,0.00011657733557512984
1761402250964153300,7.1391533203125,0.0025313934311270714,0.0017653139075264335,0.0003663859097287059
1761402250974233900,7.14923388671875,0.0014988514594733715,0.002747894264757633,0.0004996171337552369
1761402250984315600,7.159315673828125,0.0018985451897606254,0.0015987749211490154,0.0004330015217419714
1761402250994418200,7.169418212890625,0.0020317763555794954,0.0012157351011410356,0.0001498851488577202
1761402251004472600,7.17947265625,0.0024980856105685234,0.0014488897286355495,0.00011657733557512984
1761402251014558700,7.189558837890625,0.0021150459069758654,0.0018652373692020774,0.0007327718194574118
1761402251024639700,7.1996396484375,0.0022316232789307833,0.0010325420880690217,0.0003497319994494319
1761402251034695000,7.20969482421875,0.0021983154583722353,0.0012323890114203095,0.0006994639988988638
1761402251044801800,7.2198017578125,0.0019651607144623995,0.0013989279977977276,0
1761402251054882800,7.2298828125,0.0021983154583722353,0.0019151991000398993,0.0000666156192892231
1761402251064943900,7.23994384765625,0.0018152756383642554,0.0022316232789307833,0.000016653904822305776
1761402251075044900,7.250044921875,0.002314892830327153,0.002348200650885701,0.00046630934230051935
1761402251085126400,7.26012646484375,0.0017986217280849814,0.0018485834589228034,0.0003164241788908839
1761402251095207000,7.27020703125,0.0017486599972471595,0.0016154287150129676,0.00011657733557512984
1761402251105262600,7.2802626953125,0.0021983154583722353,0.0010825038189068437,0.0009492725948803127
1761402251115343400,7.29034326171875,0.0021650076378136873,0.0020317763555794954,0.0004163476114626974
1761402251125450200,7.3004501953125,0.0018652373692020774,0.0016320826252922416,0.00048296325257979333
1761402251135531300,7.31053125,0.0016986982664093375,0.0020650841761380434,0.0008326952229253948
1761402251145586700,7.320586669921875,0.0022149693686515093,0.0020983919966965914,0.0004163476114626974
1761402251155683000,7.33068310546875,0.0015987749211490154,0.002364854561164975,-0.0001498851488577202
1761402251165774600,7.340774658203125,0.0020650841761380434,0.0018152756383642554,0.0002664624771568924
1761402251175854600,7.3508544921875,0.0025313934311270714,0.0013156584464013577,0.00046630934230051935
1761402251185936100,7.36093603515625,0.0022649310994893312,0.0021150459069758654,0.00003330780964461155
1761402251196017000,7.371016845703125,0.0018152756383642554,0.002414816292002797,0.0006161945057101548
1761402251206098000,7.381097900390625,0.0019818146247416735,0.0008326952229253948,0.0005329249543137848
1761402251216180200,7.39118017578125,0.0020817380864173174,0.0010658499086275697,-0.0005662327748723328
1761402251226260200,7.40126025390625,0.0021983154583722353,0.0006161945057101548,0.00019984686514362693
1761402251236341500,7.411341552734375,0.0021316998172551394,0.0007827335502952337,-0.0003330780891701579
1761402251246423300,7.42142333984375,0.0021150459069758654,0.0015321592800319195,0.00019984686514362693
1761402251256504000,7.431504150390625,0.0021316998172551394,0.0011824272805824876,-0.00023315467115025967
1761402251266584800,7.441584716796875,0.0020151224453002214,0.0012823506258428097,-0.0001498851488577202
1761402251276665900,7.451665771484375,0.0019318530103191733,0.0019151991000398993,0.0006161945057101548
1761402251286747100,7.4617470703125,0.0018985451897606254,0.0022815850097686052,-0.00039969373028725386
1761402251296806000,7.471805908203125,0.002364854561164975,0.0019651607144623995,0.0003164241788908839
1761402251306886000,7.481885986328125,0.0020983919966965914,0.0014988514594733715,0.0005495788645930588
1761402251316990200,7.491990234375,0.0016986982664093375,0.0018319295486435294,0.0010325420880690217
1761402251327071500,7.502071533203125,0.0019651607144623995,0.0016154287150129676,0.000016653904822305776
1761402251337152500,7.512152587890625,0.0021150459069758654,0.0012323890114203095,0.00016653904458507895
1761402251347233000,7.52223291015625,0.0026479708030819893,0.0016820443561300635,0.0008326952229253948
1761402251357314000,7.53231396484375,0.0022482771892100573,0.0022649310994893312,-0.000016653904822305776
1761402251367373800,7.542373779296875,0.0019151991000398993,0.0013822740875184536,0.0002831163874361664
1761402251377475800,7.552475830078125,0.0017486599972471595,0.0016320826252922416,0.00044965543202124536
1761402251387558000,7.562557861328125,0.0017486599972471595,0.0017153521766886115,-0.00016653904458507895
1761402251397638700,7.572638671875,0.0020151224453002214,0.0022316232789307833,0.0001332312385784462
1761402251407719700,7.5827197265625,0.0019818146247416735,0.0014821975491940975,0.0012490428052842617
1761402251417775000,7.592775146484375,0.0019818146247416735,0.0014655436389148235,0.00023315467115025967
1761402251427855600,7.602855712890625,0.0014155819080770016,0.0016653904458507895,0.0006661561783403158
1761402251437963500,7.612963623046875,0.0021816615480929613,0.0027312403544783592,0.0003164241788908839
1761402251448043300,7.623043212890625,0.0016653904458507895,0.002331546740606427,0.00024980856687761843
1761402251458120400,7.633120361328125,0.0019818146247416735,0.0019818146247416735,-0.00009992343257181346
1761402251468203800,7.643203857421875,0.0018818912794813514,0.0020151224453002214,0.0005495788645930588
1761402251478286800,7.653286865234375,0.0018319295486435294,0.0017320060869678855,-0.00011657733557512984
1761402251488350000,7.663349853515625,0.002381508471444249,0.0016487365355715156,0.00038303982000797987
1761402251498429700,7.6734296875,0.0019485069205984473,0.0014988514594733715,0.00008326952229253948
1761402251508526000,7.683526123046875,0.0022149693686515093,0.0017486599972471595,-0.00004996171628590673
1761402251518611000,7.69361083984375,0.0021650076378136873,0.0010658499086275697,0.0005329249543137848
1761402251528692500,7.7036923828125,0.0025813551619648933,0.0016820443561300635,0.0007161179091781378
1761402251538748200,7.713748046875,0.0018152756383642554,0.0008160413126461208,0.0003663859097287059
1761402251548854500,7.7238544921875,0.0019151991000398993,0.0015654671005904675,0.0000666156192892231
1761402251558934800,7.733934814453125,0.002431470202282071,0.0013323123566806316,-0.0002664624771568924
1761402251569012200,7.74401220703125,0.0013156584464013577,0.0013989279977977276,0.0003663859097287059
1761402251579071500,7.754071533203125,0.0013822740875184536,0.0021650076378136873,0.0002997702977154404
1761402251589177900,7.764177734375,0.0014488897286355495,0.0017486599972471595,0.0005162710440345109
1761402251599259400,7.77425927734375,0.0015321592800319195,0.0014821975491940975,0.0002664624771568924
1761402251609340200,7.784340087890625,0.0025647012516856194,0.0013323123566806316,-0.00008326952229253948
1761402251619421200,7.794421142578125,0.0018985451897606254,0.0010991577291861176,0.00019984686514362693
1761402251629503000,7.8045029296875,0.0016820443561300635,0.0021650076378136873,-0.00009992343257181346
1761402251639580000,7.814579833984375,0.0010325420880690217,0.0021150459069758654,0.00048296325257979333
1761402251649665300,7.824665283203125,0.0020317763555794954,0.0017153521766886115,0.0007161179091781378
1761402251659746000,7.83474609375,0.0021650076378136873,0.0026146629825234413,-0.00019984686514362693
1761402251669826600,7.84482666015625,0.0019151991000398993,0.0022982389200478792,0.00044965543202124536
1761402251689988400,7.86498828125,0.0015654671005904675,0.0017819678178057075,0.0005162710440345109
1761402251700066600,7.875066650390625,0.0018985451897606254,0.002331546740606427,0.0007161179091781378
1761402251710150700,7.885150634765625,0.0019151991000398993,0.0012157351011410356,0.0008826569537632167
1761402251720232000,7.89523193359375,0.0021816615480929613,0.0013989279977977276,0.0004996171337552369
1761402251730313000,7.90531298828125,0.002331546740606427,0.0013989279977977276,0.0007660796400159597
1761402251740394200,7.915394287109375,0.0016487365355715156,0.0015654671005904675,0.0008493491332046688
1761402251750442500,7.9254423828125,0.0017653139075264335,0.0015987749211490154,0.0014655436389148235
1761402251760552400,7.935552490234375,0.0019984685350209475,0.0018319295486435294,0.0006994639988988638
1761402251770637000,7.945636962890625,0.0018319295486435294,0.0020983919966965914,0.00018319295486435294
1761402251780718800,7.95571875,0.0022982389200478792,0.0014322358183562756,0.0001498851488577202
1761402251790799000,7.965799072265625,0.0018485834589228034,0.0015654671005904675,0.00009992343257181346
1761402251800881000,7.975880859375,0.0018985451897606254,0.0011158116394653916,0.0006161945057101548
1761402251810962200,7.985962158203125,0.0019651607144623995,0.0019318530103191733,0.0007327718194574118
1761402251821042200,7.996042236328125,0.0021650076378136873,0.0022815850097686052,0.00039969373028725386
1761402251831120100,8.0061201171875,0.0019818146247416735,0.0013656201772391796,0.0007494257297366858
1761402251841205200,8.016205322265625,0.0021150459069758654,0.0019818146247416735,0.0005495788645930588
1761402251851268600,8.0262685546875,0.002414816292002797,0.0016820443561300635,0.0003663859097287059
1761402251861367000,8.036366943359376,0.0017986217280849814,0.0009825803572311997,0.00011657733557512984
1761402251871447300,8.046447265625,0.0022316232789307833,0.0019651607144623995,0.0012823506258428097
1761402251881485600,8.056485595703125,0.0020151224453002214,0.0016820443561300635,0.00046630934230051935
1761402251891606300,8.066606201171876,0.0026979325339198112,0.0016320826252922416,-0.0000666156192892231
1761402251901691600,8.076691650390625,0.002997702918946743,0.0017819678178057075,0.0008493491332046688
1761402251911772400,8.0867724609375,0.0017653139075264335,0.0014655436389148235,0.0007993874605745077
1761402251921853000,8.09685302734375,0.0018818912794813514,0.002464778022840619,0.0005329249543137848
1761402251931933700,8.10693359375,0.0022982389200478792,0.0012157351011410356,0.0007494257297366858
1761402251942015000,8.117014892578124,0.002348200650885701,0.0017653139075264335,0.0004163476114626974
1761402251952096800,8.1270966796875,0.002414816292002797,0.0019151991000398993,-0.000016653904822305776
1761402251962173200,8.137173095703124,0.0017486599972471595,0.0016820443561300635,0.00023315467115025967
1761402251972258300,8.14725830078125,0.0020817380864173174,0.0009159647743217647,0.00048296325257979333
1761402251982339800,8.15733984375,0.0019984685350209475,0.0016487365355715156,0.00038303982000797987
1761402251992397600,8.1673974609375,0.0020317763555794954,0.0012656967155635357,-0.00003330780964461155
1761402252002502000,8.177501953125,0.0015488131903111935,0.0016320826252922416,-0.0006161945057101548
1761402252012582700,8.187582763671875,0.0015654671005904675,0.0008993108640424907,0.00019984686514362693
1761402252022638000,8.19763818359375,0.0016986982664093375,0.0020817380864173174,0.0003164241788908839
1761402252032744200,8.207744140625,0.0022316232789307833,0.0009159647743217647,-0.0003497319994494319
1761402252042825500,8.217825439453126,0.0019318530103191733,0.0010325420880690217,0.00004996171628590673
1761402252052906200,8.22790625,0.0017153521766886115,0.0025647012516856194,0.0004330015217419714
1761402252062962400,8.23796240234375,0.0020484302658587694,0.0018319295486435294,0.0008160413126461208
1761402252073043500,8.24804345703125,0.002448124112561345,0.002448124112561345,0.0008160413126461208
1761402252083145500,8.2581455078125,0.0022982389200478792,0.0018319295486435294,0.0002165007608709857
1761402252093230600,8.268230712890626,0.0018985451897606254,0.0021316998172551394,0.0006994639988988638
1761402252103311600,8.2783115234375,0.0021650076378136873,0.0019151991000398993,0.0003663859097287059
1761402252113367800,8.288367919921875,0.0022982389200478792,0.0022815850097686052,0.00046630934230051935
1761402252123474200,8.29847412109375,0.0022482771892100573,0.0008660030434839427,0.0007827335502952337
1761402252133555000,8.308554931640625,0.0018319295486435294,0.0014988514594733715,0.0006661561783403158
1761402252143610600,8.318610595703126,0.0015654671005904675,0.0020817380864173174,-0.00016653904458507895
1761402252153680100,8.32868017578125,0.0015987749211490154,0.0019151991000398993,0.0007494257297366858
1761402252163798000,8.338798095703124,0.0012490428052842617,0.0021483537275344133,0.0005329249543137848
1761402252173879600,8.348879638671875,0.0017320060869678855,0.0017486599972471595,0.00018319295486435294
1761402252183960600,8.358960693359375,0.0014655436389148235,0.0014155819080770016,-0.0003663859097287059
1761402252194041600,8.36904150390625,0.0016820443561300635,0.0011324655497446656,0
1761402252204122400,8.379122314453125,0.0015321592800319195,0.0016653904458507895,0.00023315467115025967
1761402252214200000,8.389199951171875,0.0018152756383642554,0.0016986982664093375,0.0003164241788908839
1761402252224284400,8.399284423828124,0.0016487365355715156,0.0012990045361220837,-0.00009992343257181346
1761402252234366200,8.4093662109375,0.0021150459069758654,0.0015155053697526455,-0.00003330780964461155
1761402252244456200,8.419456298828125,0.0019984685350209475,0.0012990045361220837,0.0002997702977154404
1761402252254528300,8.4295283203125,0.0018152756383642554,0.0014488897286355495,0.00023315467115025967
1761402252264608800,8.43960888671875,0.0014821975491940975,0.0017486599972471595,0.0005329249543137848
1761402252274690600,8.449690673828124,0.0019485069205984473,0.0026146629825234413,0.0000666156192892231
1761402252284745500,8.459745361328125,0.0027145864441990852,0.0015488131903111935,-0.0003164241788908839
1761402252294846200,8.46984619140625,0.0021150459069758654,0.0020484302658587694,0.0001332312385784462
1761402252304933600,8.47993359375,0.0019651607144623995,0.0017986217280849814,0.0002997702977154404
1761402252315013000,8.49001318359375,0.0019818146247416735,0.0011824272805824876,0.0005995405954308808
1761402252335176000,8.510176025390624,0.0022149693686515093,0.0015987749211490154,0.0005995405954308808
1761402252345258000,8.520258056640625,0.0015987749211490154,0.0010325420880690217,0.00023315467115025967
1761402252355338000,8.530337890625,0.0017320060869678855,0.0014655436389148235,0.0005329249543137848
1761402252365419800,8.540419677734375,0.0022815850097686052,0.0017986217280849814,0
1761402252375475200,8.55047509765625,0.002431470202282071,0.0010325420880690217,-0.00003330780964461155
1761402252385582300,8.560582275390624,0.002431470202282071,0.0016154287150129676,0.0005662327748723328
1761402252395663400,8.570663330078125,0.002881125546991825,0.0019151991000398993,0.0005329249543137848
1761402252405729300,8.580729248046875,0.0015821210108697414,0.0012490428052842617,-0.00003330780964461155
1761402252415825200,8.5908251953125,0.0017819678178057075,0.0011657733703032136,-0.0002831163874361664
1761402252425905400,8.600905517578125,0.0015155053697526455,0.0015821210108697414,0.0003497319994494319
1761402252435987200,8.6109873046875,0.0021983154583722353,0.0007494257297366858,0.0005162710440345109
1761402252446068200,8.621068115234374,0.0014821975491940975,0.0013323123566806316,0.00004996171628590673
1761402252456148500,8.6311484375,0.0018985451897606254,0.0016986982664093375,0.0004996171337552369
1761402252466230000,8.64122998046875,0.0018652373692020774,0.0021150459069758654,0.00038303982000797987
1761402252476310800,8.651310791015625,0.0017486599972471595,0.0019151991000398993,-0.0001332312385784462
1761402252486392600,8.661392578125,0.0022649310994893312,0.0014322358183562756,0.0006328483577817678
1761402252496473600,8.6714736328125,0.0019984685350209475,0.002381508471444249,0.00009992343257181346
1761402252506553600,8.6815537109375,0.0020650841761380434,0.0011657733703032136,0.0005162710440345109
1761402252516590600,8.691590576171874,0.0013156584464013577,0.0016820443561300635,0.00003330780964461155
1761402252526716000,8.7017158203125,0.0020983919966965914,0.0012823506258428097,0.0002997702977154404
1761402252536798200,8.711798095703125,0.002348200650885701,0.0011657733703032136,0.0008326952229253948
1761402252546879200,8.721879150390626,0.0015488131903111935,0.0008826569537632167,0.0004163476114626974
1761402252556959700,8.731959716796876,0.002348200650885701,0.0011824272805824876,0.0003663859097287059
1761402252567041300,8.742041259765625,0.0022482771892100573,0.0015987749211490154,-0.00039969373028725386
1761402252577122300,8.752122314453125,0.0026479708030819893,0.0012157351011410356,0.0000666156192892231
1761402252587202800,8.762202880859375,0.0018652373692020774,0.0014155819080770016,0
1761402252597258200,8.77225830078125,0.0017986217280849814,0.0018485834589228034,-0.00016653904458507895
1761402252607365000,8.782365234375,0.0017153521766886115,0.0012990045361220837,0.0007993874605745077
1761402252617420800,8.7924208984375,0.0019651607144623995,0.0012990045361220837,0.0000666156192892231
1761402252627526700,8.802526611328124,0.0018152756383642554,0.0020151224453002214,-0.0001498851488577202
1761402252637607400,8.812607421875,0.0015654671005904675,0.002414816292002797,0.0006661561783403158
1761402252647687400,8.8226875,0.0021650076378136873,0.0019651607144623995,-0.00044965543202124536
1761402252657770200,8.832770263671875,0.0020650841761380434,0.0017486599972471595,-0.0004163476114626974
1761402252667851800,8.842851806640626,0.0021816615480929613,0.0020317763555794954,0.00008326952229253948
1761402252677932800,8.852932861328124,0.0017653139075264335,0.0010825038189068437,-0.00004996171628590673
1761402252688010000,8.863010009765626,0.0020484302658587694,0.0013156584464013577,0.0002664624771568924
1761402252698090000,8.873090087890626,0.0018818912794813514,0.0016653904458507895,0.0007993874605745077
1761402252708172300,8.88317236328125,0.0021316998172551394,0.0016154287150129676,0.0004163476114626974
1761402252718252000,8.893251953125,0.002448124112561345,0.0021316998172551394,0.0011824272805824876
1761402252728337700,8.903337646484376,0.0019151991000398993,0.0016653904458507895,0.0005828866851516068
1761402252738403300,8.9134033203125,0.0018818912794813514,0.0019318530103191733,0.00018319295486435294
1761402252748500000,8.9235,0.0016487365355715156,0.0021316998172551394,0.0002831163874361664
1761402252758580000,8.933580078125,0.0022149693686515093,0.0011990811908617616,0.0004996171337552369
1761402252768662000,8.943662109375,0.0017986217280849814,0.0013156584464013577,0.0005329249543137848
1761402252778742500,8.953742431640626,0.002747894264757633,0.0018818912794813514,0.0005162710440345109
1761402252788819500,8.9638193359375,0.0019651607144623995,0.0017320060869678855,0.0002831163874361664
1761402252798905000,8.973905029296875,0.0016986982664093375,0.0016487365355715156,0.0008826569537632167
1761402252808985600,8.983985595703125,0.0014488897286355495,0.0017653139075264335,0.0002997702977154404
1761402252819067400,8.9940673828125,0.0016653904458507895,0.0016820443561300635,0.00023315467115025967
1761402252829148200,9.004148193359375,0.0015321592800319195,0.0019485069205984473,0.00016653904458507895
1761402252839229200,9.014229248046876,0.0018652373692020774,0.0018985451897606254,0.00019984686514362693
1761402252849306000,9.02430615234375,0.0014988514594733715,0.0014988514594733715,0.00023315467115025967
1761402252859391500,9.0343916015625,0.0018985451897606254,0.0019151991000398993,0.0007327718194574118
1761402252869476000,9.04447607421875,0.0022149693686515093,0.0020151224453002214,0.0006328483577817678
1761402252879553500,9.054553466796875,0.0017653139075264335,0.0019818146247416735,0.0005162710440345109
1761402252889611800,9.06461181640625,0.0025147395208477974,0.0012990045361220837,0.0004330015217419714
1761402252899715800,9.0747158203125,0.0020817380864173174,0.0012656967155635357,0.0002997702977154404
1761402252909796400,9.08479638671875,0.0020151224453002214,0.0015987749211490154,0.0009825803572311997
1761402252919873500,9.09487353515625,0.0019318530103191733,0.0012656967155635357,0.0010491959983482957
1761402252929927000,9.104927001953126,0.0018652373692020774,0.0012990045361220837,0.0008493491332046688
1761402252940040000,9.1150400390625,0.0022316232789307833,0.0018319295486435294,0.0007660796400159597
1761402252950120700,9.12512060546875,0.0022982389200478792,0.0018985451897606254,-0.00018319295486435294
1761402252960202000,9.135201904296874,0.0021150459069758654,0.0012990045361220837,0.0005329249543137848
1761402252970283000,9.145282958984374,0.003164242021739483,0.0015155053697526455,-0.0001332312385784462
1761402252980360000,9.15535986328125,0.002331546740606427,0.0016820443561300635,0.0003164241788908839
1761402252990445000,9.165445068359375,0.0020650841761380434,0.0014155819080770016,0.0005162710440345109
1761402253000526000,9.175526123046875,0.0021316998172551394,0.0022482771892100573,0.0005995405954308808
1761402253010607000,9.185607177734376,0.0020817380864173174,0.0017486599972471595,0.00023315467115025967
1761402253020688400,9.1956884765625,0.0021483537275344133,0.0019984685350209475,-0.00004996171628590673
1761402253030747000,9.205746826171875,0.0022982389200478792,0.0010658499086275697,0.0004163476114626974
1761402253040846300,9.215846435546876,0.0018818912794813514,0.0019485069205984473,0.0002997702977154404
1761402253050930700,9.2259306640625,0.0022649310994893312,0.0013323123566806316,-0.00019984686514362693
1761402253061013000,9.236012939453126,0.0018485834589228034,0.0021650076378136873,0
1761402253071093000,9.246093017578126,0.0020484302658587694,0.0017153521766886115,0.0009659265051595867
1761402253081173800,9.256173828125,0.0016653904458507895,0.002747894264757633,0.00039969373028725386
1761402253091230000,9.26622998046875,0.0017819678178057075,0.0019151991000398993,0.00003330780964461155
1761402253101336000,9.276336181640625,0.0022649310994893312,0.0020817380864173174,0.00009992343257181346
1761402253111413500,9.28641357421875,0.0017986217280849814,0.0025147395208477974,0.0004996171337552369
1761402253121478400,9.296478515625,0.0019485069205984473,0.0017486599972471595,0.00016653904458507895
1761402253131580000,9.306579833984374,0.0014322358183562756,0.0015987749211490154,0.0006495022680610418
1761402253141660200,9.31666015625,0.0013989279977977276,0.0019151991000398993,0.0000666156192892231
1761402253151741700,9.32674169921875,0.0021150459069758654,0.0019818146247416735,0.0002165007608709857
1761402253161822500,9.336822509765625,0.0019151991000398993,0.0010825038189068437,0.0003330780891701579
1761402253171899100,9.346899169921874,0.0022482771892100573,0.0017986217280849814,-0.0002664624771568924
1761402253181985300,9.3569853515625,0.0013989279977977276,0.0012990045361220837,0.0007161179091781378
1761402253192065500,9.3670654296875,0.0019318530103191733,0.0019485069205984473,0.0005995405954308808
1761402253202146600,9.377146484375,0.002414816292002797,0.002348200650885701,0.0001332312385784462
1761402253212228400,9.387228271484375,0.002314892830327153,0.0018818912794813514,0.0007827335502952337
1761402253222308600,9.39730859375,0.0017153521766886115,0.0017486599972471595,-0.0002165007608709857
1761402253232389600,9.4073896484375,0.0020484302658587694,0.0013822740875184536,0.0004163476114626974
1761402253242467600,9.417467529296875,0.0021983154583722353,0.0021816615480929613,0.00008326952229253948
1761402253252552000,9.427552001953124,0.0021650076378136873,0.0011990811908617616,0.0005828866851516068
1761402253262633700,9.4376337890625,0.0022649310994893312,0.0018985451897606254,0.0003497319994494319
1761402253272694300,9.4476943359375,0.0017653139075264335,0.0026313168928027153,0.0009492725948803127
1761402253282795500,9.45779541015625,0.0019984685350209475,0.0021150459069758654,0.00008326952229253948
1761402253292876800,9.467876708984376,0.0017153521766886115,0.0018985451897606254,0.0012157351011410356
1761402253302953500,9.477953369140625,0.0019318530103191733,0.0015987749211490154,0.0007827335502952337
1761402253313038600,9.48803857421875,0.0017986217280849814,0.0016154287150129676,0.0013323123566806316
1761402253323094300,9.49809423828125,0.0018319295486435294,0.0015821210108697414,0.0010991577291861176
1761402253333201000,9.508200927734375,0.0014988514594733715,0.0021983154583722353,0.0005995405954308808
1761402253343256600,9.518256591796876,0.0020650841761380434,0.0015321592800319195,0.0008493491332046688
1761402253353362400,9.528362548828126,0.0019984685350209475,0.0022316232789307833,0.0004163476114626974
1761402253363439900,9.53843994140625,0.0020484302658587694,0.0011657733703032136,0.0009159647743217647
1761402253373524500,9.5485244140625,0.0017153521766886115,0.0015488131903111935,0.00008326952229253948
1761402253383606300,9.558606201171875,0.0026146629825234413,0.0011324655497446656,0.00008326952229253948
1761402253393686500,9.5686865234375,0.0016320826252922416,0.0019151991000398993,0.0009659265051595867
1761402253403752000,9.578751953125,0.0022482771892100573,0.0015987749211490154,-0.00024980856687761843
1761402253413848600,9.5888486328125,0.0016653904458507895,0.0017486599972471595,0.0006828100886195898
1761402253423929600,9.5989296875,0.0022482771892100573,0.0021983154583722353,0
1761402253434007000,9.609007080078126,0.0021483537275344133,0.0022149693686515093,0.0003497319994494319
1761402253444066800,9.61906689453125,0.0018485834589228034,0.0020650841761380434,0.0006828100886195898
1761402253454173000,9.6291728515625,0.0020650841761380434,0.0016154287150129676,0.0002664624771568924
1761402253464254500,9.63925439453125,0.0017153521766886115,0.0009492725948803127,0.00004996171628590673
1761402253474335700,9.649335693359374,0.0018818912794813514,0.0010158881777897477,0.0005995405954308808
1761402253484381400,9.65938134765625,0.0022982389200478792,0.0020151224453002214,0.0002831163874361664
1761402253494472000,9.669471923828125,0.0022982389200478792,0.0020983919966965914,-0.0002997702977154404
1761402253504578300,9.679578369140625,0.0021483537275344133,0.0019984685350209475,0.0002997702977154404
1761402253514659300,9.689659423828125,0.002331546740606427,0.0020317763555794954,-0.00008326952229253948
1761402253524740900,9.699740966796876,0.0015321592800319195,0.0016820443561300635,0.0005162710440345109
1761402253534821000,9.709821044921876,0.0018485834589228034,0.0016653904458507895,0.0003164241788908839
1761402253544903000,9.71990283203125,0.0022982389200478792,0.0022815850097686052,0.0004996171337552369
1761402253554984400,9.729984375,0.0019151991000398993,0.0013156584464013577,0.0005495788645930588
1761402253565065000,9.74006494140625,0.0016320826252922416,0.0014655436389148235,0.00048296325257979333
1761402253575146200,9.750146240234375,0.0017320060869678855,0.0011657733703032136,0.0010158881777897477
1761402253585226500,9.7602265625,0.0019651607144623995,0.0017819678178057075,0.0006495022680610418
1761402253595308300,9.770308349609374,0.002348200650885701,0.0012823506258428097,0.0008493491332046688
1761402253605388800,9.780388916015625,0.0011824272805824876,0.0016487365355715156,0.0006495022680610418
1761402253615444200,9.7904443359375,0.0019485069205984473,0.0019984685350209475,0.0000666156192892231
1761402253625552000,9.8005517578125,0.0021816615480929613,0.0017653139075264335,0.0005662327748723328
1761402253635607000,9.81060693359375,0.0026146629825234413,0.0005995405954308808,0.00023315467115025967
1761402253645690600,9.820690673828125,0.0019318530103191733,0.0016487365355715156,0.0005495788645930588
1761402253655794000,9.8307939453125,0.002314892830327153,0.0022316232789307833,-0.00019984686514362693
1761402253665876000,9.8408759765625,0.002348200650885701,0.0019151991000398993,0.0002997702977154404
1761402253675956000,9.8509560546875,0.0021650076378136873,0.0019151991000398993,0.00011657733557512984
1761402253686038300,9.861038330078125,0.002348200650885701,0.0015987749211490154,0.0005162710440345109
1761402253696118300,9.8711181640625,0.0018985451897606254,0.0015321592800319195,0.0003330780891701579
1761402253706199000,9.881198974609376,0.0020484302658587694,0.0016487365355715156,0.00038303982000797987
1761402253716281000,9.891281005859375,0.0025313934311270714,0.0011990811908617616,-0.00023315467115025967
1761402253726361300,9.901361328125,0.0022815850097686052,0.0018818912794813514,0.00008326952229253948
1761402253736443000,9.91144287109375,0.0018152756383642554,0.0021150459069758654,0.0005495788645930588
1761402253746524200,9.921524169921875,0.0021816615480929613,0.0010491959983482957,0.0000666156192892231
1761402253756599600,9.931599609375,0.002997702918946743,0.0006828100886195898,0.0003330780891701579
1761402253766686200,9.941686279296874,0.0017986217280849814,0.002331546740606427,0.0006328483577817678
1761402253776767000,9.95176708984375,0.002831163816154003,0.0019318530103191733,0.0005995405954308808
1761402253786834700,9.961834716796876,0.0021316998172551394,0.0019818146247416735,0.0005329249543137848
1761402253796929000,9.971928955078125,0.0019485069205984473,0.002481431933119893,-0.0004163476114626974
1761402253807009500,9.982009521484375,0.0021316998172551394,0.0014488897286355495,0.00018319295486435294
1761402253817066500,9.99206640625,0.0018485834589228034,0.0014821975491940975,0.0002831163874361664
1761402253827166200,10.002166259765625,0.0019818146247416735,0.0010991577291861176,0.00018319295486435294
1761402253837252900,10.0122529296875,0.002431470202282071,0.0017653139075264335,0.0006994639988988638
1761402253847289600,10.02228955078125,0.002414816292002797,0.0022649310994893312,0.00008326952229253948
1761402253857415200,10.032415283203125,0.0017153521766886115,0.0019984685350209475,0.0001498851488577202
1761402253867496400,10.042496337890626,0.0018152756383642554,0.0014821975491940975,0.0004330015217419714
1761402253877560800,10.052560791015624,0.0025313934311270714,0.0022149693686515093,0
1761402253887659000,10.062658935546875,0.0017153521766886115,0.0016653904458507895,0.0006328483577817678
1761402253897739800,10.07273974609375,0.0014322358183562756,0.0002831163874361664,0.0004330015217419714
1761402253907821000,10.082821044921875,0.0025480473414063454,0.0020317763555794954,0.00009992343257181346
1761402253917917700,10.092917724609375,0.002414816292002797,0.0022482771892100573,0.0003164241788908839
1761402253927986200,10.102986083984375,0.002331546740606427,0.0020817380864173174,0.0002165007608709857
1761402253938059500,10.1130595703125,0.0021316998172551394,0.002414816292002797,0.0005662327748723328
1761402253948119600,10.12311962890625,0.0021150459069758654,0.0014821975491940975,0.0013323123566806316
1761402253958231600,10.1332314453125,0.0018985451897606254,0.0010158881777897477,0.0003497319994494319
1761402253968306400,10.143306396484375,0.0017653139075264335,0.0015987749211490154,0.0000666156192892231
1761402253978388200,10.15338818359375,0.0016487365355715156,0.0019651607144623995,-0.00039969373028725386
1761402253988469000,10.163468994140626,0.0019318530103191733,0.0018152756383642554,0.00019984686514362693
1761402253998545700,10.173545654296875,0.0025480473414063454,0.0020983919966965914,0.0003663859097287059
1761402254008605400,10.18360546875,0.0020983919966965914,0.0015987749211490154,0.0003164241788908839
1761402254018711600,10.193711669921875,0.0018485834589228034,0.0019984685350209475,0.00024980856687761843
1761402254028793900,10.2037939453125,0.0017320060869678855,0.0020817380864173174,0.0008326952229253948
1761402254038873900,10.213873779296875,0.0021816615480929613,0.0016986982664093375,0.00019984686514362693
1761402254048956200,10.2239560546875,0.0015488131903111935,0.0020484302658587694,0.0007327718194574118
1761402254059011300,10.23401123046875,0.0007993874605745077,0.0020151224453002214,0.0006994639988988638
1761402254069082400,10.244082275390625,0.0020650841761380434,0.0012323890114203095,0.0004330015217419714
1761402254079173000,10.254173095703125,0.0020983919966965914,0.0016154287150129676,-0.0003164241788908839
1761402254089254000,10.26425390625,0.0018319295486435294,0.0017320060869678855,0.0002165007608709857
1761402254099361000,10.274361083984376,0.0022149693686515093,0.0014655436389148235,0.00038303982000797987
1761402254109441300,10.284441162109376,0.0021483537275344133,0.0017819678178057075,0.0010991577291861176
1761402254119523300,10.2945234375,0.0014821975491940975,0.0011990811908617616,0.00046630934230051935
1761402254129599700,10.304599853515626,0.002448124112561345,0.0013656201772391796,0.0002997702977154404
1761402254139684400,10.314684326171875,0.0025313934311270714,0.0020650841761380434,0.0003164241788908839
1761402254149766400,10.324766357421876,0.0014488897286355495,0.0020151224453002214,-0.00024980856687761843
1761402254159846700,10.3348466796875,0.0019318530103191733,0.0025480473414063454,0.0006328483577817678
1761402254169928400,10.344928466796874,0.0018485834589228034,0.0015987749211490154,0.00016653904458507895
1761402254180008700,10.3550087890625,0.0019984685350209475,0.0015987749211490154,-0.0010491959983482957
1761402254190091800,10.365091796875,0.0018485834589228034,0.0014488897286355495,0.00003330780964461155
1761402254200167200,10.375167236328124,0.002398162381723523,0.0019818146247416735,-0.00019984686514362693
1761402254210227000,10.38522705078125,0.0020151224453002214,0.0018652373692020774,-0.000016653904822305776
1761402254220333600,10.39533349609375,0.0017320060869678855,0.0015488131903111935,0.00024980856687761843
1761402254230408400,10.405408447265625,0.0016653904458507895,0.0011824272805824876,0.00038303982000797987
1761402254240495900,10.415495849609375,0.0019485069205984473,0.0016320826252922416,0
1761402254250576000,10.425575927734375,0.0020650841761380434,0.0016820443561300635,0.00018319295486435294
1761402254260653600,10.435653564453125,0.0012990045361220837,0.0013489662669599056,0.0006994639988988638
1761402254270738200,10.44573828125,0.0019318530103191733,0.0020650841761380434,-0.00008326952229253948
1761402254280819200,10.455819091796876,0.0016986982664093375,0.0017153521766886115,0.00008326952229253948
1761402254290867500,10.465867431640625,0.0019318530103191733,0.0014488897286355495,0.00038303982000797987
1761402254300981500,10.4759814453125,0.0027145864441990852,0.0018818912794813514,0.0003330780891701579
1761402254311063300,10.486063232421875,0.0014155819080770016,0.0021483537275344133,0.000016653904822305776
1761402254321140200,10.49614013671875,0.0016653904458507895,0.0013489662669599056,0.0006828100886195898
1761402254331199000,10.506198974609376,0.0016653904458507895,0.0014821975491940975,0.0002664624771568924
1761402254341306400,10.516306396484374,0.0015155053697526455,0.0014488897286355495,0.00024980856687761843
1761402254351387400,10.526387451171875,0.0015821210108697414,0.0018985451897606254,0.00024980856687761843
1761402254361457000,10.536456787109374,0.002947741188108921,0.0014488897286355495,0.0000666156192892231
1761402254371549200,10.546549072265625,0.0021650076378136873,0.0015321592800319195,-0.0000666156192892231
1761402254381641500,10.556641357421874,0.002364854561164975,0.0015987749211490154,0.000016653904822305776
1761402254391707400,10.566707275390625,0.0021316998172551394,0.0019151991000398993,0.00008326952229253948
1761402254401766400,10.576766357421874,0.002314892830327153,0.0019485069205984473,0.0002664624771568924
1761402254411873800,10.586873779296875,0.0017986217280849814,0.0009992342675104737,0.0005495788645930588
1761402254421932800,10.596932861328124,0.0017153521766886115,0.0018152756383642554,0.0005662327748723328
1761402254432035000,10.60703515625,0.0019651607144623995,0.0007161179091781378,0.00009992343257181346
1761402254442116600,10.61711669921875,0.002331546740606427,0.0016320826252922416,0.0007494257297366858
1761402254452201200,10.627201171875,0.0016986982664093375,0.0016154287150129676,0.0008993108640424907
1761402254462278700,10.637278564453124,0.0024980856105685234,0.002431470202282071,0.0009659265051595867
1761402254472333800,10.647333740234375,0.0019818146247416735,0.0016986982664093375,0.0004163476114626974
1761402254482440400,10.6574404296875,0.0017320060869678855,0.0014821975491940975,0
1761402254492521200,10.667521240234375,0.002381508471444249,0.0014988514594733715,0.0007660796400159597
1761402254502602800,10.677602783203126,0.002797855995595455,0.0017153521766886115,0.0007827335502952337
1761402254512683500,10.68768359375,0.0021983154583722353,0.0013989279977977276,0.0006994639988988638
1761402254522760200,10.69776025390625,0.0021816615480929613,0.0020983919966965914,0.00011657733557512984
1761402254532845600,10.707845458984375,0.0020650841761380434,0.0009825803572311997,0.00048296325257979333
1761402254542902000,10.717902099609375,0.0020983919966965914,0.0013156584464013577,0.0009159647743217647
1761402254553008000,10.728008056640626,0.0021650076378136873,0.0009326186846010387,0.0006161945057101548
1761402254563089400,10.73808935546875,0.0020817380864173174,0.0016487365355715156,0.0009326186846010387
1761402254573191700,10.748191650390625,0.0017819678178057075,0.0021650076378136873,0.00009992343257181346
1761402254583246600,10.75824658203125,0.0021150459069758654,0.0014988514594733715,0.0000666156192892231
1761402254593306600,10.768306640625,0.0025313934311270714,0.0015654671005904675,0.00046630934230051935
1761402254603390200,10.77839013671875,0.0025480473414063454,0.0017986217280849814,0.0002997702977154404
1761402254613494500,10.78849462890625,0.0017486599972471595,0.0016986982664093375,-0.00039969373028725386
1761402254623575800,10.798575927734374,0.0019151991000398993,0.0015321592800319195,0.0002831163874361664
1761402254633656000,10.808656005859374,0.002481431933119893,0.0013156584464013577,0.0005329249543137848
1761402254643729000,10.81872900390625,0.0018818912794813514,0.0012990045361220837,-0.00011657733557512984
1761402254653818000,10.828818115234375,0.0015987749211490154,0.0019485069205984473,0.00046630934230051935
1761402254663899100,10.838899169921875,0.0011990811908617616,0.0013323123566806316,0.0007827335502952337
1761402254673981200,10.848981201171876,0.0017320060869678855,0.0007827335502952337,-0.00011657733557512984
1761402254684061200,10.859061279296874,0.0025480473414063454,0.0017986217280849814,-0.000016653904822305776
1761402254694143000,10.86914306640625,0.0022149693686515093,0.0021983154583722353,0.0001332312385784462
1761402254704223700,10.8792236328125,0.0014155819080770016,0.0016653904458507895,0.00011657733557512984
1761402254714279000,10.88927880859375,0.0020484302658587694,0.0018818912794813514,0.0006495022680610418
1761402254724386300,10.89938623046875,0.0019651607144623995,0.0014322358183562756,0.0005828866851516068
1761402254734466800,10.909466796875,0.0018985451897606254,0.0013656201772391796,-0.00003330780964461155
1761402254744526000,10.919526123046875,0.0020817380864173174,0.0018152756383642554,-0.00038303982000797987
1761402254754629400,10.92962939453125,0.0017486599972471595,0.0016820443561300635,-0.00048296325257979333
1761402254764727300,10.939727294921875,0.0018152756383642554,0.0005995405954308808,-0.00016653904458507895
1761402254774791700,10.949791748046875,0.0015321592800319195,0.0019651607144623995,0.0005162710440345109
1761402254784872000,10.959871826171875,0.0016320826252922416,0.0011158116394653916,0.0009326186846010387
1761402254794928600,10.9699287109375,0.0020484302658587694,0.0012490428052842617,0.0010825038189068437
1761402254805034500,10.980034423828124,0.0022149693686515093,0.0017486599972471595,0.0010991577291861176
1761402254815115500,10.990115478515625,0.002481431933119893,0.0017486599972471595,0.00044965543202124536
1761402254825196800,11.00019677734375,0.0018985451897606254,0.002331546740606427,0.0005329249543137848
1761402254835296500,11.010296630859376,0.0021983154583722353,0.0020151224453002214,0.0003497319994494319
1761402254845359000,11.020359130859376,0.0021650076378136873,0.0015987749211490154,0.0000666156192892231
1761402254855440000,11.03043994140625,0.0021316998172551394,0.0016487365355715156,0.0004163476114626974
1761402254865521000,11.04052099609375,0.0013323123566806316,0.0021316998172551394,-0.0011158116394653916
1761402254875580700,11.05058056640625,0.0019984685350209475,0.0018818912794813514,0.00039969373028725386
1761402254885673500,11.060673583984375,0.0019651607144623995,0.0019984685350209475,0.00024980856687761843
1761402254895764500,11.070764404296876,0.002831163816154003,0.0016320826252922416,0.0008160413126461208
1761402254905819600,11.080819580078124,0.0017819678178057075,0.0013156584464013577,0.0005329249543137848
1761402254915926300,11.09092626953125,0.0020650841761380434,0.0012157351011410356,0.0012157351011410356
1761402254926007000,11.101007080078125,0.0018319295486435294,0.002314892830327153,0.0008326952229253948
1761402254936088000,11.111088134765625,0.0011657733703032136,0.0017320060869678855,0.0005828866851516068
1761402254946169600,11.121169677734375,0.0022982389200478792,0.0014655436389148235,0.00019984686514362693
1761402254956249600,11.13124951171875,0.0019984685350209475,0.0016487365355715156,0.0000666156192892231
1761402254966332000,11.141331787109374,0.0014988514594733715,0.0016653904458507895,0.0003663859097287059
1761402254976387600,11.1513876953125,0.0014655436389148235,0.0015654671005904675,0.00011657733557512984
1761402254986468000,11.161468017578125,0.0018485834589228034,0.0019151991000398993,0.0004996171337552369
1761402254996574700,11.17157470703125,0.0018485834589228034,0.0019818146247416735,0.00048296325257979333
1761402255006655700,11.18165576171875,0.0021816615480929613,0.0026646247133612633,0.00004996171628590673
1761402255016700400,11.191700439453125,0.0018319295486435294,0.0018319295486435294,0.0005828866851516068
1761402255026817300,11.2018173828125,0.0018818912794813514,0.0018152756383642554,-0.0005329249543137848
1761402255036873500,11.21187353515625,0.0018985451897606254,0.0017320060869678855,0.0005995405954308808
1761402255046980000,11.22197998046875,0.0020317763555794954,0.0009825803572311997,0.0006828100886195898
1761402255057060900,11.232060791015625,0.0025480473414063454,0.0014155819080770016,0.00004996171628590673
1761402255067142000,11.242141845703125,0.0016653904458507895,0.0017486599972471595,0.00044965543202124536
1761402255077222100,11.25222216796875,0.002381508471444249,0.0013822740875184536,0.0001498851488577202
1761402255087304700,11.2623046875,0.002481431933119893,0.0016820443561300635,0.00024980856687761843
1761402255097359600,11.272359619140625,0.0021316998172551394,0.0022149693686515093,0.00004996171628590673
1761402255107466000,11.282466064453125,0.0013822740875184536,0.0017486599972471595,0
1761402255117570800,11.29257080078125,0.0017653139075264335,0.0014988514594733715,0.0005162710440345109
1761402255127627500,11.30262744140625,0.0012990045361220837,0.0018985451897606254,0.00046630934230051935
1761402255137709300,11.312709228515626,0.0018985451897606254,0.0019485069205984473,0.00039969373028725386
1761402255147746600,11.32274658203125,0.0020817380864173174,0.0022149693686515093,0.0001498851488577202
1761402255157871400,11.332871337890625,0.0020817380864173174,0.0014655436389148235,0.00016653904458507895
1761402255177997000,11.3529970703125,0.0020983919966965914,0.0015155053697526455,-0.00016653904458507895
1761402255188110300,11.3631103515625,0.0016820443561300635,0.0017320060869678855,0.0011824272805824876
1761402255198193700,11.373193603515626,0.0015488131903111935,0.0017320060869678855,0.0008826569537632167
1761402255208276200,11.383276123046874,0.0015821210108697414,0.0018485834589228034,0.0008493491332046688
1761402255218332400,11.39333251953125,0.0021316998172551394,0.0014821975491940975,0.00008326952229253948
1761402255228438500,11.4034384765625,0.0020317763555794954,0.0017320060869678855,0.0011324655497446656
1761402255238536000,11.413535888671875,0.0018319295486435294,0.0014488897286355495,0.0011657733703032136
1761402255248601000,11.42360107421875,0.0020317763555794954,0.0013989279977977276,0.0007660796400159597
1761402255258681000,11.43368115234375,0.0015654671005904675,0.0018818912794813514,0.0005495788645930588
1761402255268763000,11.443762939453125,0.0017986217280849814,0.0017486599972471595,-0.00048296325257979333
1761402255278839600,11.453839599609376,0.0017986217280849814,0.0013156584464013577,0.0009825803572311997
1761402255288924200,11.463924072265625,0.0020817380864173174,0.0015821210108697414,-0.00023315467115025967
1761402255299006200,11.474006103515626,0.0019984685350209475,0.0015821210108697414,-0.0002165007608709857
1761402255309086700,11.484086669921876,0.0015987749211490154,0.0022149693686515093,0
1761402255319168500,11.49416845703125,0.0020484302658587694,0.0020484302658587694,-0.00019984686514362693
1761402255329249300,11.504249267578125,0.0020317763555794954,0.0013489662669599056,0.00024980856687761843
1761402255339308800,11.514308837890624,0.0019818146247416735,0.0019151991000398993,0.0003164241788908839
1761402255349407500,11.524407470703125,0.0019485069205984473,0.0013156584464013577,0.00004996171628590673
1761402255359470600,11.534470703125,0.0022482771892100573,0.0015987749211490154,-0.0004996171337552369
1761402255369573400,11.544573486328124,0.0019485069205984473,0.0019984685350209475,0.0006495022680610418
1761402255379654400,11.554654296875,0.002331546740606427,0.0017819678178057075,0.0005329249543137848
1761402255389735000,11.56473486328125,0.0014155819080770016,0.0020650841761380434,0.00016653904458507895
1761402255399817000,11.57481689453125,0.0020317763555794954,0.0019818146247416735,0.0005828866851516068
1761402255409892900,11.584892822265624,0.0018319295486435294,0.0015488131903111935,0.0006994639988988638
1761402255419978800,11.594978759765626,0.0015488131903111935,0.0020983919966965914,-0.00004996171628590673
1761402255430059000,11.60505908203125,0.0015987749211490154,0.0020983919966965914,0.0007327718194574118
1761402255440140800,11.615140869140625,0.0015155053697526455,0.0022482771892100573,0.0003330780891701579
1761402255450222300,11.625222412109375,0.0022649310994893312,0.0011824272805824876,0.0002664624771568924
1761402255460302600,11.635302490234375,0.002381508471444249,0.0016320826252922416,0.0005828866851516068
1761402255470383900,11.6453837890625,0.0016653904458507895,0.0017486599972471595,0.0005828866851516068
1761402255480461000,11.6554609375,0.0014155819080770016,0.0018485834589228034,0.0002664624771568924
1761402255490520600,11.6655205078125,0.0018985451897606254,0.0015155053697526455,-0.00003330780964461155
1761402255500627200,11.675627197265625,0.0019818146247416735,0.0014988514594733715,0.0002664624771568924
1761402255510707700,11.685707763671875,0.0020650841761380434,0.0017653139075264335,0.0009159647743217647
1761402255530871000,11.70587109375,0.0018152756383642554,0.0026812786236405373,0.0007993874605745077
1761402255540947200,11.715947265625,0.0017486599972471595,0.0014155819080770016,0.0002664624771568924
1761402255551032300,11.7260322265625,0.0019984685350209475,0.0015488131903111935,0.0007494257297366858
1761402255561113000,11.736113037109375,0.0021816615480929613,0.0016820443561300635,0.00038303982000797987
1761402255571194600,11.746194580078125,0.0019485069205984473,0.0020484302658587694,0.00039969373028725386
1761402255581275000,11.75627490234375,0.0019984685350209475,0.0012157351011410356,0.0005329249543137848
1761402255591356700,11.766356689453126,0.002381508471444249,0.0011990811908617616,0.00046630934230051935
1761402255601433600,11.77643359375,0.0020983919966965914,0.0014988514594733715,0.0008660030434839427
1761402255611518200,11.786518310546874,0.0025313934311270714,0.0014155819080770016,0.0006994639988988638
1761402255621599000,11.796598876953125,0.0019651607144623995,0.0016986982664093375,0.0002165007608709857
1761402255631652900,11.80665283203125,0.0015155053697526455,0.0022815850097686052,0.000016653904822305776
1761402255641761300,11.81676123046875,0.0020650841761380434,0.0017486599972471595,0.00009992343257181346
1761402255651842300,11.82684228515625,0.0021483537275344133,0.0016487365355715156,0.0004996171337552369
1761402255661920800,11.836920654296875,0.003547281725332141,0.0015321592800319195,0.00009992343257181346
1761402255672000800,11.847000732421876,0.0019984685350209475,0.0017320060869678855,0.0002831163874361664
1761402255682085600,11.857085693359375,0.0020650841761380434,0.0021150459069758654,0.0009659265051595867
1761402255692167200,11.867167236328125,0.0020317763555794954,0.0018485834589228034,0.0005662327748723328
1761402255702201900,11.877201904296875,0.0025313934311270714,0.0019651607144623995,0.0003663859097287059
1761402255712332800,11.887332763671875,0.0018985451897606254,0.0018985451897606254,0.0004163476114626974
1761402255722410800,11.89741064453125,0.0021983154583722353,0.0019651607144623995,0.0008660030434839427
1761402255732487400,11.9074873046875,0.0017653139075264335,0.002431470202282071,0.00009992343257181346
1761402255742572500,11.917572509765625,0.0021816615480929613,0.0015488131903111935,0.00003330780964461155
1761402255752652500,11.927652587890625,0.0017653139075264335,0.0020983919966965914,0.0005495788645930588
1761402255762734000,11.937734130859376,0.0014821975491940975,0.0020317763555794954,0.0007494257297366858
1761402255772814800,11.94781494140625,0.0016820443561300635,0.0021316998172551394,0.0006161945057101548
1761402255782896600,11.957896728515625,0.0018985451897606254,0.0011824272805824876,0.00016653904458507895
1761402255792977000,11.967976806640625,0.0020151224453002214,0.0017320060869678855,0.0008326952229253948
1761402255803054600,11.9780546875,0.0016653904458507895,0.0012323890114203095,0.0013323123566806316
1761402255813108500,11.9881083984375,0.002448124112561345,0.0011324655497446656,0.0007660796400159597
1761402255823220700,11.998220703125,0.0022149693686515093,0.0007993874605745077,0.00016653904458507895
1761402255833301800,12.0083017578125,0.002464778022840619,0.0020650841761380434,0.00008326952229253948
1761402255843383000,12.018383056640625,0.0018319295486435294,0.0019151991000398993,0.00048296325257979333
1761402255853464300,12.02846435546875,0.0022649310994893312,0.0016154287150129676,-0.0006495022680610418
1761402255863540500,12.03854052734375,0.0019818146247416735,0.0018319295486435294,-0.00004996171628590673
1761402255873603800,12.048603759765625,0.0021816615480929613,0.0019984685350209475,0.0004996171337552369
1761402255883707100,12.05870703125,0.0013489662669599056,0.0014655436389148235,0.0005162710440345109
1761402255893787400,12.068787353515624,0.0018319295486435294,0.0014155819080770016,0.0008826569537632167
1761402255903845400,12.078845458984375,0.0026479708030819893,0.0014821975491940975,0.0007327718194574118
1761402255913949700,12.08894970703125,0.0026979325339198112,0.0013822740875184536,0.0009659265051595867
1761402255924027400,12.09902734375,0.0018485834589228034,0.0018319295486435294,0.0008826569537632167
1761402255934112500,12.109112548828126,0.002364854561164975,0.0020484302658587694,0.0004330015217419714
1761402255944193300,12.119193359375,0.0020983919966965914,0.0014322358183562756,0.0002997702977154404
1761402255954273500,12.1292734375,0.0022982389200478792,0.0022149693686515093,0.00011657733557512984
1761402255964354800,12.139354736328125,0.0016820443561300635,0.0019818146247416735,0.0005329249543137848
1761402255974437000,12.14943701171875,0.0018319295486435294,0.0015488131903111935,0.0002664624771568924
1761402255984518000,12.159517822265625,0.0016487365355715156,0.0018152756383642554,0.000016653904822305776
1761402255994599000,12.169598876953126,0.0022649310994893312,0.0018319295486435294,0.00009992343257181346
1761402256004679700,12.1796796875,0.002481431933119893,0.0012656967155635357,0.0002165007608709857
1761402256014715400,12.18971533203125,0.0022815850097686052,0.0018652373692020774,-0.0006661561783403158
1761402256024842500,12.199842529296875,0.0019818146247416735,0.0016320826252922416,0.0005995405954308808
1761402256034922800,12.2099228515625,0.0022982389200478792,0.0022316232789307833,0.0007660796400159597
1761402256044978400,12.219978515625,0.0015654671005904675,0.0019151991000398993,0.0004330015217419714
1761402256055085800,12.2300859375,0.0015488131903111935,0.0016820443561300635,0.00023315467115025967
1761402256065160700,12.24016064453125,0.0017153521766886115,0.0010325420880690217,0.0006328483577817678
1761402256075246800,12.250246826171875,0.0018319295486435294,0.0016320826252922416,0.00008326952229253948
1761402256085327600,12.26032763671875,0.0020983919966965914,0.0012323890114203095,-0.0002831163874361664
1761402256105490400,12.280490478515626,0.0014155819080770016,0.0020151224453002214,0.00048296325257979333
1761402256115570700,12.29057080078125,0.0019818146247416735,0.0019651607144623995,0.0014322358183562756
1761402256125652500,12.300652587890625,0.0018485834589228034,0.0016653904458507895,-0.00024980856687761843
1761402256135733200,12.310733154296875,0.0016487365355715156,0.0010325420880690217,0.0000666156192892231
1761402256145789000,12.320788818359375,0.0018319295486435294,0.0010158881777897477,-0.00011657733557512984
1761402256155869200,12.330869140625,0.0018985451897606254,0.0019818146247416735,-0.00048296325257979333
1761402256165975800,12.340975830078126,0.0017986217280849814,0.0021816615480929613,0.00046630934230051935
1761402256176057900,12.351057861328124,0.002431470202282071,0.0021483537275344133,-0.00009992343257181346
1761402256186113000,12.361113037109375,0.0018152756383642554,0.0016986982664093375,0.00019984686514362693
1761402256196219600,12.3712197265625,0.002781202085316181,0.0018652373692020774,0.0005995405954308808
1761402256206300000,12.3812998046875,0.0021983154583722353,0.002481431933119893,-0.0002831163874361664
1761402256216356400,12.3913564453125,0.0020151224453002214,0.0021983154583722353,0.0005995405954308808
1761402256226420500,12.40142041015625,0.0017986217280849814,0.0019984685350209475,0.00019984686514362693
1761402256236543200,12.411543212890624,0.002331546740606427,0.0014988514594733715,0.00011657733557512984
1761402256246625000,12.421625,0.0019485069205984473,0.002348200650885701,0.0003164241788908839
1761402256256705300,12.431705322265625,0.0013323123566806316,0.0016653904458507895,0.00048296325257979333
1761402256266786600,12.44178662109375,0.0016487365355715156,0.0009326186846010387,0.0004330015217419714
1761402256276867300,12.451867431640625,0.0016820443561300635,0.002414816292002797,0.0002165007608709857
1761402256286948400,12.4619482421875,0.002398162381723523,0.0014488897286355495,0.000016653904822305776
1761402256297004500,12.472004638671875,0.0019984685350209475,0.0014322358183562756,0.0002664624771568924
1761402256307111000,12.48211083984375,0.0017819678178057075,0.0015321592800319195,0.0010158881777897477
1761402256317191700,12.492191650390625,0.002314892830327153,0.0014155819080770016,0.0007494257297366858
1761402256327247600,12.50224755859375,0.0021483537275344133,0.002797855995595455,0.0005828866851516068
1761402256337354500,12.5123544921875,0.002414816292002797,0.0016653904458507895,0.00011657733557512984
1761402256347435000,12.52243505859375,0.002448124112561345,0.0025480473414063454,0.00019984686514362693
1761402256357516300,12.532516357421875,0.0018152756383642554,0.0022482771892100573,-0.00016653904458507895
1761402256367574500,12.542574462890625,0.0022482771892100573,0.0020484302658587694,0.00019984686514362693
1761402256377677800,12.552677734375,0.0020817380864173174,0.0026313168928027153,0.00044965543202124536
1761402256387759900,12.562759765625,0.0022649310994893312,0.002464778022840619,0.0005995405954308808
1761402256397840100,12.572840087890626,0.0018319295486435294,0.0013822740875184536,0.00008326952229253948
1761402256407922000,12.582921875,0.0016487365355715156,0.0015987749211490154,0.0010825038189068437
1761402256418000100,12.593000244140624,0.0017819678178057075,0.0013989279977977276,0.0002831163874361664
1761402256428079900,12.603079833984374,0.002464778022840619,0.0015987749211490154,0.00003330780964461155
1761402256438162700,12.61316259765625,0.0018818912794813514,0.0016320826252922416,-0.00044965543202124536
1761402256448250400,12.62325048828125,0.0016820443561300635,0.0015821210108697414,0.0003497319994494319
1761402256458327000,12.6333271484375,0.0019818146247416735,0.002331546740606427,0.0007161179091781378
1761402256468407600,12.643407470703124,0.0019151991000398993,0.0021650076378136873,0.0003497319994494319
1761402256478489000,12.653489013671875,0.0025647012516856194,0.0015987749211490154,0.0004163476114626974
1761402256498647000,12.67364697265625,0.0020817380864173174,0.0014655436389148235,0.0002831163874361664
1761402256508731600,12.683731689453126,0.0021483537275344133,0.0013656201772391796,0.00011657733557512984
1761402256518813000,12.69381298828125,0.0021650076378136873,0.002381508471444249,0.00038303982000797987
1761402256528894500,12.70389453125,0.0017986217280849814,0.0016653904458507895,0.0005162710440345109
1761402256538973000,12.713972900390624,0.0016653904458507895,0.0014488897286355495,0.0000666156192892231
1761402256549056300,12.72405615234375,0.002348200650885701,0.0018652373692020774,0.0007494257297366858
1761402256559132700,12.734132568359374,0.0022815850097686052,0.0025313934311270714,0.0010491959983482957
1761402256579298800,12.754298828125,0.002414816292002797,0.0017320060869678855,-0.000016653904822305776
1761402256599461600,12.774461669921875,0.0013822740875184536,0.0019485069205984473,0.0007827335502952337
1761402256609542700,12.784542724609375,0.002348200650885701,0.0013489662669599056,0.0008326952229253948
1761402256619605000,12.79460498046875,0.0017986217280849814,0.0013989279977977276,0.0009492725948803127
1761402256629700900,12.804700927734375,0.0016320826252922416,0.0012990045361220837,-0.00016653904458507895
1761402256639785200,12.81478515625,0.0017486599972471595,0.0015488131903111935,0.0006994639988988638
1761402256649867000,12.824866943359375,0.0020650841761380434,0.0020484302658587694,0.0004163476114626974
1761402256659947300,12.834947265625,0.0022982389200478792,0.0018985451897606254,0.0003330780891701579
1761402256670028300,12.8450283203125,0.0025480473414063454,0.0012656967155635357,0.0005162710440345109
1761402256680109800,12.85510986328125,0.0017320060869678855,0.0014821975491940975,0.0005828866851516068
1761402256690188300,12.865188232421875,0.0017986217280849814,0.0011990811908617616,0.0005162710440345109
1761402256700265000,12.875264892578125,0.0020484302658587694,0.0014988514594733715,0.0002664624771568924
1761402256710353200,12.885353271484375,0.0016154287150129676,0.0014988514594733715,0.0007161179091781378
1761402256720433700,12.89543359375,0.0008660030434839427,0.0018652373692020774,0.00016653904458507895
1761402256730514400,12.905514404296875,0.0019984685350209475,0.0014655436389148235,0.00024980856687761843
1761402256740596700,12.9155966796875,0.0019818146247416735,0.0019485069205984473,0.00008326952229253948
1761402256750652000,12.92565185546875,0.0018985451897606254,0.0017153521766886115,0.000016653904822305776
1761402256760754000,12.93575390625,0.0015987749211490154,0.0019818146247416735,0.0008493491332046688
1761402256770839300,12.94583935546875,0.002348200650885701,0.002464778022840619,0.00046630934230051935
1761402256780919800,12.955919921875,0.0020983919966965914,0.002314892830327153,-0.0006661561783403158
1761402256791001900,12.966001953125,0.0018152756383642554,0.0016154287150129676,0.0006661561783403158
1761402256801081900,12.976081787109376,0.0020151224453002214,0.0020151224453002214,0.0009159647743217647
1761402256811144400,12.98614453125,0.0015821210108697414,0.0016154287150129676,0.0005162710440345109
1761402256821240300,12.996240234375,0.0017819678178057075,0.0014322358183562756,0.0005828866851516068
1761402256831325700,13.00632568359375,0.0018652373692020774,0.0012823506258428097,0.0006994639988988638
1761402256841407000,13.016406982421875,0.0019984685350209475,0.0016653904458507895,0.0003663859097287059
1761402256851488000,13.026488037109376,0.0024980856105685234,0.0012990045361220837,0.0012990045361220837
1761402256861568500,13.036568603515626,0.0017486599972471595,0.0011158116394653916,0.00008326952229253948
1761402256871624200,13.046624267578125,0.0018652373692020774,0.0016986982664093375,0
1761402256881726500,13.0567265625,0.0015155053697526455,0.0016154287150129676,-0.0002664624771568924
1761402256891812000,13.06681201171875,0.0019151991000398993,0.0015488131903111935,0.0002831163874361664
1761402256901892400,13.076892333984375,0.0019485069205984473,0.0015321592800319195,0.0003663859097287059
1761402256911974700,13.086974609375,0.0011491194600239396,0.0016487365355715156,0.0002664624771568924
1761402256932136400,13.107136474609375,0.0022149693686515093,0.0019485069205984473,0.0003330780891701579
1761402256942217500,13.117217529296875,0.002331546740606427,0.0017320060869678855,0.0007161179091781378
1761402256952303600,13.1273037109375,0.0019485069205984473,0.0019151991000398993,0.0005162710440345109
1761402256962379500,13.137379638671876,0.0017486599972471595,0.002348200650885701,0.0000666156192892231
1761402256972459800,13.147459716796876,0.0019318530103191733,0.0018319295486435294,-0.00018319295486435294
1761402256982541600,13.15754150390625,0.002381508471444249,0.0018985451897606254,0.0002165007608709857
1761402256992622000,13.1676220703125,0.0018319295486435294,0.002348200650885701,-0.0007161179091781378
1761402257002702800,13.177702880859375,0.0012323890114203095,0.0018818912794813514,0.0003330780891701579
1761402257012780800,13.18778076171875,0.0019151991000398993,0.002481431933119893,0.0010825038189068437
1761402257022866000,13.197865966796876,0.0021816615480929613,0.0017486599972471595,0.0005162710440345109
1761402257032946700,13.20794677734375,0.002481431933119893,0.0012490428052842617,0.0002831163874361664
1761402257043027200,13.218027099609374,0.0019485069205984473,0.0022316232789307833,0.00024980856687761843
1761402257053109200,13.228109130859375,0.0016154287150129676,0.0025980090722441673,0.0002165007608709857
1761402257063164700,13.23816455078125,0.002414816292002797,0.0012490428052842617,0.0005995405954308808
1761402257073271000,13.24827099609375,0.0017819678178057075,0.0010991577291861176,0.00044965543202124536
1761402257083347700,13.25834765625,0.0012157351011410356,0.0017986217280849814,0.0003663859097287059
1761402257093433300,13.268433349609374,0.0012157351011410356,0.0012490428052842617,0.00009992343257181346
1761402257103513600,13.278513671875,0.0017653139075264335,0.0014322358183562756,0.0003497319994494319
1761402257123675400,13.29867529296875,0.002764548175036907,0.0014988514594733715,-0.0002165007608709857
1761402257133757200,13.308757080078125,0.002398162381723523,0.0020151224453002214,0.00039969373028725386
1761402257143809800,13.318809814453125,0.002897779457271099,0.0019818146247416735,0.0005162710440345109
1761402257153918700,13.328918701171874,0.0016820443561300635,0.0018818912794813514,0.0002831163874361664
1761402257164000500,13.33900048828125,0.002797855995595455,0.0016820443561300635,-0.0003164241788908839
1761402257174080800,13.349080810546875,0.0022815850097686052,0.0020484302658587694,0.0003330780891701579
1761402257184162600,13.35916259765625,0.002398162381723523,0.0016820443561300635,0.0009825803572311997
1761402257194203600,13.36920361328125,0.0014821975491940975,0.00044965543202124536,0
1761402257204299500,13.379299560546874,0.0018985451897606254,0.0013323123566806316,0.0008493491332046688
1761402257214404900,13.38940478515625,0.0019984685350209475,0.0012157351011410356,0.0004996171337552369
1761402257224486000,13.39948583984375,0.0018652373692020774,0.0017320060869678855,0.0004996171337552369
1761402257234567200,13.409567138671875,0.0018985451897606254,0.0014988514594733715,0.0005329249543137848
1761402257244648400,13.4196484375,0.002431470202282071,0.0009159647743217647,0.0007660796400159597
1761402257254729000,13.42972900390625,0.0021816615480929613,0.0010991577291861176,0.0007827335502952337
1761402257264810000,13.43981005859375,0.0016320826252922416,0.0017653139075264335,0.00018319295486435294
1761402257274891800,13.449891845703124,0.0019318530103191733,0.0015155053697526455,0.0002831163874361664
1761402257284953600,13.45995361328125,0.0015321592800319195,0.0010491959983482957,-0.00046630934230051935
1761402257295053300,13.47005322265625,0.0020317763555794954,0.0017320060869678855,0.00003330780964461155
1761402257305134600,13.480134521484375,0.0021650076378136873,0.0013323123566806316,-0.00016653904458507895
1761402257315211500,13.49021142578125,0.0019318530103191733,0.0018319295486435294,0.0006994639988988638
1761402257325271600,13.500271484375,0.0020317763555794954,0.0018485834589228034,0.0006828100886195898
1761402257335376600,13.510376708984374,0.0014655436389148235,0.0022649310994893312,0.0006161945057101548
1761402257345459200,13.520459228515625,0.0021816615480929613,0.0021650076378136873,0.0006495022680610418
1761402257355539500,13.53053955078125,0.0014988514594733715,0.0018319295486435294,0.0006328483577817678
1761402257365597700,13.54059765625,0.0022149693686515093,0.0016820443561300635,0.00008326952229253948
1761402257375676700,13.5506767578125,0.0020317763555794954,0.0020317763555794954,-0.0003164241788908839
1761402257385778700,13.56077880859375,0.0021316998172551394,0.0015155053697526455,-0.00018319295486435294
1761402257395864000,13.570864013671875,0.0019818146247416735,0.0018652373692020774,0.00023315467115025967
1761402257405945000,13.580945068359375,0.0020484302658587694,0.0015654671005904675,0.0004330015217419714
1761402257416002800,13.5910029296875,0.0018152756383642554,0.0019151991000398993,0.0002664624771568924
1761402257426107100,13.601107177734375,0.0019151991000398993,0.0014488897286355495,0.00011657733557512984
1761402257436188000,13.61118798828125,0.0017986217280849814,0.0017320060869678855,0.0002997702977154404
1761402257446277000,13.621277099609374,-0.0038470521103590727,-0.0025147395208477974,0.0004163476114626974
1761402257456320500,13.631320556640626,0.014572166837751865,0.0115245021879673,0.0005162710440345109
1761402257466432000,13.641431884765625,-0.019768185913562775,-0.008643376640975475,0.0012656967155635357
1761402257476509200,13.65150927734375,0.023931661620736122,0.0009159647743217647,0.00004996171628590673
1761402257486568000,13.66156787109375,-0.01623755693435669,0.006161944940686226,0.00004996171628590673
1761402257496652300,13.67165234375,0.019734878093004227,-0.0054125189781188965,0.0005662327748723328
1761402257511786500,13.686786376953124,0.055174387991428375,0.009226263500750065,-0.0007660796400159597
1761402257521875000,13.696875,-0.025696974247694016,0.00008326952229253948,0.0009659265051595867
1761402257542038800,13.717038818359375,0.0026313168928027153,0.0020484302658587694,0.0003663859097287059
1761402257552098000,13.72709814453125,0.0017320060869678855,0.0005495788645930588,-0.0001498851488577202
1761402257562201000,13.737201171875,0.0017486599972471595,0.0026146629825234413,0.00009992343257181346
1761402257572281900,13.74728173828125,0.0017153521766886115,0.00048296325257979333,0.00018319295486435294
1761402257582375700,13.757375732421876,0.003114280290901661,0.0022982389200478792,0.00038303982000797987
1761402257592442600,13.767442626953125,0.0018985451897606254,0.0013656201772391796,-0.00023315467115025967
1761402257602520300,13.777520263671875,0.0022982389200478792,0.0021150459069758654,-0.000016653904822305776
1761402257612606500,13.7876064453125,0.002781202085316181,0.0014655436389148235,0.0010825038189068437
1761402257622678000,13.797677978515624,0.0025313934311270714,0.0016487365355715156,0.0008160413126461208
1761402257632768300,13.807768310546875,-0.0020151224453002214,0.0014322358183562756,-0.0000666156192892231
1761402257642849500,13.817849609375,0.0022982389200478792,-0.005062786862254143,0.00038303982000797987
1761402257652915700,13.827915771484374,0.011724349111318588,0.015021822415292263,0.0000666156192892231
1761402257663011300,13.83801123046875,-0.023148927837610245,-0.0075775268487632275,0.00039969373028725386
1761402257673080300,13.848080322265625,0.035422854125499725,0.007077909540385008,-0.0004330015217419714
1761402257683173600,13.858173583984374,-0.03595577925443649,-0.00024980856687761843,0.0003164241788908839
1761402257693254700,13.868254638671875,0.04091864451766014,0,-0.0004330015217419714
1761402257703336000,13.8783359375,-0.02584685944020748,0.006678215693682432,0.0009659265051595867
1761402257713416200,13.888416259765625,0.02358192950487137,-0.00646171486005187,-0.0001332312385784462
1761402257723476500,13.8984765625,-0.0053459033370018005,0.011158116161823273,0.0013156584464013577
1761402257733578800,13.908578857421874,-0.0044965543784201145,-0.008643376640975475,0.0012823506258428097
1761402257743660000,13.918659912109375,0.0197515320032835,0.010591883212327957,-0.0001498851488577202
1761402257753732600,13.928732666015625,-0.02767878957092762,-0.005778905004262924,0.0007494257297366858
1761402257763809000,13.93880908203125,0.038137443363666534,0.00679479306563735,-0.0008493491332046688
1761402257773890000,13.94889013671875,-0.036755166947841644,-0.0005495788645930588,0.0006661561783403158
1761402257783959000,13.958958984375,0.03908671438694,-0.0009159647743217647,0.00046630934230051935
1761402257794052600,13.969052490234375,-0.028461523354053497,0.006295176222920418,0.0005662327748723328
1761402257804146000,13.97914599609375,0.022732580080628395,-0.006195252761244774,0.00044965543202124536
1761402257814227000,13.98922705078125,-0.007011293899267912,0.011224731802940369,0.00003330780964461155
1761402257824295200,13.999295166015624,-0.0026979325339198112,-0.008909839205443859,-0.00023315467115025967
1761402257834376700,14.009376708984375,0.02045099437236786,0.010491959750652313,0.0007327718194574118
1761402257844438000,14.01943798828125,-0.027195826172828674,-0.006661561783403158,0.0006328483577817678
1761402257854542600,14.02954248046875,0.038054171949625015,0.007261102553457022,0.00008326952229253948
1761402257864619500,14.03961962890625,-0.036588627845048904,-0.0005995405954308808,0.0003497319994494319
1761402257874713300,14.04971337890625,0.038553789258003235,0.00016653904458507895,-0.0005662327748723328
1761402257884794600,14.059794677734375,-0.02976052835583687,0.006511676590889692,0.0004163476114626974
1761402257894875100,14.069875244140626,0.02279919572174549,-0.006678215693682432,0.0002664624771568924
1761402257904957000,14.07995703125,-0.006245214492082596,0.011041538789868355,-0.0000666156192892231
1761402257915035600,14.09003564453125,-0.002981049008667469,-0.008143759332597256,0.0012990045361220837
1761402257925111600,14.100111572265625,0.01991806924343109,0.011924196034669876,0.0001332312385784462
1761402257935204900,14.110204833984374,-0.026313168928027153,-0.00592879019677639,0.0006161945057101548
1761402257945294000,14.120294189453125,0.03762117028236389,0.006678215693682432,-0.00009992343257181346
1761402257955369000,14.130368896484375,-0.036971669644117355,-0.0008826569537632167,0.00044965543202124536
1761402257965430000,14.140429931640625,0.039719562977552414,0.0003663859097287059,0.000016653904822305776
1761402257975500000,14.1505,-0.029793836176395416,0.006311830133199692,0.0004996171337552369
1761402257985590800,14.1605908203125,0.023282159119844437,-0.005978751927614212,0.0006495022680610418
1761402257995685400,14.170685302734375,-0.006594946142286062,0.011641079559922218,-0.000016653904822305776
1761402258005763000,14.18076318359375,-0.0018818912794813514,-0.008926493115723133,0.0004330015217419714
1761402258015824100,14.19082421875,0.018652373924851418,0.011208077892661095,0.00038303982000797987
1761402258025929000,14.200928955078124,-0.02568032033741474,-0.006445060949772596,0.0006328483577817678
1761402258036008000,14.211008056640624,0.0378376729786396,0.007177833002060652,0.00048296325257979333
1761402258046077000,14.221076904296876,-0.03732139989733696,-0.00046630934230051935,0.0015654671005904675
1761402258056172000,14.231172119140625,0.039686255156993866,-0.0001332312385784462,0.0006661561783403158
1761402258066250800,14.241250732421875,-0.02997702918946743,0.005878828465938568,0.0003663859097287059
1761402258076309000,14.25130908203125,0.024148162454366684,-0.005645673722028732,0.0009825803572311997
1761402258086403000,14.261403076171876,-0.007327718194574118,0.010758422315120697,0.00048296325257979333
1761402258096494000,14.271494140625,-0.0009992342675104737,-0.008360260166227818,0.0013489662669599056
1761402258106575400,14.281575439453125,0.018402565270662308,0.011174770072102547,0.0004163476114626974
1761402258116658700,14.29165869140625,-0.027112556621432304,-0.004979517310857773,0.00048296325257979333
1761402258126739500,14.301739501953126,0.029444104060530663,0.006495022680610418,0.0002831163874361664
1761402258136808400,14.311808349609375,0.0002831163874361664,0.0015654671005904675,0.000016653904822305776
1761402258146901800,14.32190185546875,0.0014821975491940975,0.0022649310994893312,-0.0002165007608709857
1761402258156993500,14.33199365234375,0.002914433367550373,0.0019151991000398993,0.00011657733557512984
1761402258167064000,14.34206396484375,0.0022982389200478792,0.0018818912794813514,0.0007660796400159597
1761402258177155000,14.352155029296876,0.0021316998172551394,0.002764548175036907,0.00008326952229253948
1761402258187226000,14.36222607421875,0.0025980090722441673,0.0017986217280849814,0.0006495022680610418
1761402258197307100,14.37230712890625,0.0008993108640424907,0.0027312403544783592,0.0004330015217419714
1761402258207368400,14.382368408203124,0.0016320826252922416,0.0017986217280849814,0.00018319295486435294
1761402258217457700,14.392457763671874,0.0014655436389148235,0.0020484302658587694,0.0006828100886195898
1761402258227548400,14.40254833984375,0.0027145864441990852,0.0014821975491940975,0.0007660796400159597
1761402258237631500,14.412631591796876,0.0024980856105685234,0.0021316998172551394,-0.0002664624771568924
1761402258247712300,14.422712158203124,0.0012990045361220837,0.0012323890114203095,0.00044965543202124536
1761402258257780700,14.43278076171875,0.0016986982664093375,0.0019151991000398993,0.0006828100886195898
1761402258267874600,14.44287451171875,0.0025647012516856194,0.0014155819080770016,0.0001332312385784462
1761402258277948700,14.45294873046875,0.0021483537275344133,0.0016487365355715156,0
1761402258288034600,14.46303466796875,0.0018818912794813514,0.0016487365355715156,0.0008993108640424907
1761402258298117400,14.473117431640626,0.0020817380864173174,0.0026146629825234413,0.0005162710440345109
1761402258308187100,14.483187255859375,0.002448124112561345,0.0014655436389148235,0.00024980856687761843
1761402258318279700,14.49327978515625,0.002464778022840619,0.0019984685350209475,0.0003497319994494319
1761402258328358100,14.503358154296874,0.0017486599972471595,0.0017153521766886115,0.0008160413126461208
1761402258338441700,14.513441650390625,0.0017153521766886115,0.0017320060869678855,0.0008326952229253948
1761402258348523300,14.523523193359376,0.0025813551619648933,0.0019151991000398993,0.00039969373028725386
1761402258358602200,14.533602294921875,0.0016154287150129676,0.0008326952229253948,-0.0001498851488577202
1761402258368672000,14.543672119140625,0.0025480473414063454,0.0016653904458507895,0.0000666156192892231
1761402258378765800,14.553765869140625,0.0024980856105685234,0.0016653904458507895,0.0009159647743217647
1761402258388831700,14.563831787109375,0.0020484302658587694,0.0013822740875184536,0.0001332312385784462
1761402258398928100,14.57392822265625,0.0021483537275344133,0.0018319295486435294,0.0002165007608709857
1761402258409009200,14.584009033203126,0.0025980090722441673,0.0014488897286355495,-0.000016653904822305776
1761402258419088000,14.594087890625,0.0022149693686515093,0.0016487365355715156,-0.00004996171628590673
1761402258429171000,14.6041708984375,0.0018652373692020774,0.0016653904458507895,0.00009992343257181346
1761402258439239700,14.61423974609375,0.0022482771892100573,0.0020317763555794954,0.0002997702977154404
1761402258449319400,14.6243193359375,0.0020317763555794954,0.0014988514594733715,0.0005662327748723328
1761402258459413800,14.634413818359375,0.0017819678178057075,0.0010991577291861176,0.00011657733557512984
1761402258469500400,14.64450048828125,0.0016820443561300635,0.0005828866851516068,0.00024980856687761843
1761402258479574000,14.654573974609375,0.0014155819080770016,0.0017819678178057075,0.0006328483577817678
1761402258489654000,14.664654052734376,0.002431470202282071,0.0020484302658587694,0.0002831163874361664
1761402258499738000,14.674738037109375,0.0017320060869678855,0.0014988514594733715,-0.0002664624771568924
1761402258509806800,14.684806884765624,0.0022815850097686052,0.0014322358183562756,-0.00018319295486435294
1761402258519888600,14.694888671875,0.0020317763555794954,0.0014322358183562756,0.0014655436389148235
1761402258529969000,14.704968994140625,0.0017153521766886115,0.0017819678178057075,0.00018319295486435294
1761402258540049700,14.715049560546875,0.0018152756383642554,0.0014155819080770016,0.0003330780891701579
1761402258550141700,14.7251416015625,0.0020151224453002214,0.0018319295486435294,-0.0001498851488577202
1761402258560224300,14.735224365234375,0.0017153521766886115,0.0019485069205984473,-0.0000666156192892231
1761402258570305500,14.745305419921875,0.002448124112561345,0.0008326952229253948,0.0007161179091781378
1761402258580386600,14.755386474609375,0.002331546740606427,0.0014488897286355495,0.00011657733557512984
1761402258590447400,14.765447265625,0.0017653139075264335,0.0022649310994893312,-0.0000666156192892231
1761402258600546800,14.775546875,0.002797855995595455,0.002348200650885701,0.00011657733557512984
1761402258610623700,14.785623779296875,0.0020317763555794954,0.0020151224453002214,0.0004996171337552369
1761402258620709600,14.795709716796875,0.0017819678178057075,0.0014655436389148235,0.0002831163874361664
1761402258630791700,14.805791748046875,0.0015488131903111935,0.0018985451897606254,0.0010325420880690217
1761402258640860200,14.815860107421875,0.0022482771892100573,0.0019651607144623995,0.00046630934230051935
1761402258650954000,14.8259541015625,0.0016653904458507895,0.0015488131903111935,0.0011158116394653916
1761402258661026600,14.836026611328125,0.0016154287150129676,0.0012823506258428097,-0.00016653904458507895
1761402258671116300,14.8461162109375,0.002431470202282071,0.0021150459069758654,0.0006161945057101548
1761402258681193200,14.856193115234374,0.0025813551619648933,0.0022149693686515093,-0.0003663859097287059
1761402258691267600,14.866267578125,0.0017819678178057075,0.0014488897286355495,0.0003663859097287059
1761402258701355800,14.876355712890625,0.0019318530103191733,0.0025147395208477974,-0.0003497319994494319
1761402258711427600,14.886427490234375,0.0017819678178057075,0.0018818912794813514,0.00048296325257979333
1761402258721521700,14.896521728515625,0.0020151224453002214,0.0013656201772391796,0.00019984686514362693
1761402258731590100,14.906590087890624,0.0018652373692020774,0.0017986217280849814,0.00048296325257979333
1761402258741689900,14.91668994140625,0.0019318530103191733,0.0010658499086275697,0.0003663859097287059
1761402258751750400,14.92675048828125,0.0016986982664093375,0.0017819678178057075,0.00011657733557512984
1761402258761834200,14.936834228515625,0.0025647012516856194,0.0015488131903111935,-0.00011657733557512984
1761402258771926800,14.9469267578125,0.002364854561164975,0.0015821210108697414,0.0003497319994494319
1761402258782008000,14.957008056640625,0.0012656967155635357,0.0016653904458507895,0.00039969373028725386
1761402258792076000,14.967075927734374,0.0016820443561300635,0.0020983919966965914,-0.00016653904458507895
1761402258802168000,14.97716796875,0.0015155053697526455,0.0011491194600239396,0.0003164241788908839
1761402258812238300,14.98723828125,0.0017653139075264335,0.0009159647743217647,-0.0002831163874361664
1761402258822331600,14.99733154296875,0.0018485834589228034,0.0008160413126461208,0.00016653904458507895
1761402258832400100,15.007400146484375,0.002331546740606427,0.0010658499086275697,0.0000666156192892231
1761402258842494500,15.017494384765625,0.0017153521766886115,0.0014322358183562756,0.0006828100886195898
1761402258852551700,15.0275517578125,0.002331546740606427,0.0022649310994893312,0.0008493491332046688
1761402258862656300,15.03765625,0.0022649310994893312,0.0018319295486435294,0.0002997702977154404
1761402258872735500,15.047735595703125,0.0018818912794813514,0.0015821210108697414,0.0002664624771568924
1761402258882805500,15.057805419921875,0.0018652373692020774,0.0016653904458507895,-0.0004163476114626974
1761402258892887000,15.067886962890626,0.0019318530103191733,0.0016653904458507895,0.0004163476114626974
1761402258902962200,15.077962158203125,0.0017486599972471595,0.0015821210108697414,0.0003330780891701579
1761402258913061600,15.0880615234375,0.0012656967155635357,0.0017320060869678855,0.0005495788645930588
1761402258923142700,15.098142578125,0.0019651607144623995,0.0019651607144623995,0.0008493491332046688
1761402258933233000,15.10823291015625,0.0017986217280849814,0.0019818146247416735,0.00016653904458507895
1761402258943273700,15.118273681640625,0.0019651607144623995,0.0013656201772391796,0.0004163476114626974
1761402258953369900,15.128369873046875,0.0022815850097686052,0.0016320826252922416,0.00038303982000797987
1761402258963466800,15.138466796875,0.0014488897286355495,0.0009825803572311997,0.0007494257297366858
1761402258973548000,15.148548095703125,0.0011491194600239396,0.0015321592800319195,0.000016653904822305776
1761402258983622000,15.158621826171874,0.0015987749211490154,0.0007161179091781378,0.0006161945057101548
1761402258993709300,15.168709228515626,0.0022649310994893312,0.0019151991000398993,0.00044965543202124536
1761402259003778300,15.1787783203125,0.0018985451897606254,0.002981049008667469,0.00004996171628590673
1761402259013847000,15.188846923828125,0.0019818146247416735,0.002914433367550373,0.0003164241788908839
1761402259023940400,15.1989404296875,0.0017819678178057075,0.002464778022840619,0.00046630934230051935
1761402259034030300,15.2090302734375,0.002414816292002797,0.0009659265051595867,0.00016653904458507895
1761402259044101000,15.21910107421875,0.002364854561164975,0.0009992342675104737,0.00016653904458507895
1761402259054185500,15.229185546875,0.0017986217280849814,0.0012157351011410356,0.0005329249543137848
1761402259064275000,15.23927490234375,0.0021650076378136873,0.0010991577291861176,0.0008660030434839427
1761402259074358000,15.24935791015625,0.0019151991000398993,0.0018152756383642554,0.0005828866851516068
1761402259084434700,15.2594345703125,0.0017153521766886115,0.0013822740875184536,0.0008660030434839427
1761402259094520000,15.26952001953125,0.002398162381723523,0.0014155819080770016,0.0004163476114626974
1761402259114682600,15.2896826171875,0.0016653904458507895,0.0005495788645930588,0.0006828100886195898
1761402259124741600,15.29974169921875,0.0014488897286355495,0.0020317763555794954,0.0001332312385784462
1761402259134840800,15.3098408203125,0.0019318530103191733,0.0015821210108697414,0.0005329249543137848
1761402259144913200,15.3199130859375,0.0017486599972471595,0.0010325420880690217,0.0009326186846010387
1761402259155006500,15.33000634765625,0.0017986217280849814,0.0014488897286355495,0.0009659265051595867
1761402259165087700,15.340087646484376,0.0018818912794813514,0.0022982389200478792,0.0006828100886195898
1761402259175156000,15.350156005859375,0.0019485069205984473,0.0021983154583722353,-0.0003330780891701579
1761402259185249500,15.36024951171875,0.0019984685350209475,0.0019485069205984473,0.0004996171337552369
1761402259195317800,15.37031787109375,0.0017320060869678855,0.0021483537275344133,0.0009159647743217647
1761402259205401900,15.38040185546875,0.0019651607144623995,0.0011824272805824876,0.00023315467115025967
1761402259215491600,15.39049169921875,0.0018152756383642554,0.0019318530103191733,0.00044965543202124536
1761402259225571800,15.40057177734375,0.0021650076378136873,0.0017153521766886115,0.00004996171628590673
1761402259235642000,15.41064208984375,0.002348200650885701,0.0017320060869678855,-0.00023315467115025967
1761402259245734000,15.42073388671875,0.0019818146247416735,0.0019818146247416735,0.00008326952229253948
1761402259255815000,15.43081494140625,0.0021650076378136873,0.0017986217280849814,-0.0001332312385784462
1761402259265885700,15.4408857421875,0.002464778022840619,0.0012823506258428097,0.0003497319994494319
1761402259275980800,15.450980712890624,0.0019151991000398993,0.0025813551619648933,0.00038303982000797987
1761402259286047700,15.4610478515625,0.002431470202282071,0.0017486599972471595,0.0001332312385784462
1761402259296149200,15.471149169921874,0.0025980090722441673,0.0020650841761380434,0.0005162710440345109
1761402259306210000,15.4812099609375,0.0016986982664093375,0.002364854561164975,0.00004996171628590673
1761402259316291000,15.491291015625,0.0018319295486435294,0.0016487365355715156,0.00024980856687761843
1761402259326382300,15.50138232421875,0.0019151991000398993,0.0020650841761380434,0.0006328483577817678
1761402259336453000,15.511453125,0.0018152756383642554,0.0015321592800319195,0.0005162710440345109
1761402259346530600,15.521530517578125,0.0020983919966965914,0.0013156584464013577,0.0008993108640424907
1761402259356614700,15.53161474609375,0.0017320060869678855,0.0016320826252922416,-0.00003330780964461155
1761402259366696000,15.541696044921874,0.0022649310994893312,0.0022815850097686052,0.00003330780964461155
1761402259376787200,15.551787109375,0.002314892830327153,0.0015155053697526455,0.0003164241788908839
1761402259386871000,15.56187109375,0.0018818912794813514,0.0019318530103191733,0.00039969373028725386
1761402259396951800,15.571951904296874,0.0019318530103191733,0.0020983919966965914,0.00046630934230051935
1761402259407021000,15.58202099609375,0.0015321592800319195,0.0012157351011410356,-0.00044965543202124536
1761402259417102600,15.5921025390625,0.0022815850097686052,0.0013489662669599056,0.0006328483577817678
1761402259427194600,15.602194580078125,0.002398162381723523,0.0012157351011410356,0.0009825803572311997
1761402259437273600,15.612273681640625,0.0022482771892100573,0.0011824272805824876,0.0000666156192892231
1761402259447347000,15.622346923828125,0.0025813551619648933,0.0022649310994893312,0.0000666156192892231
1761402259457438000,15.63243798828125,0.0013822740875184536,0.0021150459069758654,0.00008326952229253948
1761402259467518700,15.642518798828124,0.0016487365355715156,0.0013989279977977276,0.00018319295486435294
1761402259477600300,15.652600341796875,0.0009659265051595867,0.0017653139075264335,-0.00018319295486435294
1761402259487668200,15.662668212890624,0.0020151224453002214,0.002464778022840619,0.0012990045361220837
1761402259497761800,15.67276171875,0.0025980090722441673,0.0017153521766886115,0.00009992343257181346
1761402259507832600,15.68283251953125,0.0024980856105685234,0.0016154287150129676,0.0006495022680610418
1761402259517913000,15.6929130859375,0.0021816615480929613,0.0021483537275344133,0.0010991577291861176
1761402259528005600,15.703005615234375,0.002348200650885701,0.0020317763555794954,0.0010658499086275697
1761402259538074400,15.713074462890624,0.0021983154583722353,0.0010325420880690217,0.0011824272805824876
1761402259548156000,15.723156005859375,0.0017653139075264335,0.0013656201772391796,0.0007993874605745077
1761402259558248400,15.73324853515625,0.0019651607144623995,0.0012323890114203095,0.0006661561783403158
1761402259568317200,15.743317138671875,0.0013989279977977276,0.0018485834589228034,0.00044965543202124536
1761402259578410200,15.75341015625,0.0015488131903111935,0.0016320826252922416,-0.00019984686514362693
1761402259588491300,15.7634912109375,0.0021816615480929613,0.0014988514594733715,0.00046630934230051935
1761402259598564400,15.773564453125,0.002481431933119893,0.003097626380622387,-0.00004996171628590673
1761402259608653800,15.78365380859375,0.0018652373692020774,0.0013156584464013577,0.0001332312385784462
1761402259618712000,15.793712158203125,0.0017986217280849814,0.0022815850097686052,0.00019984686514362693
1761402259628816000,15.80381591796875,0.0016986982664093375,0.0022649310994893312,0.0003330780891701579
1761402259638881800,15.8138818359375,0.0019651607144623995,0.0015488131903111935,-0.00038303982000797987
1761402259648964400,15.82396435546875,0.0025480473414063454,0.0013156584464013577,0.0003663859097287059
1761402259659059000,15.834058837890625,0.0021483537275344133,0.0021816615480929613,0.00048296325257979333
1761402259669127200,15.844127197265625,0.0016154287150129676,0.0005995405954308808,-0.0004163476114626974
1761402259679221000,15.854220947265626,0.0020983919966965914,0.0012490428052842617,0.0006161945057101548
1761402259689302000,15.864302001953124,0.0016653904458507895,0.0005162710440345109,0.0000666156192892231
1761402259699374800,15.874374755859375,0.0022649310994893312,0.0017819678178057075,0.0008160413126461208
1761402259709452300,15.884452392578124,0.0020817380864173174,0.0009326186846010387,0.0008993108640424907
1761402259719545300,15.89454541015625,0.0021316998172551394,0.0018985451897606254,0.0007494257297366858
1761402259729625900,15.9046259765625,0.0019485069205984473,0.0018319295486435294,0.00009992343257181346
1761402259739703800,15.914703857421875,0.0020317763555794954,0.0022982389200478792,0.0006495022680610418
1761402259749776000,15.92477587890625,0.0018485834589228034,0.002931087277829647,0.0008160413126461208
1761402259759867400,15.934867431640624,0.002431470202282071,0.0022649310994893312,0.0003330780891701579
1761402259769951000,15.944950927734375,0.0022649310994893312,0.0024980856105685234,0.0002831163874361664
1761402259780018400,15.955018310546874,0.0018985451897606254,0.0013323123566806316,0.0010325420880690217
1761402259790112500,15.965112548828126,0.0019651607144623995,0.0006661561783403158,0.00046630934230051935
1761402259800193500,15.975193603515624,0.0019818146247416735,0.0012157351011410356,-0.0006328483577817678
1761402259810267400,15.985267333984375,0.0013989279977977276,0.0013489662669599056,-0.00009992343257181346
1761402259820355800,15.99535595703125,0.0007327718194574118,0.0015654671005904675,-0.0005995405954308808
1761402259830423000,16.005423095703126,0.0022149693686515093,0.0019818146247416735,0.00016653904458507895
1761402259840516600,16.0155166015625,0.0020650841761380434,0.0018652373692020774,0.0003663859097287059
1761402259850589000,16.0255888671875,0.0018485834589228034,0.0019984685350209475,0.00008326952229253948
1761402259860678100,16.03567822265625,0.0019818146247416735,0.0015155053697526455,0.0006661561783403158
1761402259870749200,16.045749267578124,0.0020983919966965914,0.0015155053697526455,0.0005995405954308808
1761402259880837000,16.055837158203126,0.0017819678178057075,0.0025480473414063454,0.0005495788645930588
1761402259890913000,16.0659130859375,0.0015155053697526455,0.002381508471444249,0.00003330780964461155
1761402259901003500,16.07600341796875,0.0018818912794813514,0.0012990045361220837,0.0006161945057101548
1761402259911084800,16.086084716796876,0.0025980090722441673,0.0016320826252922416,0.0011824272805824876
1761402259921153500,16.096153564453125,0.0014655436389148235,0.0011990811908617616,0.0001498851488577202
1761402259931247000,16.1062470703125,0.0011824272805824876,0.002381508471444249,0.0012656967155635357
1761402259941318700,16.116318603515627,0.0018652373692020774,0.0013156584464013577,0.0005995405954308808
1761402259951397000,16.126397216796875,0.0017819678178057075,0.0017153521766886115,0.00024980856687761843
1761402259961486300,16.136486328125,0.0018985451897606254,0.0011324655497446656,0.0010158881777897477
1761402259971558400,16.146558349609375,0.0019151991000398993,0.0022649310994893312,-0.00004996171628590673
1761402259981652700,16.15665283203125,0.0015488131903111935,0.0020817380864173174,0.00048296325257979333
1761402259991721500,16.166721435546876,0.0022316232789307833,0.0021316998172551394,0.0004330015217419714
1761402260001814300,16.176814208984375,0.0016320826252922416,0.0012823506258428097,0.0008826569537632167
1761402260011895600,16.1868955078125,0.0016653904458507895,0.0013156584464013577,0.0005329249543137848
1761402260021941800,16.196941650390624,0.0014821975491940975,0.0007993874605745077,0.0004330015217419714
1761402260032057600,16.2070576171875,0.0016986982664093375,0.0010491959983482957,-0.00011657733557512984
1761402260042139000,16.217138916015625,0.0021983154583722353,0.0013989279977977276,-0.00008326952229253948
1761402260052208600,16.227208740234374,0.0012157351011410356,0.0013656201772391796,-0.0004330015217419714
1761402260062288000,16.237287841796874,0.0017653139075264335,0.0025980090722441673,0.0006828100886195898
1761402260072381400,16.24738134765625,0.0019651607144623995,0.0015821210108697414,0.0002997702977154404
1761402260082439200,16.257439208984376,0.0019651607144623995,0.0013323123566806316,0.0007327718194574118
1761402260092551400,16.267551513671876,0.0020817380864173174,0.0006828100886195898,0.0007327718194574118
1761402260102624800,16.277624755859375,0.0021650076378136873,0.0015821210108697414,0.00008326952229253948
1761402260112706300,16.287706298828127,0.0021316998172551394,0.0020650841761380434,-0.00016653904458507895
1761402260122787000,16.297787109375,0.0022649310994893312,0.0022149693686515093,-0.0007494257297366858
1761402260132867800,16.307867919921875,0.0018485834589228034,0.002847817726433277,0.00038303982000797987
1761402260142930200,16.31793017578125,0.0017653139075264335,0.0013323123566806316,0.0002831163874361664
1761402260153028400,16.3280283203125,0.0014821975491940975,0.0019818146247416735,0.0006328483577817678
1761402260163111000,16.33811083984375,0.0020650841761380434,0.0014655436389148235,0.000016653904822305776
1761402260173170400,16.34817041015625,0.0022316232789307833,0.0026646247133612633,0.0010158881777897477
1761402260183273000,16.35827294921875,0.0020817380864173174,0.0014155819080770016,0.0006828100886195898
1761402260193341700,16.368341796875,0.0017486599972471595,0.0010825038189068437,0.0013156584464013577
1761402260203435500,16.378435546875,0.0014988514594733715,0.0012490428052842617,0.0002165007608709857
1761402260213514200,16.38851416015625,0.0020484302658587694,0.0015488131903111935,-0.0001332312385784462
1761402260223592400,16.398592529296874,0.0017986217280849814,0.0011324655497446656,0.0005495788645930588
1761402260233666300,16.408666259765624,0.0017819678178057075,0.0020650841761380434,-0.0002165007608709857
1761402260243734500,16.418734619140626,0.0022149693686515093,0.002431470202282071,0.00019984686514362693
1761402260253827600,16.42882763671875,0.0021316998172551394,0.0010825038189068437,0.00011657733557512984
1761402260263921700,16.438921630859376,0.0016154287150129676,0.0012490428052842617,0.0005329249543137848
1761402260274003200,16.449003173828125,0.0020650841761380434,0.0018152756383642554,0.0008660030434839427
1761402260284071700,16.45907177734375,0.0017819678178057075,0.0017653139075264335,0.00038303982000797987
1761402260294165000,16.4691650390625,0.002414816292002797,0.0018818912794813514,-0.00039969373028725386
1761402260304245800,16.479245849609374,0.0017320060869678855,0.0010491959983482957,0.0002664624771568924
1761402260314309400,16.489309326171874,0.0016820443561300635,0.0009492725948803127,0.0011990811908617616
1761402260324407600,16.499407470703126,0.0025980090722441673,0.0016154287150129676,0.00023315467115025967
1761402260334482000,16.50948193359375,0.0016820443561300635,0.0015821210108697414,0.00011657733557512984
1761402260344567800,16.51956787109375,0.0022316232789307833,0.0017486599972471595,0.0002997702977154404
1761402260354651100,16.529651123046875,0.0020484302658587694,0.0009825803572311997,0.0006495022680610418
1761402260364719900,16.539719970703125,0.0019984685350209475,0.0011990811908617616,0.00023315467115025967
1761402260374800400,16.54980029296875,0.0016986982664093375,0.0018652373692020774,0.0002664624771568924
1761402260384884500,16.559884521484374,0.0021316998172551394,0.0019151991000398993,0.00046630934230051935
1761402260394975000,16.56997509765625,0.0017819678178057075,0.0016487365355715156,0.0001332312385784462
1761402260405054200,16.58005419921875,0.0021150459069758654,0.0019651607144623995,0.00023315467115025967
1761402260415128800,16.59012890625,0.0022815850097686052,0.0027145864441990852,0.0005662327748723328
1761402260425218000,16.600218017578126,0.0015987749211490154,0.0021316998172551394,-0.0003497319994494319
1761402260435286500,16.61028662109375,0.0014488897286355495,0.0021316998172551394,0.0003330780891701579
1761402260445380400,16.62038037109375,0.0018818912794813514,0.0005995405954308808,0.0003330780891701579
1761402260455463400,16.63046337890625,0.0020484302658587694,0.0018319295486435294,0.00018319295486435294
1761402260465528000,16.640528076171876,0.0018152756383642554,0.0013323123566806316,0.0002997702977154404
1761402260475627800,16.650627685546876,0.0016820443561300635,0.0017986217280849814,-0.0001332312385784462
1761402260485689000,16.660689208984376,0.0018485834589228034,0.0014821975491940975,0.0002997702977154404
1761402260495785500,16.670785400390624,0.0020484302658587694,0.002314892830327153,0.0006828100886195898
1761402260505865700,16.68086572265625,0.0019318530103191733,0.0013656201772391796,0.00008326952229253948
1761402260515947000,16.690947021484376,0.0014821975491940975,0.0016320826252922416,0.0007161179091781378
1761402260526005200,16.701005126953124,0.002464778022840619,0.0017819678178057075,0.0006161945057101548
1761402260536097000,16.711096923828126,0.0025147395208477974,0.0015987749211490154,0.0006161945057101548
1761402260546178300,16.72117822265625,0.0022815850097686052,0.0016320826252922416,0.0006994639988988638
1761402260556260600,16.731260498046876,0.0025647012516856194,0.0017986217280849814,0.0002165007608709857
1761402260566353400,16.741353515625,0.0016320826252922416,0.0016154287150129676,0.0002831163874361664
1761402260576425700,16.75142578125,0.0018818912794813514,0.0013323123566806316,0.00008326952229253948
1761402260586515200,16.76151513671875,0.0013989279977977276,0.0025980090722441673,0.00039969373028725386
1761402260596578300,16.771578369140624,0.0016820443561300635,0.002398162381723523,0.0007327718194574118
1761402260606675200,16.78167529296875,0.0019651607144623995,0.0012656967155635357,0.00024980856687761843
1761402260616755000,16.7917548828125,0.0013489662669599056,0.0019151991000398993,0.0009992342675104737
1761402260626826800,16.80182666015625,0.0020151224453002214,0.0016820443561300635,0.0009825803572311997
1761402260636920300,16.81192041015625,0.0015987749211490154,0.0019818146247416735,0.0005162710440345109
1761402260646988800,16.82198876953125,0.0018152756383642554,0.0006828100886195898,0.0005828866851516068
1761402260657080600,16.83208056640625,0.0017486599972471595,0.0016154287150129676,0.0006994639988988638
1761402260667163400,16.842163330078126,0.0016986982664093375,0.0016487365355715156,0.00046630934230051935
1761402260677244400,16.852244384765626,0.0012656967155635357,0.0010158881777897477,0.0001498851488577202
1761402260687312600,16.862312744140624,0.002331546740606427,0.0017986217280849814,0.0011990811908617616
1761402260697381400,16.87238134765625,0.0019318530103191733,0.0014821975491940975,0.0006161945057101548
1761402260707462400,16.88246240234375,0.0025480473414063454,0.0015654671005904675,0.00019984686514362693
1761402260717543200,16.892543212890626,0.0025980090722441673,0.0008326952229253948,0.0005329249543137848
1761402260727624200,16.902624267578126,0.0018985451897606254,0.0011990811908617616,0.0008660030434839427
1761402260737694700,16.91269482421875,0.0019818146247416735,0.0018985451897606254,0.0006328483577817678
1761402260747786000,16.922785888671875,0.0025813551619648933,0.0018818912794813514,0.0010325420880690217
1761402260757876700,16.932876708984374,0.002448124112561345,0.0015654671005904675,0.0011158116394653916
1761402260767957800,16.942957763671874,0.0025313934311270714,0.0012490428052842617,0.0008993108640424907
1761402260778055000,16.953054931640626,0.0015987749211490154,0.0021150459069758654,0.0006828100886195898
1761402260788134100,16.963134033203126,0.0022149693686515093,0.0007993874605745077,0.0013323123566806316
1761402260798205000,16.973204833984376,0.0015321592800319195,0.0014155819080770016,0
1761402260808298000,16.983298095703127,0.0018652373692020774,0.002331546740606427,0.0007494257297366858
1761402260818379000,16.99337890625,0.0017320060869678855,0.0011657733703032136,0.00018319295486435294
1761402260828460300,17.003460205078124,0.0020317763555794954,0.0011491194600239396,0.0006328483577817678
1761402260838535000,17.013534912109375,0.0014988514594733715,0.00791060458868742,0.01177431084215641
1761402260848607700,17.023607666015625,0.0011158116394653916,0.0016653904458507895,0.012573698535561562
1761402260858703600,17.03370361328125,0.0015987749211490154,0.008043835870921612,0.004929556045681238
1761402260868773400,17.0437734375,0.0020317763555794954,0.0011657733703032136,0.007644142489880323
1761402260878865700,17.05386572265625,0.0015321592800319195,0.004429938737303019,0.003347434801980853
1761402260888946700,17.06394677734375,0.0016986982664093375,-0.0005662327748723328,-0.0020817380864173174
1761402260899028200,17.0740283203125,0.0018152756383642554,0.0012157351011410356,-0.0019818146247416735
1761402260909096200,17.08409619140625,0.002331546740606427,-0.0021483537275344133,-0.007810681592673063
1761402260919187200,17.094187255859374,0.0022316232789307833,-0.0015654671005904675,-0.01219065859913826
1761402260929248300,17.104248291015626,0.0020151224453002214,-0.004413284827023745,-0.011424578726291656
1761402260939348200,17.11434814453125,0.0021483537275344133,0.004846286494284868,0.0008493491332046688
