time,seconds_elapsed,z,y,x
1761399359298814500,0.104814453125,0.00673369225114584,-9.562216758728027,-2.1431097984313965
1761399359308900400,0.114900390625,0.036586396396160126,-9.541267395019531,-2.1547815799713135
1761399359318980400,0.12498046875,0.043768998235464096,-9.54426097869873,-2.1326351165771484
1761399359329056500,0.135056396484375,0.0528968945145607,-9.511639595031738,-2.1226093769073486
1761399359339138800,0.145138916015625,0.04279635474085808,-9.469217300415039,-2.143409013748169
1761399359349217800,0.1552177734375,0.04242226108908653,-9.490839958190918,-2.1694459915161133
1761399359359298600,0.165298583984375,0.04833294823765755,-9.513884544372559,-2.2007203102111816
1761399359369388300,0.17538818359375,0.042347442358732224,-9.520767211914062,-2.183511972427368
1761399359379468800,0.18546875,0.03942950814962387,-9.534908294677734,-2.1366753578186035
1761399359389542700,0.195542724609375,0.05656301602721214,-9.516951560974121,-2.0795137882232666
1761399359399647000,0.20564697265625,0.08372224122285843,-9.482460021972656,-2.029160737991333
1761399359409688800,0.215688720703125,0.1115548387169838,-9.485602378845215,-2.069413185119629
1761399359419808500,0.22580859375,0.11275193840265274,-9.536853790283203,-2.065372943878174
1761399359429850000,0.23585009765625,0.16983868181705475,-9.592967987060547,-2.0363433361053467
1761399359439970000,0.245969970703125,0.19475334882736206,-9.554061889648438,-1.968333125114441
1761399359450051800,0.2560517578125,0.20859482884407043,-9.52241325378418,-1.9325697422027588
1761399359460105200,0.266105224609375,0.22011691331863403,-9.496002197265625,-1.9345149993896484
1761399359470211800,0.2762119140625,0.19864392280578613,-9.475801467895508,-2.017563819885254
1761399359480288500,0.28628857421875,0.16145898401737213,-9.469441413879395,-2.095674753189087
1761399359490373400,0.296373291015625,0.1289127916097641,-9.50034236907959,-2.1275475025177
1761399359500452900,0.306452880859375,0.10063128918409348,-9.502362251281738,-2.118344783782959
1761399359510534000,0.316533935546875,0.10916063189506531,-9.49929428100586,-2.146850824356079
1761399359520614700,0.32661474609375,0.1464204043149948,-9.469740867614746,-2.2397007942199707
1761399359530695200,0.336695068359375,0.1859247237443924,-9.458293914794922,-2.3463923931121826
1761399359540771800,0.346771728515625,0.16011223196983337,-9.419313430786133,-2.4366986751556396
1761399359550856200,0.356856201171875,0.08402151614427567,-9.40943717956543,-2.4652047157287598
1761399359560937000,0.36693701171875,0.037484221160411835,-9.359233856201172,-2.3454947471618652
1761399359571017700,0.377017822265625,-0.018555063754320145,-9.38556957244873,-2.2962639331817627
1761399359581098200,0.38709814453125,-0.07841010391712189,-9.42791748046875,-2.2834699153900146
1761399359591179000,0.397178955078125,-0.15008652210235596,-9.468170166015625,-2.3310546875
1761399359601255400,0.40725537109375,-0.20874446630477905,-9.431658744812012,-2.322824478149414
1761399359611340300,0.41734033203125,-0.27884969115257263,-9.414674758911133,-2.413729429244995
1761399359621421000,0.427421142578125,-0.32202014327049255,-9.358186721801758,-2.454655408859253
1761399359631501600,0.43750146484375,-0.3718494474887848,-9.355866432189941,-2.5445876121520996
1761399359641582300,0.447582275390625,-0.36638766527175903,-9.38976001739502,-2.6279356479644775
1761399359651662800,0.457662841796875,-0.36070144176483154,-9.416694641113281,-2.706420660018921
1761399359661743600,0.46774365234375,-0.33167174458503723,-9.399261474609375,-2.682553291320801
1761399359671820500,0.477820556640625,-0.30047231912612915,-9.369783401489258,-2.6286089420318604
1761399359681905000,0.48790478515625,-0.2784755825996399,-9.430910110473633,-2.6139445304870605
1761399359691986000,0.49798583984375,-0.3188777267932892,-9.504606246948242,-2.6316018104553223
1761399359702066000,0.50806591796875,-0.39145198464393616,-9.482086181640625,-2.649184226989746
1761399359712147200,0.518147216796875,-0.4047697186470032,-9.465027809143066,-2.7353005409240723
1761399359722227700,0.528227783203125,-0.4100070297718048,-9.467047691345215,-2.8734161853790283
1761399359732304600,0.5383046875,-0.4388122856616974,-9.392303466796875,-2.95392107963562
1761399359742389000,0.548388916015625,-0.42377370595932007,-9.299004554748535,-2.922048330307007
1761399359752469500,0.558469482421875,-0.3990834951400757,-9.307683944702148,-2.8249335289001465
1761399359762541000,0.568541015625,-0.36242228746414185,-9.333271980285645,-2.6857705116271973
1761399359772631000,0.578631103515625,-0.33271920680999756,-9.335515975952148,-2.517428159713745
1761399359782690800,0.58869091796875,-0.35651159286499023,-9.335066795349121,-2.4462008476257324
1761399359792792300,0.598792236328125,-0.4091092050075531,-9.322946548461914,-2.4916157722473145
1761399359802891500,0.6088916015625,-0.4927566349506378,-9.242740631103516,-2.596212387084961
1761399359812929000,0.618928955078125,-0.5468506217002869,-9.159168243408203,-2.7219080924987793
1761399359823038000,0.629037841796875,-0.5919663906097412,-9.118616104125977,-2.8273277282714844
1761399359833089800,0.63908984375,-0.6252607107162476,-9.101333618164062,-2.8745384216308594
1761399359843196400,0.649196533203125,-0.6087257862091064,-9.121833801269531,-2.865934371948242
1761399359853276200,0.659276123046875,-0.5770025849342346,-9.173832893371582,-2.828150749206543
1761399359863331800,0.669331787109375,-0.5974281430244446,-9.226205825805664,-2.7607390880584717
1761399359873424000,0.679423828125,-0.619649350643158,-9.239298820495605,-2.6629507541656494
1761399359883493000,0.6894931640625,-0.6589292287826538,-9.187150001525879,-2.5615713596343994
1761399359893573600,0.69957373046875,-0.6703016757965088,-9.190667152404785,-2.513014078140259
1761399359903680300,0.70968017578125,-0.6927472949028015,-9.214982986450195,-2.5236382484436035
1761399359913735200,0.719735107421875,-0.7127239108085632,-9.22171688079834,-2.6091561317443848
1761399359923837700,0.729837646484375,-0.7350199222564697,-9.183709144592285,-2.6903345584869385
1761399359933896000,0.73989599609375,-0.7333738803863525,-9.177424430847168,-2.7326819896698
1761399359944003300,0.75000341796875,-0.7029974460601807,-9.15505313873291,-2.7537059783935547
1761399359954062800,0.760062744140625,-0.6794295310974121,-9.131784439086914,-2.7497406005859375
1761399359964163800,0.770163818359375,-0.671798050403595,-9.186028480529785,-2.727893590927124
1761399359974244900,0.780244873046875,-0.6162076592445374,-9.289727210998535,-2.7130045890808105
1761399359984325600,0.79032568359375,-0.627056360244751,-9.37621784210205,-2.7042508125305176
1761399359994402000,0.800402099609375,-0.617030680179596,-9.341726303100586,-2.7015573978424072
1761399360004486400,0.810486328125,-0.5963058471679688,-9.243413925170898,-2.738891839981079
1761399360014567200,0.820567138671875,-0.5978022217750549,-9.218574523925781,-2.8360815048217773
1761399360024648000,0.83064794921875,-0.5673509836196899,-9.256208419799805,-2.9327473640441895
1761399360034728700,0.840728759765625,-0.5415384769439697,-9.28074836730957,-3.0445268154144287
1761399360044809000,0.85080908203125,-0.5802946090698242,-9.283890724182129,-3.109469413757324
1761399360054890000,0.860889892578125,-0.5608417391777039,-9.235483169555664,-3.1222634315490723
1761399360064970000,0.870969970703125,-0.48819267749786377,-9.294815063476562,-3.2094273567199707
1761399360075051000,0.881051025390625,-0.424970805644989,-9.511863708496094,-3.2760908603668213
1761399360085131500,0.891131591796875,-0.4165162742137909,-9.693075180053711,-3.2769887447357178
1761399360095212300,0.90121240234375,-0.44083237648010254,-9.757793426513672,-3.236137628555298
1761399360105292800,0.911292724609375,-0.43043258786201477,-9.693449020385742,-3.1483752727508545
1761399360115353000,0.92135302734375,-0.3412485718727112,-10.045995712280273,-3.233668565750122
1761399360125434400,0.931434326171875,-0.4404582977294922,-10.153809547424316,-3.4384477138519287
1761399360135535600,0.94153564453125,-0.5410147905349731,-10.178350448608398,-3.680785894393921
1761399360145615600,0.95161572265625,-0.744297444820404,-10.285789489746094,-4.125359058380127
1761399360155697200,0.961697265625,-1.0995371341705322,-10.654870986938477,-4.731316566467285
1761399360165777000,0.97177685546875,-1.7747019529342651,-10.522890090942383,-4.86367130279541
1761399360175857700,0.981857666015625,-1.4307600259780884,-11.34664535522461,-5.754763126373291
1761399360185939000,0.99193896484375,-1.1820622682571411,-11.233145713806152,-5.7026143074035645
1761399360196019000,1.00201904296875,-0.7511059641838074,-10.431612014770508,-5.82307243347168
1761399360206099500,1.012099365234375,-0.28483518958091736,-9.62716007232666,-5.825766086578369
1761399360216180200,1.02218017578125,-0.09733926504850388,-9.300276756286621,-5.622109413146973
1761399360226261000,1.032260986328125,-0.09853636473417282,-9.369783401489258,-5.109974384307861
1761399360236342800,1.0423427734375,0.05603928491473198,-9.774702072143555,-4.597316265106201
1761399360246396700,1.052396728515625,0.5272480845451355,-10.315118789672852,-4.047996520996094
1761399360256503300,1.06250341796875,0.871489405632019,-10.539949417114258,-3.2439188957214355
1761399360266584000,1.072583984375,0.9684545993804932,-10.224662780761719,-2.330530881881714
1761399360276664300,1.082664306640625,0.9231144189834595,-10.252495765686035,-1.5812206268310547
1761399360286744800,1.092744873046875,1.2303204536437988,-10.764031410217285,-1.2699743509292603
1761399360296825600,1.10282568359375,1.752106785774231,-11.374253273010254,-1.2905495166778564
1761399360306906000,1.112906005859375,1.6519991159439087,-11.57005500793457,-1.232564926147461
1761399360316987000,1.12298681640625,1.2311433553695679,-11.25214958190918,-0.9074024558067322
1761399360327067400,1.1330673828125,1.1053730249404907,-10.969259262084961,-0.44345104694366455
1761399360337149000,1.14314892578125,1.0568156242370605,-10.58648681640625,-0.1297357976436615
1761399360347229000,1.15322900390625,0.6201730370521545,-10.18336296081543,-0.12060791254043579
1761399360357309400,1.163309326171875,-0.16826748847961426,-9.862015724182129,-0.34027591347694397
1761399360367390200,1.17339013671875,-0.4438999593257904,-9.925312995910645,-0.8203881978988647
1761399360377471000,1.183470947265625,0.05992986261844635,-10.504185676574707,-1.278578519821167
1761399360387551500,1.193551513671875,0.9273042678833008,-11.48842716217041,-2.004096508026123
1761399360397632300,1.20363232421875,1.5863831043243408,-11.905840873718262,-2.318185806274414
1761399360407733200,1.213733154296875,1.6767642498016357,-11.298761367797852,-2.6239702701568604
1761399360417793500,1.22379345703125,1.5262287855148315,-10.097769737243652,-2.792088031768799
1761399360427849000,1.233848876953125,1.3754688501358032,-9.079187393188477,-2.7724106311798096
1761399360437956600,1.24395654296875,1.2353332042694092,-8.54340934753418,-2.851943254470825
1761399360448034300,1.254034423828125,1.175702691078186,-8.344615936279297,-2.458770275115967
1761399360458112000,1.264112060546875,1.2068272829055786,-8.508020401000977,-1.8387469053268433
1761399360468194300,1.2741943359375,1.0742484331130981,-8.747889518737793,-1.7604116201400757
1761399360478278000,1.28427783203125,0.9433154463768005,-8.797493934631348,-1.6487071514129639
1761399360488358100,1.294358154296875,1.066392421722412,-8.64007568359375,-1.4046481847763062
1761399360498414600,1.30441455078125,1.14742112159729,-8.200814247131348,-1.2063783407211304
1761399360508494300,1.314494384765625,1.295113444328308,-7.8337531089782715,-1.2836662530899048
1761399360518601000,1.32460107421875,1.5564556121826172,-7.653738975524902,-1.4022539854049683
1761399360528681500,1.334681396484375,1.7114801406860352,-7.527968883514404,-1.0752958059310913
1761399360538761500,1.344761474609375,1.9215713739395142,-7.3366570472717285,-1.2172271013259888
1761399360548842200,1.35484228515625,2.046069860458374,-7.0982842445373535,-1.3618518114089966
1761399360558919000,1.3649189453125,2.195857048034668,-7.110255241394043,-0.7799860239028931
1761399360568962600,1.374962646484375,2.1572506427764893,-7.091251373291016,-0.4059668183326721
1761399360579084300,1.385084228515625,1.9616742134094238,-6.859013557434082,-0.16998831927776337
1761399360589162000,1.395161865234375,2.09440279006958,-6.777535915374756,-1.1286416053771973
1761399360599246300,1.405246337890625,1.9521721601486206,-6.820033073425293,-0.9418939352035522
1761399360609301000,1.415301025390625,2.078166961669922,-6.562880992889404,-0.6280290484428406
1761399360619407600,1.42540771484375,2.226832151412964,-6.192602634429932,-0.4297592043876648
1761399360629467000,1.435466796875,2.4887726306915283,-5.817162036895752,-0.26575639843940735
1761399360639569700,1.445569580078125,2.7730841636657715,-5.508309841156006,-0.39541736245155334
1761399360649624000,1.4556240234375,3.078195095062256,-5.449652194976807,-0.8311620950698853
1761399360659730200,1.465730224609375,3.415029525756836,-5.727902889251709,-1.6253637075424194
1761399360669810700,1.475810791015625,3.9792380332946777,-6.208913326263428,-2.5440638065338135
1761399360679891000,1.485890869140625,4.717624664306641,-6.82280158996582,-3.5936968326568604
1761399360689967900,1.4959677734375,5.839008808135986,-7.611616134643555,-4.713958740234375
1761399360700052200,1.50605224609375,6.310142993927002,-8.630498886108398,-5.565845489501953
1761399360710133800,1.5161337890625,5.679046630859375,-9.906458854675293,-6.479607582092285
1761399360720213500,1.526213623046875,5.202151298522949,-11.652429580688477,-7.665410995483398
1761399360730294800,1.536294677734375,5.114762783050537,-12.931607246398926,-8.198944091796875
1761399360740351200,1.546351318359375,4.969315052032471,-12.67018985748291,-7.536722660064697
1761399360750430500,1.556430419921875,4.86142635345459,-11.409867286682129,-6.22731876373291
1761399360760532200,1.5665322265625,5.3133320808410645,-10.21112060546875,-4.8826751708984375
1761399360770617300,1.576617431640625,5.650091648101807,-9.038411140441895,-3.850325345993042
1761399360780697600,1.586697509765625,5.7061309814453125,-7.726014137268066,-3.247734546661377
1761399360790778400,1.5967783203125,5.796885967254639,-6.196717739105225,-3.075352191925049
1761399360800859000,1.60685888671875,6.304831027984619,-4.807407379150391,-3.3035495281219482
1761399360810940700,1.616940673828125,6.472574710845947,-4.939088344573975,-3.595492362976074
1761399360821016300,1.627016357421875,5.730446815490723,-8.094197273254395,-4.01305627822876
1761399360831101000,1.637100830078125,5.352537155151367,-12.430845260620117,-4.3302130699157715
1761399360841181400,1.647181396484375,4.685976505279541,-15.430255889892578,-4.2090067863464355
1761399360851262200,1.65726220703125,3.2469863891601562,-16.979753494262695,-3.5759646892547607
1761399360861342700,1.6673427734375,1.5539865493774414,-16.260894775390625,-2.9233951568603516
1761399360871423500,1.677423583984375,-0.23762452602386475,-12.55953311920166,-2.343848705291748
1761399360881500700,1.687500732421875,-0.46679452061653137,-8.480412483215332,-1.4865000247955322
1761399360891585000,1.6975849609375,0.4247463345527649,-5.671864032745361,-0.7330746054649353
1761399360901665300,1.707665283203125,-0.06524199992418289,-4.357970714569092,-0.5222352743148804
1761399360911746300,1.717746337890625,-0.8699930310249329,-3.9760208129882812,-0.4100818634033203
1761399360921826800,1.727826904296875,-1.4558242559432983,-4.63899040222168,-0.046986207365989685
1761399360931907600,1.737907470703125,-1.4368202686309814,-6.074089527130127,0.024241292849183083
1761399360941988400,1.74798828125,-1.6101006269454956,-8.391003608703613,-0.9784802794456482
1761399360952065000,1.75806494140625,-2.759392261505127,-11.993379592895508,-3.1028106212615967
1761399360962124500,1.76812451171875,-3.505934238433838,-15.364041328430176,-5.43955135345459
1761399360972188400,1.7781884765625,-2.2264578342437744,-14.749404907226562,-5.832200527191162
1761399360982285600,1.78828564453125,-0.3413982093334198,-11.068843841552734,-4.835090160369873
1761399360992391400,1.798391357421875,0.22685061395168304,-8.411803245544434,-3.707571029663086
1761399361002458000,1.8084580078125,0.06247369945049286,-7.542707920074463,-2.682328939437866
1761399361012549000,1.818549072265625,0.040626611560583115,-7.657330513000488,-1.731681227684021
1761399361022608100,1.828608154296875,0.5056254863739014,-8.33481502532959,-1.1849801540374756
1761399361032714500,1.838714599609375,0.656460165977478,-9.112181663513184,-1.1723358631134033
1761399361042795000,1.848794921875,0.4572176933288574,-9.526304244995117,-1.256731390953064
1761399361052875800,1.858875732421875,-0.07167641073465347,-9.690156936645508,-1.332223653793335
1761399361062956000,1.8689560546875,-0.32112228870391846,-9.653421401977539,-1.3335703611373901
1761399361073024000,1.87902392578125,-0.3057844340801239,-9.402703285217285,-1.348459243774414
1761399361083100700,1.8891005859375,-0.20103812217712402,-8.901268005371094,-1.4228291511535645
1761399361093174800,1.8991748046875,-0.18143559992313385,-8.52260971069336,-1.6113725900650024
1761399361103279600,1.909279541015625,-0.28311434388160706,-8.378508567810059,-1.6873884201049805
1761399361113339000,1.9193388671875,-0.3927238881587982,-8.300921440124512,-1.7067664861679077
1761399361123441000,1.92944091796875,-0.4605845510959625,-8.31678295135498,-1.9977368116378784
1761399361133513500,1.939513427734375,-0.5106383562088013,-8.457817077636719,-2.6076598167419434
1761399361143597800,1.949597900390625,-0.6157587766647339,-8.688782691955566,-3.32584547996521
1761399361153656800,1.95965673828125,-0.6240636110305786,-8.77145767211914,-3.9535751342773438
1761399361163763700,1.969763671875,-0.4453963339328766,-8.597204208374023,-4.151021957397461
1761399361173844500,1.979844482421875,0.38397011160850525,-8.668656349182129,-4.522422790527344
1761399361183924500,1.989924560546875,0.7894880175590515,-8.67127513885498,-4.38348388671875
1761399361194005000,2.0000048828125,1.0642974376678467,-8.801982879638672,-4.171746730804443
1761399361204081400,2.010081298828125,1.0980406999588013,-9.00975513458252,-3.9188592433929443
1761399361214167000,2.0201669921875,0.7567921876907349,-9.08030891418457,-3.680711030960083
1761399361224246800,2.030246826171875,0.3711760938167572,-8.939799308776855,-3.520449161529541
1761399361234328300,2.040328369140625,-0.09906009584665298,-8.327557563781738,-3.1700727939605713
1761399361244408300,2.050408203125,-0.22370822727680206,-8.739583969116211,-3.764657735824585
1761399361254488800,2.06048876953125,-0.47891515493392944,-8.52380657196045,-3.6785411834716797
1761399361264569300,2.0705693359375,-0.8782231211662292,-8.091877937316895,-3.1436617374420166
1761399361274650600,2.080650634765625,-0.6439654231071472,-8.984017372131348,-3.5715503692626953
1761399361284731000,2.09073095703125,-0.6782324314117432,-9.617283821105957,-3.2805800437927246
1761399361294811400,2.100811279296875,-0.5994482636451721,-9.86770248413086,-2.759317398071289
1761399361304892200,2.11089208984375,-0.2562544047832489,-10.05310344696045,-2.4496424198150635
1761399361314972700,2.12097265625,-0.002693476853892207,-10.086472511291504,-2.436025381088257
1761399361325032200,2.1310322265625,0.11686696857213974,-10.086921691894531,-2.6174609661102295
1761399361335134200,2.14113427734375,0.18300679326057434,-10.028637886047363,-2.853214979171753
1761399361345189600,2.151189697265625,0.038157589733600616,-9.897629737854004,-3.1080479621887207
1761399361355296500,2.161296630859375,-0.30189386010169983,-9.839570045471191,-3.579256772994995
1761399361365376300,2.171376220703125,-0.804077684879303,-9.868001937866211,-4.1675567626953125
1761399361375456800,2.181456787109375,-1.031751275062561,-9.990180969238281,-4.579509258270264
1761399361385537500,2.19153759765625,-0.7793126702308655,-10.098368644714355,-4.721066474914551
1761399361395618300,2.201618408203125,-0.35987845063209534,-10.1236572265625,-4.642356872558594
1761399361405699300,2.21169921875,-0.2983773946762085,-10.244489669799805,-4.635398864746094
1761399361415779600,2.221779541015625,-0.6099976897239685,-10.60264778137207,-5.063063144683838
1761399361425860400,2.2318603515625,-1.1035773754119873,-10.819172859191895,-5.812747478485107
1761399361435915500,2.24191552734375,-1.426046371459961,-10.82044506072998,-6.548216342926025
1761399361446021600,2.252021728515625,-1.5750854015350342,-10.533141136169434,-7.188291549682617
1761399361456079000,2.2620791015625,-1.67661452293396,-10.038588523864746,-7.555352210998535
1761399361466180900,2.272180908203125,-1.5272014141082764,-10.197504043579102,-7.46646785736084
1761399361476263700,2.282263671875,-0.9472808837890625,-10.017788887023926,-6.198139190673828
1761399361486341600,2.292341552734375,0.28977322578430176,-10.564041137695312,-4.652981281280518
1761399361496425000,2.302425048828125,1.9103485345840454,-11.658041000366211,-2.909852981567383
1761399361506528000,2.312528076171875,2.9165866374969482,-12.769998550415039,-1.2827683687210083
1761399361516586200,2.322586181640625,2.9169607162475586,-13.655927658081055,-0.2397942692041397
1761399361526676200,2.33267626953125,1.69704008102417,-13.912631034851074,0.5891980528831482
1761399361536732000,2.34273193359375,0.3391536474227905,-13.361740112304688,1.5442601442337036
1761399361546803200,2.35280322265625,-0.7338976263999939,-12.8585844039917,1.667860746383667
1761399361556909300,2.362909423828125,-1.3838485479354858,-12.277091979980469,1.1572223901748657
1761399361566950400,2.372950439453125,-1.567379117012024,-11.173439979553223,0.16677111387252808
1761399361577045000,2.383044921875,-1.1608136892318726,-10.141987800598145,-1.372625708580017
1761399361587133400,2.393133544921875,-0.18502689898014069,-10.077195167541504,-3.0971992015838623
1761399361597209600,2.403209716796875,0.8456020951271057,-10.952874183654785,-4.459350109100342
1761399361607295500,2.41329541015625,1.4176666736602783,-11.443012237548828,-5.455338001251221
1761399361617393200,2.42339306640625,1.5779285430908203,-10.92070198059082,-6.062343120574951
1761399361627454000,2.433453857421875,1.1217583417892456,-10.178499221801758,-5.8657941818237305
1761399361637540000,2.4435400390625,0.8744821548461914,-9.089287757873535,-5.518784523010254
1761399361647609900,2.45360986328125,0.6807762980461121,-8.305485725402832,-5.223474502563477
1761399361657694700,2.46369482421875,0.5829881429672241,-7.897573471069336,-4.671461582183838
1761399361667771600,2.473771728515625,0.6085013151168823,-7.585803508758545,-3.8600516319274902
1761399361677876700,2.483876708984375,0.47405192255973816,-7.4421515464782715,-2.6542718410491943
1761399361687955000,2.493954833984375,0.028057051822543144,-7.496993541717529,-1.361328125
1761399361698036500,2.504036376953125,-0.554631769657135,-7.618050575256348,-0.38651394844055176
1761399361708108800,2.51410888671875,-0.8403648138046265,-7.6915974617004395,0.2108393907546997
1761399361718196500,2.524196533203125,-0.5096656680107117,-7.685611724853516,0.5401169657707214
1761399361728271000,2.53427099609375,0.20635025203227997,-7.548020362854004,0.5081692934036255
1761399361738361300,2.544361328125,0.7020248174667358,-7.414019584655762,0.1909375786781311
1761399361748458200,2.554458251953125,1.1027543544769287,-6.993089199066162,-0.7719804048538208
1761399361758523000,2.56452294921875,1.5384242534637451,-6.9339823722839355,-0.7891887426376343
1761399361768603600,2.574603759765625,2.0575919151306152,-6.743493556976318,-0.44921210408210754
1761399361778679600,2.584679443359375,1.9092261791229248,-6.367603778839111,-0.886827290058136
1761399361788764700,2.5947646484375,1.9036896228790283,-6.099827289581299,-1.0625017881393433
1761399361798845200,2.60484521484375,1.8599954843521118,-5.722590923309326,-1.2651110887527466
1761399361808900400,2.614900390625,1.787346363067627,-5.266570568084717,-1.0363152027130127
1761399361819006200,2.625006103515625,1.759364128112793,-4.976198673248291,-0.8483704328536987
1761399361829086700,2.635086669921875,1.893065333366394,-4.937891483306885,-0.6618471145629883
1761399361839164200,2.6451640625,2.005218744277954,-5.158232688903809,-0.8678981065750122
1761399361849248300,2.655248291015625,2.3440730571746826,-5.554099082946777,-1.3097779750823975
1761399361859329800,2.665329833984375,2.7677719593048096,-6.00458288192749,-2.0604350566864014
1761399361869409800,2.675409912109375,3.1788265705108643,-6.50369930267334,-2.955791711807251
1761399361879490300,2.685490234375,3.28267502784729,-7.22405481338501,-3.8810009956359863
1761399361889571300,2.6955712890625,3.179050922393799,-8.341174125671387,-4.989516258239746
1761399361899651600,2.705651611328125,4.373009204864502,-9.947833061218262,-6.347552299499512
1761399361909728300,2.715728271484375,5.162572383880615,-11.845836639404297,-7.232509136199951
1761399361919812600,2.7258125,5.347823619842529,-13.491849899291992,-7.972317695617676
1761399361929893600,2.7358935546875,6.137835502624512,-14.463372230529785,-8.853009223937988
1761399361939974400,2.745974365234375,6.821529388427734,-13.745112419128418,-8.798766136169434
1761399361950055000,2.756054931640625,6.37650728225708,-11.903596878051758,-7.629123687744141
1761399361960136000,2.766135986328125,5.952209949493408,-10.425775527954102,-5.874772548675537
1761399361970212400,2.77621240234375,5.10847806930542,-9.051504135131836,-4.514342308044434
1761399361980281300,2.78628125,4.158877849578857,-7.276727199554443,-3.6513073444366455
1761399361990352100,2.79635205078125,3.419069766998291,-5.330914497375488,-3.592649221420288
1761399362000458200,2.806458251953125,2.8810477256774902,-3.6635026931762695,-4.253523826599121
1761399362010538800,2.816538818359375,3.137526512145996,-2.663848638534546,-5.021838188171387
1761399362020619500,2.82661962890625,3.464634418487549,-3.6085855960845947,-5.108029365539551
1761399362030700300,2.8367001953125,2.530895709991455,-8.488417625427246,-6.031742095947266
1761399362040777200,2.846777099609375,0.8747814297676086,-15.056984901428223,-6.773271560668945
1761399362050861600,2.856861572265625,-0.2770540416240692,-21.189434051513672,-5.182922840118408
1761399362060942000,2.866942138671875,-0.5974281430244446,-23.60323715209961,-3.8622214794158936
1761399362071022800,2.87702294921875,1.0363152027130127,-20.260557174682617,-4.045377731323242
1761399362081103400,2.887103271484375,0.23732523620128632,-12.695777893066406,-3.9426517486572266
1761399362091184000,2.89718408203125,0.15898995101451874,-6.255375862121582,-2.8540380001068115
1761399362101260500,2.907260498046875,-0.08334814757108688,-2.4116344451904297,-1.4167689085006714
1761399362111345700,2.917345703125,-2.2178537845611572,-0.9855132699012756,-0.8173205852508545
1761399362121417700,2.927417724609375,-4.454262733459473,-1.5808465480804443,-0.8673743605613708
1761399362131507000,2.9375068359375,-4.722114086151123,-3.4852094650268555,-0.4463689923286438
1761399362141587500,2.94758740234375,-4.185812950134277,-6.304980754852295,-0.37312138080596924
1761399362151643000,2.957642822265625,-3.3133506774902344,-10.059537887573242,-0.9766098260879517
1761399362161745200,2.9677451171875,-2.3960721492767334,-13.77900505065918,-1.5937901735305786
1761399362171804000,2.977803955078125,-1.9029414653778076,-16.109909057617188,-2.125976324081421
1761399362181907700,2.98790771484375,-1.2212673425674438,-15.871387481689453,-2.8722939491271973
1761399362191965000,2.99796484375,0.31872808933258057,-12.567014694213867,-2.674248456954956
1761399362202071600,3.008071533203125,1.1725603342056274,-9.800814628601074,-2.3145945072174072
1761399362212142800,3.018142822265625,0.9691279530525208,-8.640973091125488,-1.679233193397522
1761399362222232800,3.02823291015625,0.8349030017852783,-8.484901428222656,-1.3828011751174927
1761399362232288000,3.0382880859375,1.0769418478012085,-8.859219551086426,-1.419611930847168
1761399362242395100,3.04839501953125,1.1556512117385864,-9.479093551635742,-1.3579612970352173
1761399362252475400,3.058475341796875,1.216254472732544,-9.989208221435547,-1.060032844543457
1761399362262555600,3.0685556640625,1.0439467430114746,-10.070535659790039,-0.8265233039855957
1761399362272610800,3.07861083984375,0.8036287426948547,-9.684021949768066,-0.7804349064826965
1761399362282716400,3.08871630859375,0.6476315855979919,-9.234585762023926,-1.0919055938720703
1761399362292793300,3.09879345703125,0.6128408312797546,-8.81163501739502,-1.6038906574249268
1761399362302878000,3.1088779296875,0.670600950717926,-8.36369514465332,-2.300753116607666
1761399362312959200,3.118959228515625,0.7186346054077148,-7.901463985443115,-2.702305555343628
1761399362323039500,3.12903955078125,0.5004629492759705,-7.543456077575684,-2.970456123352051
1761399362333120300,3.139120361328125,0.12996025383472443,-7.3197479248046875,-3.1196448802948
1761399362343200800,3.14920068359375,-0.15023615956306458,-7.226074695587158,-3.1412675380706787
1761399362353281500,3.159281494140625,-0.3826981782913208,-7.2889227867126465,-3.1811459064483643
1761399362363358500,3.1693583984375,-0.5970540642738342,-7.411999702453613,-3.1681272983551025
1761399362373442800,3.17944287109375,-0.6980594396591187,-7.577797889709473,-3.2782607078552246
1761399362383523300,3.1895234375,-0.6323685050010681,-7.634585380554199,-2.9816040992736816
1761399362393604400,3.199604248046875,-0.5218611359596252,-7.887248516082764,-3.1087961196899414
1761399362403685600,3.209685546875,-0.41187751293182373,-8.1232271194458,-3.3161938190460205
1761399362413750000,3.21975,-0.2908954918384552,-8.380977630615234,-3.3837552070617676
1761399362423842000,3.229842041015625,-0.186074361205101,-8.609025955200195,-3.3035495281219482
1761399362433909200,3.2399091796875,0.023268647491931915,-8.88106632232666,-3.254692792892456
1761399362444008000,3.250008056640625,0.14507365226745605,-8.934487342834473,-3.0015058517456055
1761399362454063000,3.26006298828125,0.6187515258789062,-9.653421401977539,-3.0089879035949707
1761399362464169500,3.27016943359375,0.7695862054824829,-9.484779357910156,-2.4717888832092285
1761399362474249700,3.280249755859375,0.9942670464515686,-10.278382301330566,-2.2527942657470703
1761399362484320800,3.29032080078125,0.5410895943641663,-10.341979026794434,-2.5557355880737305
1761399362494385700,3.3003857421875,-0.3662380278110504,-10.210371971130371,-3.0732572078704834
1761399362504491500,3.310491455078125,-1.2865092754364014,-10.055273056030273,-3.160795211791992
1761399362514572800,3.32057275390625,-1.8090438842773438,-10.152612686157227,-3.402684450149536
1761399362524652800,3.33065283203125,-2.1545569896698,-10.606837272644043,-3.7551558017730713
1761399362534708200,3.340708251953125,-2.0412814617156982,-11.078420639038086,-4.226963043212891
1761399362544789500,3.35078955078125,-1.4558991193771362,-11.226187705993652,-4.515988349914551
1761399362554870000,3.3608701171875,-0.8476970195770264,-11.228431701660156,-4.748600006103516
1761399362564950800,3.37095068359375,-0.5843348503112793,-11.076325416564941,-5.088127613067627
1761399362575031000,3.381031005859375,-0.7181108593940735,-10.852018356323242,-5.5621795654296875
1761399362585111600,3.391111572265625,-1.0863690376281738,-10.784307479858398,-6.441898822784424
1761399362595192800,3.40119287109375,-1.375319242477417,-10.877830505371094,-7.43489408493042
1761399362605261300,3.41126123046875,-1.2168530225753784,-10.724677085876465,-7.70663595199585
1761399362615342000,3.421342041015625,-0.8939350843429565,-10.448296546936035,-8.233060836791992
1761399362625443300,3.431443359375,-0.9273042678833008,-9.85184097290039,-8.37185001373291
1761399362635506200,3.441506103515625,-0.7441478371620178,-9.197101593017578,-7.912013530731201
1761399362645595600,3.451595703125,-0.35905542969703674,-9.051803588867188,-6.783746242523193
1761399362655668200,3.461668212890625,-0.15225626528263092,-9.57979965209961,-5.5656208992004395
1761399362665782000,3.471781982421875,-0.1389385163784027,-10.047941207885742,-4.193519115447998
1761399362675863000,3.481863037109375,-0.2554313838481903,-9.966313362121582,-2.5504233837127686
1761399362685944300,3.4919443359375,0.052522800862789154,-10.206032752990723,-1.231367826461792
1761399362696024600,3.502024658203125,0.4398597478866577,-11.15421199798584,-0.06808511167764664
1761399362706104800,3.512104736328125,0.5826888680458069,-12.17840576171875,0.8402899503707886
1761399362716186400,3.522186279296875,0.633490800857544,-12.901679992675781,1.821463704109192
1761399362726266400,3.532266357421875,0.7790133953094482,-13.418453216552734,2.1094412803649902
1761399362736327000,3.542326904296875,0.5984007716178894,-13.247417449951172,1.9756653308868408
1761399362746428200,3.55242822265625,0.009726444259285927,-12.627767562866211,1.3596820831298828
1761399362756508700,3.5625087890625,-0.33189621567726135,-11.590031623840332,0.450334370136261
1761399362766566400,3.57256640625,-0.2884264886379242,-10.917859077453613,-0.921169102191925
1761399362776669700,3.582669677734375,0.027982233092188835,-10.699687004089355,-2.267608165740967
1761399362786750000,3.59275,0.5431097149848938,-10.800917625427246,-3.503465175628662
1761399362796831500,3.60283154296875,0.9884312152862549,-10.903194427490234,-4.470872402191162
1761399362806910000,3.612909912109375,0.9194482564926147,-10.524835586547852,-4.6157965660095215
1761399362816992500,3.622992431640625,0.5611410140991211,-9.964218139648438,-4.157456398010254
1761399362827073000,3.633072998046875,-0.003142389701679349,-9.010727882385254,-3.882946252822876
1761399362837153500,3.643153564453125,0.2486976981163025,-8.800636291503906,-3.5351884365081787
1761399362847235000,3.653235107421875,0.7937526702880859,-9.019705772399902,-3.0592660903930664
1761399362857314800,3.663314697265625,1.0434978008270264,-9.27955150604248,-2.427121877670288
1761399362867396400,3.673396240234375,0.5952584147453308,-9.449464797973633,-1.8873043060302734
1761399362877476400,3.683476318359375,0.29224225878715515,-9.536928176879883,-1.369184136390686
1761399362887557600,3.6935576171875,0.46671968698501587,-9.094823837280273,-1.0757447481155396
1761399362897638000,3.703637939453125,0.5283703804016113,-8.624512672424316,-0.6925976872444153
1761399362907693000,3.713693115234375,0.6661118268966675,-8.313416481018066,-0.04818331077694893
1761399362917765600,3.723765625,1.0937761068344116,-8.085667610168457,0.05693710967898369
1761399362927879700,3.733879638671875,1.4196867942810059,-7.9543609619140625,0.2297685444355011
1761399362937967000,3.743967041015625,1.3887118101119995,-7.893458366394043,0.39534255862236023
1761399362948039200,3.7540390625,1.2665326595306396,-7.675661087036133,0.5783493518829346
1761399362958117400,3.764117431640625,1.6086043119430542,-7.254879951477051,-0.1007809266448021
1761399362968200700,3.77420068359375,1.5867571830749512,-6.878840923309326,-0.18869301676750183
1761399362978283000,3.784282958984375,1.6431705951690674,-6.304831027984619,-0.4272153675556183
1761399362988363500,3.794363525390625,1.591770052909851,-5.648221015930176,-1.0200047492980957
1761399362998441200,3.804441162109375,1.6668132543563843,-5.027075290679932,-1.3611036539077759
1761399363008525600,3.814525634765625,1.852064609527588,-4.468478202819824,-1.5160534381866455
1761399363018606000,3.824606201171875,2.087968349456787,-4.134562015533447,-1.6862661838531494
1761399363028686300,3.834686279296875,2.1641337871551514,-4.0569000244140625,-1.9046622514724731
1761399363038767000,3.84476708984375,2.1366004943847656,-4.217236518859863,-2.276960611343384
1761399363048822300,3.854822265625,2.076969861984253,-4.554744243621826,-2.778022050857544
1761399363058924300,3.86492431640625,2.2933459281921387,-5.097854137420654,-3.4281227588653564
1761399363068989400,3.874989501953125,2.789020538330078,-5.835567474365234,-4.19576358795166
1761399363079089700,3.885089599609375,3.46807599067688,-6.943334579467773,-5.142071723937988
1761399363089145600,3.8951455078125,4.219630718231201,-8.485125541687012,-6.233304023742676
1761399363099250700,3.905250732421875,5.013308525085449,-10.45622730255127,-7.379154205322266
1761399363109332000,3.91533203125,5.520505428314209,-12.598962783813477,-8.414571762084961
1761399363119408000,3.925408203125,6.121150970458984,-14.665233612060547,-9.551518440246582
1761399363129492700,3.93549267578125,6.575824737548828,-15.729082107543945,-10.203339576721191
1761399363139573800,3.94557373046875,6.1623759269714355,-14.811803817749023,-9.842787742614746
1761399363149654300,3.955654296875,5.615973949432373,-12.730419158935547,-8.354192733764648
1761399363159710000,3.9657099609375,5.772420406341553,-10.500893592834473,-6.579340934753418
1761399363169815600,3.975815673828125,6.069600582122803,-8.437017440795898,-5.095983505249023
1761399363179896300,3.985896240234375,5.693037509918213,-6.486116886138916,-4.296619415283203
1761399363189973000,3.995972900390625,5.145588397979736,-4.642132759094238,-3.933074951171875
1761399363200058400,4.006058349609375,4.594472885131836,-3.126004457473755,-3.710937738418579
1761399363210138400,4.016138427734375,4.785036563873291,-2.1642086505889893,-3.4198927879333496
1761399363220219000,4.026218994140625,4.845864295959473,-2.825681686401367,-3.024475336074829
1761399363230299600,4.036299560546875,3.72208571434021,-6.87173318862915,-2.893317937850952
1761399363240380200,4.046380126953125,2.6227731704711914,-12.816760063171387,-4.365303039550781
1761399363250457000,4.05645703125,1.6950199604034424,-16.934114456176758,-4.636970043182373
1761399363260541700,4.066541748046875,-1.5610195398330688,-18.1190185546875,-4.1897783279418945
1761399363270622200,4.076622314453125,-3.1024365425109863,-15.402422904968262,-3.8948423862457275
1761399363280703000,4.086702880859375,0.24854806065559387,-12.239757537841797,-2.9706058502197266
1761399363290783200,4.096783203125,1.9244892597198486,-9.444377899169922,-2.474856376647949
1761399363300864300,4.1068642578125,-0.3381809890270233,-7.393294811248779,-1.6698060035705566
1761399363310944800,4.11694482421875,-1.6999579668045044,-6.49172830581665,-0.5069721937179565
1761399363321022200,4.127022216796875,-2.7212347984313965,-6.436063289642334,0.1223287433385849
1761399363331085300,4.137085205078125,-2.9903578758239746,-6.53145694732666,0.29643210768699646
1761399363341187300,4.147187255859375,-3.071012496948242,-7.104045391082764,-0.48078563809394836
1761399363351242200,4.1572421875,-3.011157512664795,-8.9041109085083,-1.471985101699829
1761399363361347800,4.167347900390625,-2.3161656856536865,-11.613898277282715,-2.5628433227539062
1761399363371429000,4.17742919921875,-1.6619501113891602,-13.289166450500488,-3.3145477771759033
1761399363381484300,4.187484375,-0.5366752743721008,-12.6435546875,-3.4170496463775635
1761399363391591200,4.197591064453125,0.14978724718093872,-10.709413528442383,-3.5296518802642822
1761399363401671000,4.2076708984375,0.9567080140113831,-9.315764427185059,-3.077596664428711
1761399363411751700,4.217751708984375,0.8476970195770264,-8.787094116210938,-2.5598504543304443
1761399363421832000,4.22783203125,0.5124340057373047,-8.701651573181152,-2.3209540843963623
1761399363431913000,4.237912841796875,0.33608606457710266,-8.896928787231445,-1.9479823112487793
1761399363441989000,4.247989013671875,0.17260697484016418,-8.969502449035645,-1.4345756769180298
1761399363452074000,4.258073974609375,-0.00044891281868331134,-9.310227394104004,-1.2838906049728394
1761399363462154800,4.26815478515625,-0.024914661422371864,-9.145102500915527,-1.2505214214324951
1761399363472210000,4.2782099609375,0.1280149668455124,-8.805274963378906,-1.3642460107803345
1761399363482316500,4.288316650390625,0.2770540416240692,-8.339228630065918,-1.7114052772521973
1761399363492371700,4.298371826171875,0.23740005493164062,-7.952266216278076,-2.0260932445526123
1761399363502477600,4.3084775390625,0.14507365226745605,-7.692869186401367,-2.660182476043701
1761399363512555000,4.318554931640625,0.04750993847846985,-7.667805194854736,-3.203965663909912
1761399363522638800,4.328638916015625,-0.03950432687997818,-7.868319511413574,-3.8075289726257324
1761399363532674300,4.33867431640625,-0.1272667795419693,-8.068085670471191,-4.160973072052002
1761399363542801000,4.34880078125,-0.060303956270217896,-8.196624755859375,-4.316745758056641
1761399363552881000,4.358880859375,0.40529346466064453,-8.235006332397461,-4.283825397491455
1761399363562962000,4.3689619140625,0.6621463894844055,-7.859191417694092,-3.928884983062744
1761399363573038300,4.379038330078125,1.3634978532791138,-8.22812271118164,-4.207211017608643
1761399363583122700,4.389122802734375,1.123553991317749,-8.373645782470703,-4.0073699951171875
1761399363593203500,4.399203369140625,0.833331823348999,-8.838869094848633,-3.9320273399353027
1761399363603284200,4.4092841796875,0.8215104341506958,-9.411382675170898,-3.7650318145751953
1761399363613365000,4.419364990234375,0.932691216468811,-9.473182678222656,-3.922076463699341
1761399363623445500,4.429445556640625,0.72132807970047,-8.976909637451172,-3.9997384548187256
1761399363633505800,4.439505859375,0.1761234551668167,-8.423849105834961,-3.881075859069824
1761399363643603000,4.44960302734375,-0.37551558017730713,-8.229694366455078,-3.5185787677764893
1761399363653687300,4.459687255859375,-0.6979846358299255,-8.341997146606445,-2.9471874237060547
1761399363663768800,4.469768798828125,-0.8081178665161133,-8.737264633178711,-2.354248523712158
1761399363673849000,4.47984912109375,-0.8432827591896057,-9.343522071838379,-1.8427122831344604
1761399363683904800,4.48990478515625,-0.6842179298400879,-9.673547744750977,-1.4241758584976196
1761399363694010600,4.5000107421875,-0.38898295164108276,-10.531195640563965,-1.7435773611068726
1761399363704086500,4.51008642578125,-0.18712182343006134,-10.987964630126953,-2.2881834506988525
1761399363714172200,4.520172119140625,-0.13699322938919067,-10.76844596862793,-3.10153865814209
1761399363724252200,4.530252197265625,-0.4239233434200287,-10.253093719482422,-3.6109797954559326
1761399363734333400,4.54033349609375,-0.9617956876754761,-9.823334693908691,-4.39156436920166
1761399363744413200,4.5504130859375,-1.812934398651123,-9.171887397766113,-4.4297966957092285
1761399363754494200,4.560494140625,-1.642272710800171,-10.012251853942871,-5.723863124847412
1761399363764575500,4.570575439453125,-2.2321441173553467,-9.715520858764648,-5.539135456085205
1761399363774656000,4.580656005859375,-1.3586345911026,-10.4450044631958,-6.877718448638916
1761399363784736800,4.59073681640625,-0.7897124886512756,-10.771512985229492,-7.0890069007873535
1761399363794791400,4.60079150390625,-0.4661211371421814,-10.617910385131836,-7.086986541748047
1761399363804872000,4.610871826171875,-0.5358522534370422,-10.140117645263672,-7.295282363891602
1761399363814963000,4.620962890625,-1.1531822681427002,-9.758017539978027,-7.887248516082764
1761399363825059600,4.6310595703125,-1.7673697471618652,-9.844209671020508,-8.704344749450684
1761399363835160600,4.64116064453125,-2.2869114875793457,-10.097395896911621,-9.17697525024414
1761399363845221000,4.65122119140625,-2.414477586746216,-9.83680248260498,-9.283966064453125
1761399363855300900,4.66130078125,-2.4136545658111572,-9.390507698059082,-8.379107475280762
1761399363865381400,4.67138134765625,-0.7224503755569458,-9.692177772521973,-6.947449684143066
1761399363875462000,4.6814619140625,0.5868038535118103,-10.36913776397705,-4.853720188140869
1761399363885543000,4.69154296875,0.6312462687492371,-10.36449909210205,-2.688838243484497
1761399363895624400,4.70162451171875,0.461183100938797,-10.70993709564209,-1.5037083625793457
1761399363905704200,4.7117041015625,0.2742857336997986,-11.541548728942871,-0.7967454195022583
1761399363915785500,4.721785400390625,0.27967268228530884,-12.618565559387207,-0.11873743683099747
1761399363925865500,4.731865478515625,-0.5282955765724182,-13.216068267822266,0.400804340839386
1761399363935921200,4.741921142578125,-1.293991208076477,-12.759374618530273,0.9636662006378174
1761399363946027800,4.75202783203125,-1.7923592329025269,-11.982081413269043,0.9760112762451172
1761399363956107800,4.762107666015625,-2.03544545173645,-11.251626014709473,0.7438485622406006
1761399363966163000,4.772162841796875,-1.9939959049224854,-10.85598373413086,0.24682722985744476
1761399363976270000,4.78227001953125,-1.481113076210022,-10.881272315979004,-0.6064063906669617
1761399363986349300,4.792349365234375,-0.8145523071289062,-10.903044700622559,-1.4733319282531738
1761399363996405200,4.8024052734375,0.15599720180034637,-11.051335334777832,-2.3349452018737793
1761399364006486000,4.812486083984375,0.8350526690483093,-11.03091049194336,-3.0148236751556396
1761399364016591600,4.822591552734375,0.9154828786849976,-10.612374305725098,-3.20097279548645
1761399364026673200,4.832673095703125,0.5780500769615173,-10.090213775634766,-3.3248727321624756
1761399364036753700,4.842753662109375,0.12517185509204865,-9.424699783325195,-3.562272787094116
1761399364046807300,4.852807373046875,0.11207856982946396,-8.903138160705566,-3.7981016635894775
1761399364056914200,4.8629140625,0.33279404044151306,-8.930596351623535,-3.8757636547088623
1761399364066995700,4.87299560546875,0.2719663381576538,-9.252691268920898,-3.7208139896392822
1761399364077076000,4.883075927734375,0.10998363792896271,-9.543362617492676,-3.4989013671875
1761399364087156700,4.89315673828125,0.2785504162311554,-9.58825397491455,-3.078120470046997
1761399364097236700,4.90323681640625,0.4412812888622284,-9.489867210388184,-2.7245266437530518
1761399364107317800,4.91331787109375,0.34416648745536804,-9.219547271728516,-2.3167643547058105
1761399364117398300,4.923398193359375,0.6587047576904297,-8.832210540771484,-2.103156566619873
1761399364127478800,4.933478759765625,-0.022296003997325897,-8.140435218811035,-2.051905632019043
1761399364137534500,4.943534423828125,0.4224269688129425,-7.767688274383545,-1.7577929496765137
1761399364147640000,4.95364013671875,1.1814637184143066,-7.70394229888916,-0.9731681942939758
1761399364157721000,4.96372119140625,1.5601965188980103,-7.745092868804932,-0.5187935829162598
1761399364167801900,4.9738017578125,1.5429133176803589,-7.765294075012207,-0.21787235140800476
1761399364177882400,4.98388232421875,1.5362545251846313,-7.494450092315674,-0.2834884524345398
1761399364187963400,4.99396337890625,1.732803463935852,-7.174898624420166,-0.34588733315467834
1761399364198040300,5.004040283203125,1.639878511428833,-6.729278087615967,-0.4421791136264801
1761399364208120600,5.01412060546875,1.6590321063995361,-6.138209342956543,-0.73674076795578
1761399364218181400,5.024181396484375,1.7588404417037964,-5.7299981117248535,-0.7499088644981384
1761399364228286000,5.034285888671875,1.8569278717041016,-5.301810264587402,-0.5396680235862732
1761399364238366000,5.044365966796875,1.880570650100708,-4.918737888336182,-0.50876784324646
1761399364248447000,5.054447021484375,1.8883517980575562,-4.635997295379639,-0.5651812553405762
1761399364258527500,5.064527587890625,1.9104981422424316,-4.4857611656188965,-0.8482955694198608
1761399364268608800,5.07460888671875,2.110114812850952,-4.503493309020996,-1.2865841388702393
1761399364278685000,5.084684814453125,2.4287679195404053,-4.787954330444336,-1.8923171758651733
1761399364288769500,5.09476953125,2.8577041625976562,-5.3004631996154785,-2.7486183643341064
1761399364298850600,5.1048505859375,3.516334056854248,-5.976226806640625,-3.8983588218688965
1761399364308930800,5.114930908203125,4.384157180786133,-6.8704609870910645,-5.1490302085876465
1761399364319011600,5.125011474609375,5.071667194366455,-8.122703552246094,-6.682590961456299
1761399364329092400,5.13509228515625,5.4980597496032715,-9.878775596618652,-8.652345657348633
1761399364339147500,5.1451474609375,5.4792799949646,-11.984700202941895,-10.897059440612793
1761399364349254700,5.155254638671875,5.254898548126221,-13.765762329101562,-12.759299278259277
1761399364359334700,5.165334716796875,5.2777934074401855,-13.876643180847168,-13.168334007263184
1761399364369404200,5.175404052734375,4.907739162445068,-11.56781005859375,-12.004826545715332
1761399364379496200,5.18549609375,4.0708160400390625,-9.058911323547363,-10.278757095336914
1761399364389551000,5.195551025390625,3.9276130199432373,-7.250391006469727,-8.84283447265625
1761399364399668500,5.20566845703125,4.401365756988525,-5.510554313659668,-7.820809364318848
1761399364409712600,5.215712646484375,4.812345504760742,-3.6733038425445557,-6.813448905944824
1761399364419818200,5.225818359375,5.001786708831787,-2.7917888164520264,-5.3458781242370605
1761399364429898800,5.235898681640625,3.065999746322632,-6.877493858337402,-4.600832462310791
1761399364439979500,5.2459794921875,1.797746181488037,-14.408530235290527,-6.379649639129639
1761399364450061000,5.25606103515625,1.709834098815918,-19.06315803527832,-6.358251571655273
1761399364460141000,5.26614111328125,-0.8255506753921509,-18.516904830932617,-5.135113716125488
1761399364470206700,5.276206787109375,-3.536759614944458,-14.049324989318848,-3.0918121337890625
1761399364480302300,5.28630224609375,1.0592098236083984,-10.605565071105957,-0.5900958776473999
1761399364490383600,5.296383544921875,3.6775686740875244,-7.956979751586914,1.6300772428512573
1761399364500464000,5.306464111328125,0.5467758178710938,-5.508459568023682,1.0097545385360718
1761399364510519600,5.31651953125,0.6937947869300842,-4.167182922363281,2.1326351165771484
1761399364520625200,5.326625244140625,0.2894739508628845,-4.649764060974121,3.9127988815307617
1761399364530700800,5.33670068359375,-1.0115501880645752,-5.692962646484375,4.414907932281494
1761399364540761000,5.346760986328125,-2.0160675048828125,-7.129932880401611,3.2158617973327637
1761399364550867000,5.356866943359375,-4.2200798988342285,-10.679486274719238,0.8390180468559265
1761399364560947500,5.366947509765625,-7.273958683013916,-13.498509407043457,-1.4909143447875977
1761399364571003000,5.3770029296875,-4.500800132751465,-15.389554023742676,-3.5836710929870605
1761399364581109200,5.387109130859375,-0.017732055857777596,-15.809587478637695,-6.007351398468018
1761399364591189500,5.397189453125,1.2002432346343994,-14.53789234161377,-7.094917297363281
1761399364601266700,5.4072666015625,0.838569164276123,-10.79844856262207,-4.3617119789123535
1761399364611351000,5.41735107421875,0.16639702022075653,-8.314313888549805,-2.196530342102051
1761399364621431600,5.427431640625,0.25827449560165405,-7.336432456970215,-0.9852887988090515
1761399364631512600,5.4375126953125,0.8973767161369324,-7.740828037261963,-0.7593360543251038
1761399364641593000,5.447593017578125,1.096993327140808,-8.78731918334961,-1.1340285539627075
1761399364651673900,5.457673828125,0.5626373887062073,-9.679009437561035,-1.5301192998886108
1761399364661751000,5.4677509765625,-0.10691606998443604,-9.719560623168945,-1.5558570623397827
1761399364671835100,5.477835205078125,-0.6400748491287231,-9.259350776672363,-1.273565649986267
1761399364681890300,5.487890380859375,-0.8406640887260437,-8.6228666305542,-1.3013982772827148
1761399364691997000,5.497996826171875,-0.8630349040031433,-8.081851959228516,-1.814131498336792
1761399364702051800,5.5080517578125,-0.8393173217773438,-7.905280113220215,-2.3895628452301025
1761399364712158000,5.518157958984375,-0.9852139949798584,-8.00568675994873,-3.053130865097046
1761399364722213000,5.528213134765625,-1.1965770721435547,-8.179715156555176,-3.718719005584717
1761399364732319500,5.538319580078125,-1.3022212982177734,-8.26351261138916,-4.308964729309082
1761399364742374700,5.548374755859375,-1.2752116918563843,-8.179715156555176,-4.818106651306152
1761399364752480300,5.558480224609375,-0.6455366611480713,-8.10242748260498,-5.612607479095459
1761399364762535400,5.568535400390625,-0.5080196857452393,-7.852532863616943,-5.607744216918945
1761399364772641500,5.5786416015625,-0.1430535465478897,-7.743297100067139,-5.5231242179870605
1761399364782722600,5.58872265625,0.22931963205337524,-7.754370212554932,-5.412317276000977
1761399364792799000,5.598799072265625,0.5596446394920349,-7.747636795043945,-5.111246585845947
1761399364802883800,5.6088837890625,0.5354033708572388,-7.768361568450928,-4.700566291809082
1761399364812939000,5.61893896484375,0.09135375916957855,-7.927501201629639,-3.8732945919036865
1761399364823046000,5.6290458984375,-0.32860419154167175,-8.207024574279785,-3.45228910446167
1761399364833126700,5.639126708984375,-0.4504092037677765,-8.468216896057129,-3.1459062099456787
1761399364843207000,5.64920703125,-0.28296470642089844,-8.716315269470215,-3.092036724090576
1761399364853283300,5.659283447265625,0.02925415150821209,-8.861089706420898,-2.636465072631836
1761399364863368700,5.66936865234375,0.03942950814962387,-9.36117935180664,-2.8139352798461914
1761399364873425200,5.679425048828125,-0.18734627962112427,-9.564685821533203,-3.0590415000915527
1761399364883529700,5.68952978515625,-0.22842180728912354,-9.388936996459961,-3.2999582290649414
1761399364893609500,5.699609375,-0.42766427993774414,-9.286659240722656,-3.464035749435425
1761399364903691300,5.709691162109375,-0.8130559325218201,-9.295787811279297,-3.75059175491333
1761399364913771000,5.71977099609375,-0.915931761264801,-9.171813011169434,-3.754706859588623
1761399364923848400,5.729848388671875,-0.8441805839538574,-9.100809097290039,-4.230554580688477
1761399364933907200,5.7399072265625,-1.259873867034912,-9.356241226196289,-4.756680011749268
1761399364943987500,5.749987548828125,-1.6292542219161987,-9.807622909545898,-5.364208698272705
1761399364954093600,5.760093505859375,-2.299556016921997,-9.594388961791992,-4.733860492706299
1761399364964174300,5.77017431640625,-0.9234884977340698,-10.644620895385742,-5.616796970367432
1761399364974232600,5.780232666015625,-0.6612485647201538,-10.775553703308105,-4.9310078620910645
1761399364984321800,5.79032177734375,-0.4164414703845978,-10.773384094238281,-4.58616828918457
1761399364994416600,5.800416748046875,-0.9544634819030762,-10.917559623718262,-4.734384059906006
1761399365004471800,5.810471923828125,-1.156549096107483,-10.734253883361816,-5.493869781494141
1761399365014578400,5.820578369140625,-0.33601123094558716,-10.395548820495605,-6.236745834350586
1761399365024659000,5.830658935546875,-0.5324106216430664,-10.074950218200684,-7.035660743713379
1761399365034739200,5.8407392578125,-1.3524994850158691,-9.7605619430542,-7.6630167961120605
1761399365044820200,5.8508203125,-0.19632454216480255,-10.008585929870605,-7.597475528717041
1761399365054900200,5.860900146484375,0.5830629467964172,-10.870124816894531,-6.343661785125732
1761399365064974300,5.870974365234375,1.0374375581741333,-11.048118591308594,-4.316446304321289
1761399365075061800,5.881061767578125,1.3850456476211548,-11.172317504882812,-2.432508945465088
1761399365085142300,5.891142333984375,1.8723405599594116,-11.9097318649292,-1.0524760484695435
1761399365095223000,5.90122314453125,1.9511247873306274,-12.967445373535156,0.4132242500782013
1761399365105261600,5.911261474609375,1.647510051727295,-14.170157432556152,1.67661452293396
1761399365115385300,5.92138525390625,0.6066308617591858,-14.994436264038086,2.5585784912109375
1761399365125465600,5.931465576171875,-0.23178865015506744,-15.396737098693848,2.8943653106689453
1761399365135512800,5.941512939453125,-0.5382464528083801,-14.745813369750977,2.724451780319214
1761399365145601800,5.951601806640625,-0.2091933786869049,-13.130026817321777,1.8691233396530151
1761399365155708000,5.9617080078125,0.17335516214370728,-11.55628776550293,0.4985176920890808
1761399365165788000,5.971787841796875,0.6955155730247498,-10.847529411315918,-1.2498481273651123
1761399365175868400,5.981868408203125,1.3083564043045044,-11.033453941345215,-2.8296470642089844
1761399365185949000,5.991948974609375,1.273341178894043,-11.349040031433105,-3.9445221424102783
1761399365196030000,6.002030029296875,0.9891793727874756,-11.088595390319824,-4.897115230560303
1761399365206087700,6.012087646484375,1.0461164712905884,-10.095450401306152,-5.503371715545654
1761399365216191700,6.022191650390625,1.2799252271652222,-9.18857192993164,-5.219210147857666
1761399365226271200,6.032271240234375,1.3920037746429443,-8.394370079040527,-5.129053592681885
1761399365236353300,6.042353271484375,1.500939965248108,-8.03576374053955,-4.988992691040039
1761399365246433800,6.052433837890625,1.208922266960144,-7.682170391082764,-3.9267899990081787
1761399365256514300,6.062514404296875,0.8025065064430237,-7.387383937835693,-2.878279447555542
1761399365266595600,6.072595703125,0.34528878331184387,-7.037905693054199,-2.025120496749878
1761399365276675000,6.082675048828125,0.09876082092523575,-6.862380504608154,-1.2118401527404785
1761399365286755600,6.092755615234375,0.054093994200229645,-6.613757610321045,-0.7348702549934387
1761399365296836600,6.102836669921875,-0.16834230720996857,-6.4123454093933105,-0.5686977505683899
1761399365306944500,6.112944580078125,0.4750994145870209,-6.440028667449951,-0.4787655174732208
1761399365316970000,6.122969970703125,0.9128642082214355,-6.421323776245117,-0.41382279992103577
1761399365327079000,6.133078857421875,1.1374702453613281,-6.319420337677002,-0.4347720742225647
1761399365337134000,6.143134033203125,1.4595651626586914,-6.078354358673096,-0.4323030412197113
1761399365347240700,6.15324072265625,1.764601469039917,-5.939939498901367,0.1348234862089157
1761399365357320200,6.1633203125,1.9639935493469238,-5.575646877288818,0.3206733763217926
1761399365367401500,6.1734013671875,1.922768473625183,-5.188160419464111,0.28797757625579834
1761399365377481500,6.1834814453125,1.8168997764587402,-4.851924419403076,0.13602058589458466
1761399365387562200,6.193562255859375,1.6763900518417358,-4.637942790985107,-0.0884358286857605
1761399365397643000,6.20364306640625,1.6395044326782227,-4.538733005523682,-0.21458032727241516
1761399365407723800,6.213723876953125,1.7556232213974,-4.461669921875,-0.11200375109910965
1761399365417804300,6.22380419921875,1.914388656616211,-4.41625452041626,-0.13407529890537262
1761399365427885000,6.233885009765625,2.075174331665039,-4.703558921813965,-0.5163245797157288
1761399365437965600,6.243965576171875,2.364348888397217,-5.4041619300842285,-1.284938097000122
1761399365448043000,6.25404296875,3.200000286102295,-6.460005283355713,-2.462810516357422
1761399365458123300,6.264123291015625,5.298368453979492,-7.892859935760498,-4.154388904571533
1761399365468199000,6.274198974609375,8.235230445861816,-9.89897632598877,-6.025906562805176
1761399365478288600,6.28428857421875,7.792677402496338,-12.52137565612793,-8.456768989562988
1761399365488345000,6.294344970703125,6.296301364898682,-15.525126457214355,-11.935993194580078
1761399365498450400,6.304450439453125,6.36146879196167,-17.6008243560791,-14.057480812072754
1761399365508505300,6.31450537109375,6.8827314376831055,-15.660622596740723,-13.430349349975586
1761399365518611500,6.324611572265625,6.622062683105469,-12.139275550842285,-11.070788383483887
1761399365528692000,6.33469189453125,7.236474514007568,-9.323695182800293,-8.48123550415039
1761399365538747400,6.344747314453125,7.720701694488525,-6.983886241912842,-6.407407283782959
1761399365548854000,6.35485400390625,7.031171798706055,-5.13159704208374,-4.702286720275879
1761399365558930000,6.364929931640625,5.233575344085693,-3.8663365840911865,-3.660360336303711
1761399365569015300,6.375015380859375,4.506112098693848,-2.8955624103546143,-2.855609178543091
1761399365579095000,6.385094970703125,4.337395668029785,-3.8569841384887695,-2.539649486541748
1761399365589175300,6.39517529296875,4.088174343109131,-8.46395206451416,-3.5662381649017334
1761399365599256300,6.40525634765625,4.535815238952637,-13.460725784301758,-4.623353004455566
1761399365609337000,6.415337158203125,5.0662055015563965,-16.237924575805664,-4.413336753845215
1761399365619413800,6.425413818359375,3.2944962978363037,-17.436372756958008,-3.540799856185913
1761399365629498600,6.43549853515625,-0.9677812457084656,-15.465794563293457,-2.9135189056396484
1761399365639556600,6.445556640625,-2.5514707565307617,-10.757596969604492,-2.4722378253936768
1761399365649660000,6.455659912109375,-0.5106383562088013,-6.946327209472656,-1.3055132627487183
1761399365659741200,6.4657412109375,0.20118775963783264,-5.234697341918945,-0.35157355666160583
1761399365669798100,6.475798095703125,-0.6586298942565918,-5.19481897354126,-0.12741641700267792
1761399365679897900,6.48589794921875,-0.9733926057815552,-6.567519664764404,0.2397942692041397
1761399365689982500,6.495982421875,-1.3699322938919067,-7.818490028381348,0.9053823351860046
1761399365700063000,6.50606298828125,-1.526827335357666,-8.259471893310547,1.00788414478302
1761399365710143700,6.516143798828125,-2.0177135467529297,-9.159317970275879,0.20260931551456451
1761399365720200000,6.526199951171875,-2.814084768295288,-11.124732971191406,-1.6447417736053467
1761399365730305300,6.53630517578125,-3.1577274799346924,-13.221230506896973,-3.706299066543579
1761399365740385800,6.5463857421875,-2.0177884101867676,-13.570634841918945,-4.375478267669678
1761399365750462500,6.55646240234375,-0.5365256667137146,-11.802441596984863,-4.2481369972229
1761399365760547600,6.566547607421875,-0.16811785101890564,-9.799991607666016,-3.797727584838867
1761399365770627600,6.576627685546875,-0.444722980260849,-8.612168312072754,-3.6413562297821045
1761399365780708900,6.586708984375,-0.20141221582889557,-8.21308422088623,-3.8219690322875977
1761399365790765300,6.596765380859375,0.07721300423145294,-8.289175033569336,-3.5975124835968018
1761399365800842000,6.606842041015625,0.541837751865387,-8.632518768310547,-3.0462474822998047
1761399365810924800,6.6169248046875,0.6499509215354919,-8.950722694396973,-2.503511905670166
1761399365821006000,6.627006103515625,0.3514239192008972,-9.035417556762695,-2.049436569213867
1761399365831086300,6.63708642578125,-0.12083236873149872,-9.012523651123047,-1.670479416847229
1761399365841155800,6.64715576171875,-0.45250412821769714,-8.943390846252441,-1.5589994192123413
1761399365851236400,6.657236328125,-0.5052513480186462,-8.650699615478516,-1.5706710815429688
1761399365861338000,6.667338134765625,-0.7588123083114624,-8.289698600769043,-1.8429367542266846
1761399365871418400,6.67741845703125,-1.0682628154754639,-7.993341445922852,-2.2665607929229736
1761399365881499400,6.68749951171875,-1.3786860704421997,-7.916128635406494,-2.938358783721924
1761399365891596000,6.697595947265625,-1.4381669759750366,-8.090307235717773,-3.6150200366973877
1761399365901677000,6.707677001953125,-1.3374608755111694,-8.334665298461914,-4.265644550323486
1761399365911757000,6.717757080078125,-1.0479869842529297,-8.367361068725586,-4.559906959533691
1761399365921838300,6.72783837890625,-0.40836101770401,-8.333318710327148,-4.952780246734619
1761399365931918600,6.737918701171875,0.0293289702385664,-8.267252922058105,-5.152920722961426
1761399365941995500,6.74799560546875,0.42190322279930115,-8.283713340759277,-5.241356372833252
1761399365952054500,6.758054443359375,0.7411550879478455,-8.474202156066895,-5.17514181137085
1761399365962161000,6.768160888671875,0.9372551441192627,-8.776021003723145,-5.089773654937744
1761399365972251400,6.77825146484375,0.8658031821250916,-8.781332969665527,-4.712686538696289
1761399365982322400,6.788322509765625,0.7813327312469482,-8.763152122497559,-4.437877178192139
1761399365992403000,6.79840283203125,0.5209633111953735,-8.687734603881836,-4.233247756958008
1761399366002463500,6.80846337890625,0.22550387680530548,-8.643292427062988,-4.028169631958008
1761399366012539000,6.818538818359375,-0.028805239126086235,-8.610896110534668,-3.8331170082092285
1761399366022644500,6.82864453125,-0.061052143573760986,-8.561290740966797,-3.21099853515625
1761399366032725800,6.838725830078125,-0.11671733111143112,-9.090484619140625,-3.0579192638397217
1761399366042805800,6.8488056640625,-0.45250412821769714,-9.263091087341309,-3.1302690505981445
1761399366052872400,6.85887255859375,-0.5195417404174805,-9.005714416503906,-3.3384149074554443
1761399366062967300,6.86896728515625,-0.25094226002693176,-9.013121604919434,-3.839326858520508
1761399366073044000,6.8790439453125,-0.18622399866580963,-9.334543228149414,-4.383558750152588
1761399366083128800,6.88912890625,-0.5633856058120728,-9.436447143554688,-4.5580363273620605
1761399366093209000,6.899208984375,-0.9480290412902832,-9.2817964553833,-4.394407749176025
1761399366103265000,6.90926513671875,-1.1931354999542236,-9.333795547485352,-4.128875732421875
1761399366113371400,6.919371337890625,-1.3644704818725586,-9.611223220825195,-4.268712043762207
1761399366123451600,6.92945166015625,-1.2757353782653809,-9.767370223999023,-4.525115966796875
1761399366133501400,6.93950146484375,-0.9923965930938721,-9.749039649963379,-4.755258560180664
1761399366143612200,6.949612060546875,-0.6130653023719788,-9.534309387207031,-4.862100124359131
1761399366153693200,6.959693115234375,-0.3256114423274994,-9.3543701171875,-4.832995414733887
1761399366163774000,6.96977392578125,-0.3751414716243744,-9.493009567260742,-4.885817527770996
1761399366173817300,6.9798173828125,-0.6838438510894775,-9.92082405090332,-5.110947132110596
1761399366183912000,6.989911865234375,-0.7101052403450012,-10.114829063415527,-5.334580898284912
1761399366194015700,7.000015625,-0.45340195298194885,-10.138022422790527,-5.715183734893799
1761399366204072000,7.010072021484375,-0.22004209458827972,-10.052056312561035,-6.216245651245117
1761399366214177500,7.020177490234375,-0.09285013377666473,-10.18575668334961,-6.655731201171875
1761399366224257800,7.0302578125,0.3660135865211487,-10.086023330688477,-5.975029468536377
1761399366234338800,7.0403388671875,1.6082301139831543,-11.385327339172363,-4.863147258758545
1761399366244419300,7.05041943359375,2.25473952293396,-11.5343656539917,-2.9328970909118652
1761399366254500400,7.060500244140625,2.592022657394409,-12.019415855407715,-1.6109236478805542
1761399366264581600,7.07058154296875,2.2234652042388916,-12.813467979431152,-0.17163433134555817
1761399366274661400,7.080661376953125,1.8291701078414917,-13.936573028564453,1.302520513534546
1761399366284742400,7.090742431640625,1.4767735004425049,-15.046211242675781,2.5048587322235107
1761399366294823700,7.10082373046875,1.0236709117889404,-15.475521087646484,3.120542526245117
1761399366304878600,7.110878662109375,0.8077437877655029,-14.968548774719238,2.6261398792266846
1761399366314958800,7.120958740234375,0.5834370255470276,-13.365705490112305,1.3680617809295654
1761399366325065500,7.1310654296875,0.1628057211637497,-11.592948913574219,-0.1594388633966446
1761399366335121000,7.141120849609375,0.5511152744293213,-10.875287055969238,-1.7334768772125244
1761399366345226800,7.151226806640625,1.2306196689605713,-11.056946754455566,-3.0118308067321777
1761399366355306500,7.161306396484375,1.2407201528549194,-11.262100219726562,-3.784559488296509
1761399366365387500,7.171387451171875,1.0540473461151123,-10.862343788146973,-4.421267509460449
1761399366375468000,7.181468017578125,0.9460089206695557,-10.044349670410156,-4.761842727661133
1761399366385548500,7.191548583984375,1.0432734489440918,-8.862212181091309,-4.945747375488281
1761399366395630600,7.201630615234375,1.6021698713302612,-8.0076322555542,-5.314903259277344
1761399366405709800,7.211709716796875,1.7070658206939697,-7.440580368041992,-5.050867557525635
1761399366415790800,7.221790771484375,1.4313585758209229,-7.1501336097717285,-4.106130599975586
1761399366425870800,7.231870849609375,0.9448118209838867,-7.097012519836426,-3.039064884185791
1761399366435926800,7.2419267578125,0.5451297760009766,-6.9689226150512695,-2.2041618824005127
1761399366446032400,7.252032470703125,0.4290110170841217,-6.779256820678711,-1.7674446105957031
1761399366456113700,7.26211376953125,0.7417536377906799,-6.7107977867126465,-1.3626748323440552
1761399366466194200,7.272194091796875,0.5660790801048279,-6.504597187042236,-1.1701661348342896
1761399366476275000,7.28227490234375,0.8062474131584167,-6.543877124786377,-1.113603115081787
1761399366486356000,7.29235595703125,1.4072668552398682,-6.68910026550293,-0.9671826958656311
1761399366496436500,7.3024365234375,1.6930747032165527,-6.6356048583984375,-0.621968686580658
1761399366506509600,7.312509521484375,2.1481974124908447,-6.605602264404297,-0.2240823209285736
1761399366516597500,7.322597412109375,2.2736685276031494,-6.2386908531188965,-0.08200141042470932
1761399366526679000,7.332678955078125,2.142885446548462,-5.674781799316406,-0.16422727704048157
1761399366536735000,7.34273486328125,1.9165585041046143,-5.2830305099487305,-0.3027168810367584
1761399366546839800,7.35283984375,1.7051953077316284,-5.0615668296813965,-0.6119430065155029
1761399366556919600,7.36291943359375,1.5869067907333374,-4.959439277648926,-0.7172878384590149
1761399366567000800,7.373000732421875,1.604264736175537,-4.913650035858154,-0.704718291759491
1761399366577081300,7.383081298828125,1.6080057621002197,-4.93153190612793,-0.7813327312469482
1761399366587137000,7.393136962890625,1.6406266689300537,-4.99093770980835,-0.8889222145080566
1761399366597243400,7.403243408203125,1.8252047300338745,-5.182249546051025,-1.0708067417144775
1761399366607323100,7.4133232421875,2.2242133617401123,-5.570035457611084,-1.4469208717346191
1761399366617404200,7.423404052734375,3.0587422847747803,-6.219836711883545,-2.194659948348999
1761399366627485200,7.433485107421875,4.6419830322265625,-7.216497898101807,-3.2988357543945312
1761399366637566200,7.443566162109375,6.589815616607666,-8.841412544250488,-4.645648956298828
1761399366647646200,7.453646240234375,7.0020670890808105,-10.95541763305664,-6.167089462280273
1761399366657727200,7.463727294921875,6.748132228851318,-13.273529052734375,-8.320000648498535
1761399366667780000,7.473780029296875,6.641739845275879,-15.260642051696777,-10.084752082824707
1761399366677888500,7.483888427734375,6.87173318862915,-15.073369979858398,-10.508076667785645
1761399366687953200,7.493953125,7.018003940582275,-12.888586044311523,-9.46031379699707
1761399366698045400,7.50404541015625,6.887070655822754,-10.889352798461914,-7.842956066131592
1761399366708105700,7.514105712890625,7.046210289001465,-9.2933931350708,-6.372990608215332
1761399366718200000,7.524199951171875,7.3331403732299805,-7.892486095428467,-5.267094135284424
1761399366728291300,7.534291259765625,6.489034652709961,-6.462623596191406,-4.2922797203063965
1761399366738347000,7.544346923828125,5.010315895080566,-4.873846530914307,-3.7655556201934814
1761399366748452900,7.554452880859375,4.141445159912109,-3.53900408744812,-3.9176621437072754
1761399366758534000,7.564533935546875,4.1156325340271,-2.229749917984009,-4.382511615753174
1761399366768610000,7.574610107421875,4.7538371086120605,-1.5243582725524902,-4.674005508422852
1761399366778671900,7.584671875,5.612008571624756,-2.665494680404663,-4.629862308502197
1761399366788776000,7.59477587890625,4.63861608505249,-7.095366477966309,-3.2000749111175537
1761399366798856000,7.60485595703125,3.318887233734131,-12.647520065307617,-2.717344045639038
1761399366808937000,7.61493701171875,4.492569923400879,-17.313369750976562,-1.6447417736053467
1761399366819017200,7.625017333984375,4.019789695739746,-20.047773361206055,-0.5606172680854797
1761399366829073200,7.6350732421875,1.6234183311462402,-19.25858497619629,-1.000252604484558
1761399366839155500,7.645155517578125,1.540818452835083,-15.695637702941895,-2.351330518722534
1761399366849259500,7.655259521484375,0.3859153985977173,-11.011457443237305,-4.211101531982422
1761399366859340000,7.665340087890625,-1.8395699262619019,-7.84535026550293,-3.4059016704559326
1761399366869420500,7.675420654296875,-3.423109769821167,-6.054562091827393,-2.32297420501709
1761399366879456500,7.68545654296875,-2.604367733001709,-5.5318779945373535,-1.5951368808746338
1761399366889582600,7.69558251953125,-1.0791864395141602,-5.643357753753662,-0.3164835274219513
1761399366899658500,7.705658447265625,-0.2098667472600937,-5.558513164520264,1.113079309463501
1761399366909718300,7.71571826171875,-0.7560440301895142,-6.08276891708374,1.8533365726470947
1761399366919821600,7.725821533203125,-1.2588263750076294,-8.182259559631348,1.3434463739395142
1761399366929905200,7.7359052734375,-1.9309237003326416,-11.288137435913086,-1.4235773086547852
1761399366939985400,7.7459853515625,-2.386869430541992,-14.214225769042969,-4.509404182434082
1761399366950066700,7.756066650390625,-1.8365023136138916,-15.261988639831543,-6.120701789855957
1761399366960121600,7.76612158203125,-1.368959665298462,-12.7022123336792,-6.476016521453857
1761399366970202400,7.776202392578125,-0.9568576812744141,-10.153360366821289,-5.886743545532227
1761399366980308200,7.78630810546875,-0.8913912177085876,-8.663867950439453,-4.992958068847656
1761399366990389200,7.79638916015625,-0.6631190776824951,-8.224157333374023,-3.8860137462615967
1761399367000469200,7.80646923828125,-0.4777180552482605,-8.197671890258789,-2.5515456199645996
1761399367010550300,7.81655029296875,0.23702596127986908,-8.65511417388916,-1.5762825012207031
1761399367020620500,7.82662060546875,0.4034229815006256,-9.221492767333984,-1.05105459690094
1761399367030707700,7.836707763671875,0.10878653824329376,-9.31621265411377,-0.9608978629112244
1761399367040792600,7.84679248046875,0.05312135070562363,-9.392528533935547,-1.4963760375976562
1761399367050837000,7.8568369140625,-0.08372224122285843,-9.38325023651123,-2.5184009075164795
1761399367060954400,7.866954345703125,-0.527996301651001,-9.05718994140625,-3.2893338203430176
1761399367071011300,7.87701123046875,-0.8149263858795166,-8.679130554199219,-3.9671173095703125
1761399367081115400,7.887115478515625,-0.8123077750205994,-8.352322578430176,-4.442441463470459
1761399367091191800,7.89719189453125,-0.7669675350189209,-8.152780532836914,-4.555492401123047
1761399367101276200,7.907276123046875,-0.7119008898735046,-8.298452377319336,-4.4915971755981445
1761399367111357700,7.917357666015625,-0.7050924301147461,-8.748862266540527,-4.416927814483643
1761399367121430000,7.927429931640625,-0.759635329246521,-8.970475196838379,-4.390142917633057
1761399367131518500,7.9375185546875,-0.6846668720245361,-8.86363410949707,-4.3832597732543945
1761399367141599500,7.947599609375,-0.5031564235687256,-8.517671585083008,-4.370241165161133
1761399367151680500,7.957680419921875,-0.27226561307907104,-8.234482765197754,-4.547486782073975
1761399367161756200,7.967756103515625,-0.17724575102329254,-8.02499008178711,-4.761767864227295
1761399367171841000,7.977841064453125,-0.21525369584560394,-7.86502742767334,-4.8555908203125
1761399367181921300,7.98792138671875,-0.08506897836923599,-7.980772018432617,-4.890605926513672
1761399367192002300,7.998002197265625,-0.1982698291540146,-8.047735214233398,-4.620360374450684
1761399367202082800,8.008082763671876,-0.3357867896556854,-8.287528991699219,-4.304924488067627
1761399367212163300,8.018163330078124,-0.6192752122879028,-8.468216896057129,-3.849128246307373
1761399367222240500,8.028240478515626,-0.8647557497024536,-8.223334312438965,-3.277362823486328
1761399367232324900,8.038324951171875,-0.8680477738380432,-8.149114608764648,-3.16550874710083
1761399367242405600,8.048405517578125,-0.5309890508651733,-8.127266883850098,-3.077521800994873
1761399367252486000,8.05848583984375,-0.13774141669273376,-8.079158782958984,-2.970905065536499
1761399367262558500,8.068558349609376,-0.041524436324834824,-8.029029846191406,-2.839672803878784
1761399367272648000,8.07864794921875,-0.25408464670181274,-8.033893585205078,-2.6663177013397217
1761399367282724600,8.088724609375,-0.46993690729141235,-8.276006698608398,-2.5888803005218506
1761399367292783000,8.098783203125,-0.6457610726356506,-8.84754753112793,-2.7636568546295166
1761399367302889500,8.108889404296875,-0.6460603475570679,-9.194258689880371,-2.8035354614257812
1761399367312970200,8.11897021484375,-0.6628198027610779,-9.332523345947266,-2.8838160037994385
1761399367323051300,8.12905126953125,-0.6378303170204163,-9.549946784973145,-3.2368857860565186
1761399367333131300,8.13913134765625,-0.7426514625549316,-9.740509986877441,-3.6697874069213867
1761399367343187500,8.1491875,-0.6754641532897949,-9.479766845703125,-3.68430233001709
1761399367353289200,8.159289306640625,-0.3702782690525055,-9.37629222869873,-3.8605005741119385
1761399367363373600,8.16937353515625,-0.06711246818304062,-9.783157348632812,-4.148403167724609
1761399367373454000,8.1794541015625,-0.18577508628368378,-9.908029556274414,-4.125209331512451
1761399367383525400,8.189525390625,-0.4240729808807373,-9.753902435302734,-3.8708255290985107
1761399367393590500,8.199590576171875,-0.773626446723938,-9.75749397277832,-3.7502176761627197
1761399367403697200,8.209697265625,-1.0972177982330322,-9.90241813659668,-3.870601177215576
1761399367413773600,8.219773681640625,-1.2091466188430786,-10.045696258544922,-4.054954528808594
1761399367423857400,8.229857421875,-1.0362404584884644,-10.084153175354004,-4.3704657554626465
1761399367433920000,8.239919921875,-0.5933130979537964,-10.103680610656738,-4.243273735046387
1761399367444019700,8.250019775390625,-0.1800888627767563,-10.077195167541504,-4.141220569610596
1761399367454099500,8.260099365234375,-0.2535609304904938,-10.332326889038086,-4.366275787353516
1761399367464180500,8.270180419921875,-0.6955904364585876,-10.689661979675293,-4.796334266662598
1761399367474240300,8.280240234375,-0.3703530728816986,-10.75729751586914,-5.358298301696777
1761399367484337700,8.290337646484375,0.2941127121448517,-10.83091926574707,-5.921235084533691
1761399367494422300,8.30042236328125,-0.1314566433429718,-10.822091102600098,-5.780575752258301
1761399367504502800,8.310502685546876,-0.025438392534852028,-10.725350379943848,-5.387402534484863
1761399367514558500,8.320558349609374,0.8046762347221375,-10.634819030761719,-4.473715305328369
1761399367524663800,8.330663818359374,1.8302175998687744,-10.684873580932617,-2.6105775833129883
1761399367534745600,8.34074560546875,2.234239101409912,-11.373805046081543,-1.0864437818527222
1761399367544825900,8.350825927734375,1.7348235845565796,-12.803741455078125,-0.13078327476978302
1761399367554906400,8.36090625,1.4856770038604736,-14.403292655944824,0.7835773229598999
1761399367564961500,8.37096142578125,1.0935516357421875,-15.290419578552246,1.6109236478805542
1761399367575072300,8.381072265625,0.6985083222389221,-15.506196975708008,1.7197102308273315
1761399367585148400,8.3911484375,0.460659384727478,-14.584354400634766,0.8972271084785461
1761399367595203300,8.401203369140624,0.05514145642518997,-12.640636444091797,-0.508917510509491
1761399367605310500,8.411310546875,0.04085106775164604,-11.060463905334473,-2.3579893112182617
1761399367615390000,8.421389892578125,0.7618798613548279,-10.402582168579102,-4.413486480712891
1761399367625470700,8.431470703125,1.2648118734359741,-10.133309364318848,-5.798681735992432
1761399367635552300,8.44155224609375,1.5698481798171997,-9.9232177734375,-6.206668853759766
1761399367645632000,8.451632080078125,1.0919804573059082,-9.452607154846191,-6.271835803985596
1761399367655713000,8.461713134765626,0.9409212470054626,-9.195755004882812,-5.121870994567871
1761399367665793500,8.47179345703125,1.5156044960021973,-8.945111274719238,-4.4755859375
1761399367675874800,8.481874755859375,1.6513258218765259,-8.620248794555664,-3.960308790206909
1761399367685955600,8.49195556640625,1.4829087257385254,-8.338480949401855,-3.240626811981201
1761399367696022500,8.5020224609375,1.123254656791687,-7.962291717529297,-2.213289737701416
1761399367706116600,8.51211669921875,0.8122329115867615,-7.570765018463135,-1.4611364603042603
1761399367716197400,8.522197265625,0.596605122089386,-7.402721881866455,-0.9729437232017517
1761399367726252300,8.532252197265626,0.56368488073349,-7.486968040466309,-0.8490437865257263
1761399367736359200,8.542359130859374,0.7991396188735962,-7.687632083892822,-0.9803507924079895
1761399367746438700,8.552438720703124,1.161711573600769,-7.836670875549316,-1.1667991876602173
1761399367756520200,8.562520263671875,1.6190041303634644,-7.727210998535156,-1.1097124814987183
1761399367766575400,8.572575439453125,2.060135841369629,-7.32505989074707,-0.6245125532150269
1761399367776681000,8.582680908203125,2.410212993621826,-6.836942195892334,-0.229020357131958
1761399367786762500,8.592762451171875,2.59853196144104,-6.203526020050049,-0.424970805644989
1761399367796842200,8.60284228515625,2.690708637237549,-5.720795154571533,-0.8338555693626404
1761399367806923800,8.612923828125,2.56770658493042,-5.368772983551025,-1.2969839572906494
1761399367817003500,8.62300341796875,2.2679076194763184,-5.073014259338379,-1.7152959108352661
1761399367827062800,8.633062744140625,1.9650410413742065,-4.879532814025879,-2.1471500396728516
1761399367837165800,8.643165771484375,1.7464953660964966,-4.799401760101318,-2.398167133331299
1761399367847245600,8.65324560546875,1.7877953052520752,-4.822969913482666,-2.5329906940460205
1761399367857326000,8.663326171875,1.96451735496521,-4.981959819793701,-2.6117746829986572
1761399367867408100,8.673408203125,2.3284358978271484,-5.341464042663574,-2.61125111579895
1761399367877487900,8.68348779296875,2.7322330474853516,-5.734711647033691,-2.6412534713745117
1761399367887568400,8.693568359375,3.1260793209075928,-6.183773994445801,-2.928407907485962
1761399367897628400,8.70362841796875,3.8091750144958496,-6.648548603057861,-3.500622272491455
1761399367907704300,8.713704345703125,4.83209753036499,-7.112574577331543,-4.335525035858154
1761399367917811500,8.7238115234375,6.074463844299316,-7.510161876678467,-5.365031719207764
1761399367927891000,8.733890869140625,7.06528902053833,-8.046388626098633,-6.4636712074279785
1761399367937973500,8.743973388671876,7.060800075531006,-8.678008079528809,-7.08758544921875
1761399367948048400,8.75404833984375,7.147140979766846,-9.468469619750977,-7.339350700378418
1761399367958129700,8.764129638671875,7.455993175506592,-10.364424705505371,-7.443423271179199
1761399367968211500,8.77421142578125,7.454795837402344,-10.889352798461914,-7.440804958343506
1761399367978294000,8.7842939453125,7.154996871948242,-10.634520530700684,-6.748955249786377
1761399367988332300,8.794332275390625,6.571709632873535,-9.942147254943848,-5.613056182861328
1761399367998455800,8.804455810546875,6.0662336349487305,-9.499669075012207,-4.4077253341674805
1761399368008536300,8.814536376953125,5.72857666015625,-9.015142440795898,-3.3854012489318848
1761399368018617900,8.824617919921875,5.319317817687988,-7.945906639099121,-2.6256911754608154
1761399368028675000,8.834675048828124,5.357923984527588,-6.862305641174316,-2.3877673149108887
1761399368038778600,8.844778564453126,5.1891326904296875,-7.132551193237305,-2.5433156490325928
1761399368048855000,8.85485498046875,5.533374309539795,-9.820491790771484,-3.492541790008545
1761399368058914000,8.8649140625,6.898592948913574,-13.59480094909668,-3.744082450866699
1761399368069020700,8.875020751953125,6.7195515632629395,-16.357410430908203,-3.0120553970336914
1761399368079054300,8.885054443359374,4.9601874351501465,-16.970624923706055,-2.812887668609619
1761399368089181700,8.895181640625,3.4596214294433594,-15.75669002532959,-3.7981765270233154
1761399368099262500,8.905262451171875,0.9973346590995789,-11.483938217163086,-4.337021350860596
1761399368109317600,8.915317626953126,-2.194585084915161,-6.150404930114746,-3.67966365814209
1761399368119420000,8.925419921875,-2.555436134338379,-2.8343605995178223,-2.004096508026123
1761399368129504300,8.935504150390624,-1.7647510766983032,-1.8252794742584229,-0.9961375594139099
1761399368139585000,8.9455849609375,-1.6826748847961426,-2.6529998779296875,-0.3875614106655121
1761399368149665800,8.955665771484375,-1.7872716188430786,-4.492868900299072,0.15741875767707825
1761399368159746300,8.965746337890625,-1.6578350067138672,-6.6127848625183105,0.4008791446685791
1761399368169826800,8.975826904296875,-1.4254478216171265,-9.326987266540527,-0.16400282084941864
1761399368179904000,8.985904052734375,-1.7093851566314697,-12.468254089355469,-2.395847797393799
1761399368189988600,8.995988525390626,-2.5299978256225586,-14.685210227966309,-5.309591293334961
1761399368200069400,9.0060693359375,-1.8503438234329224,-15.367183685302734,-7.6146087646484375
1761399368210150400,9.016150390625,-0.6006453633308411,-13.46955394744873,-7.756989002227783
1761399368220231000,9.02623095703125,-0.40723875164985657,-9.692102432250977,-5.946673393249512
1761399368230285800,9.036285888671875,-0.6052840948104858,-7.901015281677246,-4.234220504760742
1761399368240388000,9.04638818359375,-0.5252280235290527,-7.585429668426514,-2.960505247116089
1761399368250472400,9.056472412109375,0.019003976136446,-7.855525493621826,-1.9666870832443237
1761399368260553000,9.066552978515626,0.3965396583080292,-8.405742645263672,-1.576357364654541
1761399368270634200,9.07663427734375,0.4810100793838501,-8.931718826293945,-1.807472586631775
1761399368280714500,9.086714599609374,0.2793734073638916,-9.276259422302246,-2.211494207382202
1761399368290795000,9.096794921875,0.3503764569759369,-9.453056335449219,-2.390535593032837
1761399368300875800,9.106875732421875,0.34020110964775085,-9.482160568237305,-2.633397340774536
1761399368310953000,9.116952880859374,0.18053777515888214,-9.276634216308594,-2.9613282680511475
1761399368321037000,9.127037109375,0.053270988166332245,-8.907552719116211,-3.134010076522827
1761399368331118600,9.13711865234375,-0.1982698291540146,-8.372822761535645,-2.9899089336395264
1761399368341177000,9.147177001953125,-0.5930138230323792,-7.926079750061035,-2.7169699668884277
1761399368351279000,9.157279052734374,-0.8913912177085876,-7.751976013183594,-2.8501474857330322
1761399368361328400,9.167328369140625,-1.0785130262374878,-7.747337341308594,-3.2589573860168457
1761399368371437600,9.1774375,-1.060032844543457,-7.773449420928955,-3.654374837875366
1761399368381495800,9.187495849609375,-0.9189993739128113,-7.866972923278809,-4.123488903045654
1761399368391601700,9.1976015625,-0.5232827067375183,-8.031798362731934,-4.572850227355957
1761399368401682700,9.2076826171875,0.032770637422800064,-8.05506706237793,-4.952780246734619
1761399368411739000,9.21773876953125,0.46245503425598145,-8.160262107849121,-5.1844940185546875
1761399368421844000,9.227843994140626,0.680701494216919,-8.462230682373047,-5.192200660705566
1761399368431924000,9.237924072265624,0.9755623936653137,-8.9157075881958,-4.859556198120117
1761399368442001000,9.2480009765625,1.264886736869812,-9.088912963867188,-4.419771194458008
1761399368452085800,9.258085693359375,1.280074954032898,-8.837372779846191,-4.078896522521973
1761399368462166500,9.26816650390625,0.8500912189483643,-8.350750923156738,-3.945195436477661
1761399368472247300,9.278247314453125,0.342894583940506,-8.024914741516113,-4.033107757568359
1761399368482327800,9.288327880859375,-0.09703999012708664,-8.024914741516113,-4.177882194519043
1761399368492409600,9.29840966796875,-0.48572367429733276,-8.201711654663086,-4.261903285980225
1761399368502485000,9.308485107421875,-0.814253032207489,-8.395792007446289,-4.239981651306152
1761399368512571000,9.31857080078125,-0.926032304763794,-8.587403297424316,-4.084732532501221
1761399368522651000,9.32865087890625,-0.8284686207771301,-8.518794059753418,-3.514538526535034
1761399368532731600,9.338731689453125,-0.3547159433364868,-9.640477180480957,-3.968090057373047
1761399368542790400,9.348790283203124,-0.35733461380004883,-9.476998329162598,-3.4792988300323486
1761399368552892400,9.358892333984375,0.007407061289995909,-9.711405754089355,-3.3936312198638916
1761399368562969000,9.368968994140625,0.15001170337200165,-10.246359825134277,-3.82458758354187
1761399368573054700,9.3790546875,-0.019527707248926163,-10.037016868591309,-3.7143795490264893
1761399368583134500,9.389134521484374,-0.2967313826084137,-9.75173282623291,-3.5271828174591064
1761399368593215200,9.39921533203125,-0.6255599856376648,-9.504905700683594,-3.418321371078491
1761399368603271200,9.409271240234375,-0.7579144835472107,-9.419387817382812,-3.18361496925354
1761399368613376300,9.419376220703125,-0.5208137035369873,-9.657910346984863,-3.054253101348877
1761399368623457000,9.42945703125,0.4082113802433014,-9.792584419250488,-2.738293409347534
1761399368633501400,9.43950146484375,1.2072762250900269,-9.569025993347168,-2.962076425552368
1761399368643618600,9.44961865234375,0.5768529772758484,-9.083301544189453,-4.215291500091553
1761399368653699800,9.459699951171874,-0.256329208612442,-8.592116355895996,-5.484891414642334
1761399368663780400,9.4697802734375,-0.6902034878730774,-8.005013465881348,-6.122647285461426
1761399368673860900,9.47986083984375,-0.5351788997650146,-7.985635280609131,-6.696133136749268
1761399368683941400,9.48994140625,-0.23193828761577606,-8.329203605651855,-7.112051010131836
1761399368694017500,9.500017578125,-0.44584524631500244,-8.63438892364502,-7.161730766296387
1761399368704103200,9.510103271484375,-1.0404303073883057,-9.139117240905762,-7.343016624450684
1761399368714177300,9.52017724609375,-2.0459201335906982,-9.452383041381836,-7.488987922668457
1761399368724282000,9.5302822265625,-2.4016835689544678,-9.44071102142334,-7.598148822784424
1761399368734345200,9.54034521484375,-1.5952117443084717,-10.003124237060547,-7.727360725402832
1761399368744401000,9.55040087890625,-1.1437550783157349,-10.411784172058105,-7.439158916473389
1761399368764582700,9.570582763671876,0.5160253047943115,-11.421463966369629,-5.646500110626221
1761399368774667300,9.580667236328125,1.1283423900604248,-12.129100799560547,-4.176759719848633
1761399368784747800,9.590747802734375,1.3476362228393555,-12.49279499053955,-3.067570924758911
1761399368794828300,9.600828369140626,1.2171522378921509,-12.724209785461426,-2.4089410305023193
1761399368804909300,9.610909423828126,0.7817816734313965,-12.924200057983398,-1.8081459999084473
1761399368814989800,9.62098974609375,0.03628711774945259,-13.025803565979004,-1.3297545909881592
1761399368825071000,9.631071044921875,-0.830862820148468,-12.588936805725098,-1.0194810628890991
1761399368835151400,9.6411513671875,-1.2602479457855225,-11.635371208190918,-0.8717138767242432
1761399368845206500,9.65120654296875,-1.6929998397827148,-10.427421569824219,-1.0592845678329468
1761399368855313000,9.66131298828125,-2.159644842147827,-9.202338218688965,-1.7625066041946411
1761399368865393700,9.6713935546875,-1.8089690208435059,-8.752303123474121,-3.2282817363739014
1761399368875448600,9.681448486328126,-0.400130957365036,-9.19089126586914,-4.924424171447754
1761399368885529900,9.69152978515625,0.7126491069793701,-9.793033599853516,-6.159308433532715
1761399368895626800,9.701626708984374,0.5871779918670654,-9.643619537353516,-6.508936405181885
1761399368905716700,9.711716796875,0.05776011571288109,-9.263465881347656,-6.748880386352539
1761399368915796500,9.72179638671875,-0.1851765364408493,-8.915483474731445,-7.224653244018555
1761399368925853000,9.73185302734375,-0.13542203605175018,-8.464550018310547,-7.705214500427246
1761399368935937300,9.741937255859375,-0.07205050438642502,-8.659153938293457,-7.188141822814941
1761399368946038300,9.752038330078125,-0.21465514600276947,-8.901268005371094,-6.545148849487305
1761399368956119300,9.762119384765626,-0.44584524631500244,-9.230171203613281,-5.4252610206604
1761399368966199800,9.77219970703125,-1.0357166528701782,-9.146523475646973,-4.938265323638916
1761399368976280600,9.782280517578124,-1.1593921184539795,-8.980650901794434,-4.598812580108643
1761399368986361000,9.792361083984375,-0.7013514637947083,-8.840439796447754,-4.083759784698486
1761399368996416000,9.802416015625,-0.13819032907485962,-8.670750617980957,-3.6193594932556152
1761399369006523100,9.812523193359375,0.2917185127735138,-8.653168678283691,-3.380612850189209
1761399369016604000,9.82260400390625,0.8029553890228271,-8.457367897033691,-3.398195266723633
1761399369026658800,9.832658935546876,0.9225906729698181,-8.631396293640137,-3.220949411392212
1761399369036765000,9.842764892578124,0.8405892252922058,-8.665962219238281,-3.320533275604248
1761399369046819800,9.85281982421875,0.5769277811050415,-8.609623908996582,-3.4769046306610107
1761399369056900900,9.86290087890625,0.29366379976272583,-8.471134185791016,-3.9524528980255127
1761399369066981600,9.872981689453125,0.33346739411354065,-8.262539863586426,-3.918560028076172
1761399369077067800,9.88306787109375,0.35598787665367126,-7.8285908699035645,-3.541922092437744
1761399369087142700,9.893142578125,0.34603697061538696,-7.25061559677124,-3.314248561859131
1761399369097223400,9.903223388671876,0.3924994468688965,-6.759130477905273,-2.9299042224884033
1761399369107293000,9.91329296875,0.45587095618247986,-6.331840515136719,-2.5745151042938232
1761399369117394000,9.923393798828124,0.6345382928848267,-6.033463001251221,-2.305466651916504
1761399369127474400,9.933474365234375,0.6476315855979919,-5.906270980834961,-2.1266496181488037
1761399369137555200,9.94355517578125,0.579995334148407,-6.087557315826416,-2.040907382965088
1761399369147652000,9.953652099609375,0.6554127335548401,-6.304831027984619,-2.149319648742676
1761399369157732900,9.96373291015625,0.8748562932014465,-6.517166614532471,-2.4116344451904297
1761399369167814100,9.973814208984376,1.1673977375030518,-6.730400085449219,-2.658536434173584
1761399369177870000,9.9838701171875,1.496001958847046,-6.752247333526611,-2.8458080291748047
1761399369187950000,9.9939501953125,1.8272995948791504,-6.693963527679443,-3.0696659088134766
1761399369198052000,10.004052001953125,2.2335658073425293,-6.583456039428711,-3.301304817199707
1761399369208132900,10.0141328125,2.755202531814575,-6.538639545440674,-3.746027946472168
1761399369218214700,10.024214599609374,2.8372786045074463,-6.683189392089844,-4.603675842285156
1761399369228297200,10.034297119140625,2.401459217071533,-7.177143096923828,-5.664007663726807
1761399369238379000,10.04437890625,1.6394295692443848,-8.103849411010742,-6.741997241973877
1761399369248412400,10.054412353515625,1.2489502429962158,-9.139491081237793,-8.102203369140625
1761399369258540300,10.064540283203126,1.3781623840332031,-11.336320877075195,-7.75556755065918
1761399369268617000,10.074616943359375,2.0025253295898438,-13.085958480834961,-6.88490104675293
1761399369278680000,10.08468017578125,2.135852336883545,-13.555071830749512,-4.692784786224365
1761399369288782300,10.0947822265625,2.7528083324432373,-12.92569637298584,-2.0866215229034424
1761399369298862800,10.10486279296875,3.095104217529297,-11.831247329711914,0.02356792241334915
1761399369308943000,10.114943115234375,3.3056442737579346,-10.692954063415527,1.1899182796478271
1761399369319023600,10.125023681640625,3.2713773250579834,-9.865307807922363,1.388113260269165
1761399369329079000,10.1350791015625,3.237783670425415,-9.834033966064453,1.2859855890274048
1761399369339185000,10.145184814453126,1.6432453393936157,-10.622624397277832,0.5715408325195312
1761399369349265400,10.155265380859374,0.7984662652015686,-11.67263126373291,-1.8017115592956543
1761399369359346000,10.165345947265624,0.6797288060188293,-13.258490562438965,-4.2416276931762695
1761399369369427200,10.17542724609375,0.6602011322975159,-14.15369701385498,-6.062343120574951
1761399369379462100,10.185462158203125,0.25737667083740234,-13.54422378540039,-8.518943786621094
1761399369389588700,10.195588623046875,-0.43110594153404236,-11.312976837158203,-10.068591117858887
1761399369399665200,10.2056650390625,-0.40372225642204285,-8.014216423034668,-9.308207511901855
1761399369409750000,10.21575,-0.5212625861167908,-5.257292747497559,-7.532083511352539
1761399369419831000,10.2258310546875,-0.704867959022522,-3.713257312774658,-5.653982162475586
1761399369429911000,10.2359111328125,-1.2095208168029785,-3.3821091651916504,-4.391040802001953
1761399369439991600,10.245991455078125,-1.4858266115188599,-4.239682197570801,-3.8983588218688965
1761399369450072600,10.256072509765625,-1.524283528327942,-5.985803604125977,-4.0854058265686035
1761399369460149000,10.26614892578125,-1.2957119941711426,-8.089858055114746,-4.337769985198975
1761399369470234000,10.276234130859375,-0.6518214344978333,-10.081384658813477,-4.5703816413879395
1761399369480292000,10.2862919921875,0.24742577970027924,-11.6151704788208,-4.364180564880371
1761399369490361000,10.296361083984374,0.9368810653686523,-12.310985565185547,-4.098574161529541
1761399369500476000,10.306475830078124,1.3367875814437866,-11.744157791137695,-4.000710964202881
1761399369510531000,10.316531005859375,1.3884124755859375,-10.348038673400879,-3.2831239700317383
1761399369520613400,10.32661328125,0.9178022742271423,-9.177947998046875,-2.6880898475646973
1761399369530717400,10.336717529296875,0.33114802837371826,-8.416815757751465,-2.47792387008667
1761399369540798200,10.346798095703125,-0.08716390281915665,-7.9771809577941895,-2.769717216491699
1761399369550878700,10.356878662109375,-0.20807109773159027,-7.753771781921387,-3.1163527965545654
1761399369560959700,10.366959716796876,-0.07549217343330383,-7.733870029449463,-3.3720085620880127
1761399369571040300,10.377040283203126,0.22707507014274597,-8.043620109558105,-3.6972460746765137
1761399369581120800,10.387120849609374,0.3345896899700165,-8.60887622833252,-3.5574843883514404
1761399369591197400,10.397197509765626,0.2454056739807129,-9.084349632263184,-3.3640029430389404
1761399369601282800,10.40728271484375,-0.04369417950510979,-9.351602554321289,-3.3540520668029785
1761399369611350800,10.417350830078124,-0.5033808946609497,-9.382951736450195,-3.4142813682556152
1761399369621444400,10.4274443359375,-1.1281927824020386,-9.171813011169434,-3.549553632736206
1761399369631524000,10.437524169921875,-1.8368016481399536,-8.816573143005371,-3.670760154724121
1761399369641580500,10.44758056640625,-2.0429275035858154,-8.444199562072754,-4.114360809326172
1761399369651681800,10.457681884765625,-1.859022855758667,-8.206500053405762,-4.5049147605896
1761399369661766000,10.467765869140624,-1.636062741279602,-8.316633224487305,-4.640336990356445
1761399369671847700,10.47784765625,-1.4446014165878296,-8.809465408325195,-4.439897537231445
1761399369681927400,10.487927490234375,-1.120935320854187,-9.369633674621582,-3.8989574909210205
1761399369692008200,10.49800830078125,-0.7629273533821106,-9.703924179077148,-3.2787845134735107
1761399369702089000,10.5080888671875,-0.46484923362731934,-9.839719772338867,-2.7207109928131104
1761399369712169500,10.51816943359375,-0.43357497453689575,-9.785850524902344,-2.2900538444519043
1761399369722246100,10.52824609375,-0.5374982953071594,-9.730259895324707,-1.8615666627883911
1761399369732331000,10.5383310546875,-0.5639841556549072,-9.67998218536377,-1.638756275177002
1761399369742411500,10.54841162109375,-0.5390694737434387,-9.541417121887207,-1.8248306512832642
1761399369752492300,10.5584921875,-0.5497685670852661,-9.417367935180664,-2.244115114212036
1761399369762572800,10.56857275390625,-0.5991489887237549,-9.337387084960938,-2.7114334106445312
1761399369772653600,10.578653564453125,-0.6414216160774231,-9.249324798583984,-3.132962465286255
1761399369782731500,10.5887314453125,-0.7068132162094116,-9.026514053344727,-3.7404911518096924
1761399369792815400,10.5988154296875,-0.8078934550285339,-8.850615501403809,-3.850998640060425
1761399369802896100,10.608896240234374,-0.69858318567276,-8.835577011108398,-3.863044500350952
1761399369812952000,10.6189521484375,-0.4908113479614258,-8.865130424499512,-3.891101598739624
1761399369823057400,10.629057373046875,-0.24922142922878265,-8.898125648498535,-3.6459202766418457
1761399369833112600,10.639112548828125,-0.04953004792332649,-8.921468734741211,-3.4524388313293457
1761399369843193900,10.64919384765625,-0.07055412977933884,-9.026289939880371,-3.640982151031494
1761399369853299700,10.6592998046875,-0.22662615776062012,-9.03975772857666,-3.6845266819000244
1761399369863379500,10.66937939453125,-0.38075289130210876,-8.976909637451172,-3.639336109161377
1761399369873460700,10.679460693359376,-0.5131073594093323,-8.895956039428711,-3.4955344200134277
1761399369883521000,10.68952099609375,-0.6842179298400879,-8.893561363220215,-3.270404815673828
1761399369893596700,10.6995966796875,-0.9288754463195801,-8.922740936279297,-3.0894927978515625
1761399369903703600,10.70970361328125,-1.1494412422180176,-8.894608497619629,-2.9724762439727783
1761399369913779000,10.719779052734374,-1.2526164054870605,-8.869769096374512,-3.155632734298706
1761399369923864600,10.729864501953125,-1.365368366241455,-9.028983116149902,-3.571625232696533
1761399369933919200,10.739919189453126,-1.413551688194275,-9.144728660583496,-4.123787879943848
1761399369944025900,10.75002587890625,-1.394248366355896,-9.189918518066406,-4.808380126953125
1761399369954105600,10.760105712890624,-1.3313257694244385,-9.166500091552734,-4.894870758056641
1761399369964187000,10.770186767578124,-1.2324153184890747,-9.29227066040039,-5.092466831207275
1761399369974270500,10.7802705078125,-1.2176011800765991,-9.399860382080078,-5.373187065124512
1761399369984347600,10.79034765625,-1.0193313360214233,-9.600000381469727,-5.1903300285339355
1761399369994450000,10.800449951171874,-0.5975029468536377,-9.785177230834961,-4.635473728179932
1761399370004509200,10.81050927734375,-0.21009120345115662,-9.997138977050781,-4.6815619468688965
1761399370014564400,10.820564453125,0.09232640266418457,-9.907281875610352,-4.285246849060059
1761399370024645400,10.830645263671874,0.3470844328403473,-9.75704574584961,-4.378545761108398
1761399370034751500,10.84075146484375,0.5732616782188416,-9.761235237121582,-4.801721096038818
1761399370044827600,10.85082763671875,0.6625205278396606,-10.305018424987793,-5.280336856842041
1761399370054912300,10.860912353515625,0.7336731553077698,-10.96664047241211,-5.580285549163818
1761399370064969700,10.8709697265625,0.8563011884689331,-11.386598587036133,-5.419051170349121
1761399370075073800,10.88107373046875,1.0016741752624512,-11.566088676452637,-5.297770023345947
1761399370085154300,10.891154296875,1.1552022695541382,-11.444284439086914,-5.237390995025635
1761399370095235800,10.90123583984375,1.284713625907898,-11.14770221710205,-5.048398971557617
1761399370105316000,10.911316162109374,1.4453496932983398,-10.65202808380127,-4.685452938079834
1761399370115393500,10.9213935546875,1.7151461839675903,-10.217854499816895,-4.304998874664307
1761399370125477400,10.931477294921875,2.282197952270508,-9.75854206085205,-3.6052188873291016
1761399370135550500,10.941550537109375,2.4893712997436523,-9.745223999023438,-3.1881039142608643
1761399370145638400,10.951638427734375,1.9885340929031372,-9.750685691833496,-2.5348610877990723
1761399370155693600,10.961693603515625,1.6444424390792847,-9.658658981323242,-1.780089020729065
1761399370165800200,10.97180029296875,1.7375918626785278,-10.101960182189941,-1.7713351249694824
1761399370175880400,10.98188037109375,1.7550995349884033,-10.694001197814941,-2.046743154525757
1761399370185961000,10.9919609375,1.7561469078063965,-10.984971046447754,-2.506579637527466
1761399370196041700,11.002041748046874,1.6983120441436768,-10.918158531188965,-2.973224401473999
1761399370206122500,11.01212255859375,1.5240590572357178,-10.082283020019531,-3.440692186355591
1761399370216204300,11.022204345703125,1.1042506694793701,-8.793678283691406,-3.607912302017212
1761399370226284000,11.032283935546875,0.5321113467216492,-7.615880966186523,-3.829824924468994
1761399370236340000,11.042340087890626,-0.007556699216365814,-7.181183338165283,-4.566041946411133
1761399370246445600,11.052445556640626,-0.3150619864463806,-7.222109317779541,-4.96160888671875
1761399370266616000,11.072615966796874,-0.07811082899570465,-8.421903610229492,-4.236914157867432
1761399370276687400,11.082687255859375,0.7154173851013184,-9.32309627532959,-3.5929486751556396
1761399370286767900,11.092767822265625,1.5173252820968628,-9.951349258422852,-3.1563808917999268
1761399370296849000,11.102848876953125,2.0771944522857666,-10.008062362670898,-2.880000114440918
1761399370306934800,11.112934814453125,2.42547607421875,-9.722928047180176,-2.7572224140167236
1761399370317010400,11.123010498046876,2.6091561317443848,-9.346439361572266,-2.6442461013793945
1761399370327091000,11.133091064453126,2.4776995182037354,-8.9226655960083,-2.1279964447021484
1761399370337171500,11.14317138671875,2.1575498580932617,-8.407464027404785,-1.6184055805206299
1761399370347243500,11.153243408203124,1.6840964555740356,-7.979275703430176,-1.279775619506836
1761399370357332200,11.163332275390625,1.274538278579712,-7.794997215270996,-1.2058546543121338
1761399370367414000,11.1734140625,1.0771663188934326,-8.061875343322754,-1.4193127155303955
1761399370377468700,11.18346875,0.9803507924079895,-8.438364028930664,-2.011054515838623
1761399370387574500,11.193574462890625,0.9486275911331177,-8.571017265319824,-2.8669068813323975
1761399370397655000,11.203655029296876,1.096768856048584,-8.514754295349121,-3.546112060546875
1761399370407736000,11.213736083984376,1.3599814176559448,-8.427590370178223,-3.916839122772217
1761399370417816300,11.22381640625,1.6050130128860474,-8.403498649597168,-4.0789713859558105
1761399370427897000,11.23389697265625,1.8800468444824219,-8.334665298461914,-4.122591018676758
1761399370437981700,11.243981689453125,2.1175217628479004,-8.1441011428833,-3.960308790206909
1761399370448054300,11.25405419921875,2.355969190597534,-7.85806941986084,-3.5363106727600098
1761399370458135600,11.264135498046874,2.570100784301758,-7.561337947845459,-2.9478609561920166
1761399370468228600,11.274228515625,2.7230303287506104,-7.11070442199707,-2.49371075630188
1761399370478297000,11.284297119140625,2.9093291759490967,-4.8354644775390625,-1.9586066007614136
1761399370488382500,11.294382568359374,2.722132444381714,-6.272583961486816,-2.7105355262756348
1761399370498439000,11.30443896484375,2.482562780380249,-6.965331077575684,-1.9838205575942993
1761399370508542500,11.31454248046875,2.6105775833129883,-7.1344218254089355,-1.8654571771621704
1761399370518603500,11.324603515625,2.951751470565796,-6.805294036865234,-2.1229088306427
1761399370528679700,11.3346796875,3.0750527381896973,-6.610390663146973,-2.7280433177948
1761399370538785000,11.344784912109375,3.1582512855529785,-6.540884017944336,-3.2888848781585693
1761399370548861200,11.354861083984375,3.055300712585449,-6.8186116218566895,-3.9118263721466064
1761399370558945800,11.36494580078125,3.0511856079101562,-7.208716869354248,-3.9182608127593994
1761399370569026300,11.3750263671875,3.1694741249084473,-7.565677165985107,-4.012981414794922
1761399370579107300,11.385107421875,3.3880198001861572,-7.658527374267578,-4.466458320617676
1761399370589188600,11.395188720703125,3.789647102355957,-7.464597225189209,-4.958017826080322
1761399370599269000,11.40526904296875,4.416853427886963,-7.688305377960205,-5.494617938995361
1761399370609345300,11.41534521484375,4.6740803718566895,-8.362722396850586,-5.958120346069336
1761399370619404500,11.425404541015626,4.554744243621826,-9.248202323913574,-6.297049522399902
1761399370629511000,11.435510986328126,4.218957424163818,-9.978882789611816,-6.672789573669434
1761399370639591700,11.445591796875,3.8326680660247803,-10.206406593322754,-6.950592041015625
1761399370649671700,11.455671630859374,3.5249383449554443,-9.80335807800293,-7.099630832672119
1761399370659762000,11.465761962890625,3.5860652923583984,-9.027636528015137,-6.953584671020508
1761399370669833700,11.475833740234375,3.697171211242676,-7.83337926864624,-6.4485578536987305
1761399370679909600,11.48590966796875,3.667393207550049,-6.926799774169922,-5.825092792510986
1761399370689995000,11.4959951171875,3.7777509689331055,-6.543203830718994,-5.382988452911377
1761399370700075300,11.5060751953125,4.030339241027832,-6.638747215270996,-4.9619832038879395
1761399370710156000,11.516156005859376,4.158054828643799,-7.973814010620117,-4.749722003936768
1761399370720236500,11.526236572265624,3.53975248336792,-10.996942520141602,-5.190629482269287
1761399370730317300,11.5363173828125,3.0399627685546875,-14.171953201293945,-5.3133320808410645
1761399370740394200,11.546394287109376,2.7677719593048096,-16.544382095336914,-4.389843463897705
1761399370750479000,11.55647900390625,1.4031518697738647,-17.04544448852539,-3.0755016803741455
1761399370760539000,11.566538818359374,0.7750479578971863,-16.304513931274414,-2.0975451469421387
1761399370770617300,11.576617431640624,0.35164836049079895,-14.260613441467285,-2.7281928062438965
1761399370780721000,11.586720947265626,1.056217074394226,-10.693777084350586,-3.3446249961853027
1761399370790785000,11.596784912109374,0.9144353866577148,-6.87988805770874,-2.3133225440979004
1761399370800878000,11.606878173828125,0.7560440301895142,-5.864297866821289,-1.97993004322052
1761399370810937900,11.616937744140625,0.37574002146720886,-4.6262712478637695,-1.2466309070587158
1761399370821043700,11.627043701171875,-1.069908857345581,-4.419920921325684,-1.1508628129959106
1761399370831100000,11.637099853515625,-3.09151291847229,-4.557961463928223,-0.8991723656654358
1761399370841204500,11.64720458984375,-5.107729911804199,-5.8616042137146,-1.0961703062057495
1761399370851281200,11.65728125,-5.756109714508057,-8.402226448059082,-1.5374516248703003
1761399370861366300,11.6673662109375,-4.839654445648193,-10.894515991210938,-2.0185365676879883
1761399370871442400,11.6774423828125,-3.432312488555908,-11.841571807861328,-1.7211318016052246
1761399370881528000,11.687528076171875,-1.6903811693191528,-11.639336585998535,-2.149319648742676
1761399370891607800,11.69760791015625,0.005087678786367178,-10.222792625427246,-2.274641275405884
1761399370901688600,11.7076884765625,1.5966333150863647,-9.5130615234375,-2.6570401191711426
1761399370911769000,11.71776904296875,2.7607390880584717,-9.273266792297363,-3.075127601623535
1761399370921849900,11.727849853515625,3.3143234252929688,-9.57860279083252,-3.309535026550293
1761399370931926800,11.7379267578125,3.3378164768218994,-9.471087455749512,-2.863689661026001
1761399370942011600,11.74801171875,3.0451252460479736,-10.078990936279297,-3.85271954536438
1761399370952054000,11.758053955078125,2.637512445449829,-9.783231735229492,-4.068646430969238
1761399370962173000,11.7681728515625,1.7183634042739868,-9.269824981689453,-4.244320869445801
1761399370972254200,11.778254150390625,0.6938695907592773,-8.719083786010742,-3.9775919914245605
1761399370982308600,11.78830859375,0.20058920979499817,-8.30398941040039,-3.6011037826538086
1761399370992415000,11.7984150390625,-0.06838438659906387,-8.171784400939941,-3.277961492538452
1761399371002491600,11.80849169921875,-0.37574002146720886,-8.252214431762695,-3.186458110809326
1761399371012576300,11.818576171875,-0.613364577293396,-8.410606384277344,-3.415029525756836
1761399371022631400,11.82863134765625,-0.6877344250679016,-8.513182640075684,-3.8866872787475586
1761399371032737500,11.838737548828124,-0.6397007703781128,-8.31678295135498,-4.24005651473999
1761399371042818800,11.84881884765625,-0.44360068440437317,-8.036811828613281,-4.647893905639648
1761399371052899300,11.8588994140625,-0.2463034987449646,-7.369652271270752,-4.694056987762451
1761399371062975500,11.8689755859375,-0.016235679388046265,-7.537694931030273,-5.066280364990234
1761399371073034800,11.87903466796875,0.08581716567277908,-7.764096736907959,-5.023035049438477
1761399371083141000,11.88914111328125,0.1844283491373062,-7.851036071777344,-4.757802486419678
1761399371093221600,11.8992216796875,0.2784007787704468,-8.0029935836792,-4.356997966766357
1761399371103302400,11.909302490234374,0.342894583940506,-8.237325668334961,-3.956942081451416
1761399371113382700,11.919382568359374,0.38150107860565186,-8.50210952758789,-3.416151762008667
1761399371123459300,11.929459228515626,0.3635445535182953,-8.810587882995605,-2.9282584190368652
1761399371133504800,11.9395048828125,0.276754766702652,-9.0929536819458,-2.5462334156036377
1761399371143624700,11.949624755859375,0.19692309200763702,-9.139341354370117,-2.262894630432129
1761399371153716700,11.959716796875,-0.005686229094862938,-9.577554702758789,-2.738368272781372
1761399371163786000,11.969785888671876,-0.13759177923202515,-9.361702919006348,-2.982501983642578
1761399371173866800,11.97986669921875,-0.3166331648826599,-9.167398452758789,-3.3162686824798584
1761399371183947300,11.989947265625,-0.40207624435424805,-8.916231155395508,-3.562946319580078
1761399371194023700,12.000023681640625,-0.5752069354057312,-8.80041217803955,-3.8166568279266357
1761399371204108500,12.010108642578125,-0.7266402244567871,-8.833257675170898,-3.9536499977111816
1761399371214189600,12.020189453125,-0.7435492873191833,-8.83931827545166,-3.9134724140167236
1761399371234351400,12.040351318359376,-0.6671592593193054,-8.704120635986328,-3.792639970779419
1761399371244432400,12.050432373046876,-0.9480290412902832,-8.874707221984863,-4.048669815063477
1761399371254512400,12.060512451171874,-1.1557260751724243,-9.123629570007324,-4.1518449783325195
1761399371264593400,12.070593505859375,-1.2895020246505737,-9.440936088562012,-4.185064792633057
1761399371274673400,12.08067333984375,-1.4413094520568848,-9.820192337036133,-4.1909003257751465
1761399371284754000,12.09075390625,-1.5114895105361938,-10.1051025390625,-4.23085355758667
1761399371294834700,12.100834716796875,-1.3346178531646729,-10.23775577545166,-4.111368179321289
1761399371304915500,12.11091552734375,-0.8727613091468811,-10.05931282043457,-3.884667158126831
1761399371314996200,12.120996337890626,-0.3977367579936981,-9.741931915283203,-3.596764326095581
1761399371325077500,12.131077392578124,-0.09644144028425217,-9.644891738891602,-3.541323661804199
1761399371335155000,12.141155029296876,-0.003217208432033658,-9.690531730651855,-3.7905449867248535
1761399371345238300,12.15123828125,0.038382045924663544,-9.730335235595703,-3.9998133182525635
1761399371355319300,12.1613193359375,-0.05057751014828682,-9.654394149780273,-4.445882797241211
1761399371365367300,12.1713671875,-0.4238485097885132,-9.694721221923828,-5.371915340423584
1761399371375480800,12.181480712890625,-0.8708908557891846,-9.785700798034668,-6.67750358581543
1761399371385552000,12.1915517578125,-1.091456651687622,-9.659332275390625,-7.6792521476745605
1761399371395641600,12.2016416015625,-0.6441898941993713,-9.206304550170898,-7.920842170715332
1761399371415792600,12.221792724609376,-0.2604442536830902,-9.238850593566895,-8.207847595214844
1761399371425883000,12.2318828125,-0.8411877751350403,-9.627758026123047,-7.3803510665893555
1761399371435940000,12.241940185546875,-0.5517138838768005,-10.048165321350098,-5.959242820739746
1761399371446045200,12.252045166015625,0.7245453000068665,-10.894664764404297,-4.244096755981445
1761399371456114700,12.26211474609375,2.159644842147827,-11.877036094665527,-2.612074136734009
1761399371466206700,12.272206787109376,2.6030209064483643,-12.645949363708496,-1.4920365810394287
1761399371476287500,12.28228759765625,2.0138227939605713,-12.772916793823242,-0.5884498953819275
1761399371486338300,12.29233837890625,1.2746880054473877,-12.68979263305664,-0.3009960353374481
1761399371496422700,12.302422607421875,0.3084031045436859,-12.61691951751709,-0.4953004717826843
1761399371506528800,12.31252880859375,-0.9203460812568665,-12.248960494995117,-1.1475708484649658
1761399371516610000,12.322610107421875,-1.778817057609558,-11.348740577697754,-2.1751322746276855
1761399371526690000,12.33268994140625,-2.0745010375976562,-10.10854434967041,-3.3926587104797363
1761399371536745200,12.3427451171875,-1.413551688194275,-9.27371597290039,-4.740444660186768
1761399371546851600,12.3528515625,0.07392098009586334,-9.29646110534668,-5.785214424133301
1761399371556933400,12.362933349609374,1.3070096969604492,-9.9772367477417,-6.421174049377441
1761399371567013000,12.37301318359375,1.7435773611068726,-10.321104049682617,-6.197989463806152
1761399371577093400,12.38309326171875,1.5537620782852173,-10.120664596557617,-5.967098712921143
1761399371587174100,12.393174072265625,1.048136591911316,-9.662175178527832,-5.376479148864746
1761399371597255000,12.4032548828125,0.5236567854881287,-9.179743766784668,-4.847585201263428
1761399371607335400,12.41333544921875,0.5352537035942078,-8.570493698120117,-4.893523693084717
1761399371617416200,12.423416259765625,0.35157355666160583,-8.059032440185547,-4.600683212280273
1761399371627497700,12.433497802734376,0.3099743127822876,-7.708431720733643,-3.670161485671997
1761399371637577700,12.44357763671875,0.17455226182937622,-7.392247200012207,-2.6733505725860596
1761399371647658500,12.453658447265624,0.1033247634768486,-7.213580131530762,-1.8702455759048462
1761399371657739000,12.463739013671875,-0.4605845510959625,-7.128361701965332,-1.640177845954895
1761399371667819500,12.473819580078125,-0.31618425250053406,-6.907870292663574,-2.025569438934326
1761399371677900000,12.483900146484375,0.07713818550109863,-7.371373176574707,-1.5025112628936768
1761399371687985200,12.493985107421874,0.3710264563560486,-7.563058853149414,-1.5186721086502075
1761399371698057500,12.504057373046875,0.5325602293014526,-7.689651966094971,-2.4274213314056396
1761399371708138500,12.514138427734375,0.717512309551239,-7.540089130401611,-3.5883097648620605
1761399371718197200,12.524197265625,1.0861445665359497,-7.666159152984619,-3.6553473472595215
1761399371728303900,12.534303955078125,1.4990695714950562,-7.529240608215332,-3.097947359085083
1761399371738384100,12.544384033203125,1.681777000427246,-7.08646297454834,-2.924367666244507
1761399371748437000,12.55443701171875,1.9465608596801758,-6.822277545928955,-2.512265682220459
1761399371758542000,12.5645419921875,1.8781764507293701,-6.335731029510498,-2.342127799987793
1761399371768600800,12.574600830078126,1.5155296325683594,-6.049773693084717,-2.289754629135132
1761399371778707500,12.58470751953125,1.5916951894760132,-5.961113452911377,-1.7574188709259033
1761399371788780300,12.5947802734375,1.8620903491973877,-6.014159679412842,-1.4175918102264404
1761399371798869000,12.604868896484374,2.1954081058502197,-6.10401725769043,-1.4956278800964355
1761399371808949500,12.614949462890625,2.400860548019409,-6.339172840118408,-1.6505028009414673
1761399371819029800,12.62502978515625,2.715174436569214,-6.436586856842041,-1.9164836406707764
1761399371829105700,12.635105712890624,3.1389479637145996,-6.279093265533447,-2.411484956741333
1761399371839167700,12.645167724609376,3.4255788326263428,-6.16910982131958,-3.0905404090881348
1761399371849271600,12.655271484375,3.5061588287353516,-6.240187644958496,-3.8673839569091797
1761399371859327200,12.6653271484375,3.6028995513916016,-6.419079303741455,-4.74268913269043
1761399371869433300,12.675433349609374,3.9026236534118652,-6.884003162384033,-5.804293155670166
1761399371879513600,12.685513671875,4.171223163604736,-7.607351303100586,-6.7125935554504395
1761399371889590800,12.6955908203125,4.612654209136963,-8.527547836303711,-7.467739582061768
1761399371899675100,12.705675048828125,4.817956924438477,-9.542689323425293,-8.431779861450195
1761399371909755400,12.71575537109375,4.62470006942749,-10.601151466369629,-9.608829498291016
1761399371919836400,12.72583642578125,4.26130485534668,-11.48378849029541,-10.494159698486328
1761399371929917200,12.735917236328126,4.14795446395874,-11.662006378173828,-10.308908462524414
1761399371939998000,12.745998046875,3.843367099761963,-10.665121078491211,-9.134403228759766
1761399371950078200,12.756078125,3.168351888656616,-9.158868789672852,-7.877297878265381
1761399371960138000,12.766137939453126,2.929006576538086,-7.315857410430908,-6.821529388427734
1761399371970240300,12.776240234375,3.7481226921081543,-5.441347122192383,-5.963283061981201
1761399371980320800,12.78632080078125,4.829703330993652,-5.6122331619262695,-5.331737518310547
1761399371990376000,12.7963759765625,3.618985414505005,-10.305991172790527,-6.557119846343994
1761399372000482000,12.80648193359375,2.7206361293792725,-16.052448272705078,-6.828711986541748
1761399372010565000,12.816565185546875,1.215132236480713,-21.022811889648438,-4.687772274017334
1761399372020639200,12.82663916015625,-1.1942577362060547,-20.982858657836914,-2.962151288986206
1761399372030723600,12.8367236328125,-2.547729969024658,-12.030938148498535,-1.7573440074920654
1761399372040779000,12.846779052734375,0.4801870882511139,-7.124395847320557,-2.35148024559021
1761399372050885000,12.856885009765625,1.5118635892868042,-3.3429040908813477,-1.3394062519073486
1761399372060966100,12.866966064453125,-1.0987141132354736,-1.3685107231140137,-0.7129483819007874
1761399372071047000,12.877046875,-3.127051830291748,-1.7527800798416138,-1.1979986429214478
1761399372081103400,12.887103271484374,-3.216161012649536,-4.26594352722168,-1.502586007118225
1761399372091208000,12.8972080078125,-3.2270097732543945,-7.301641941070557,-2.1000890731811523
1761399372101264100,12.90726416015625,-3.5675101280212402,-11.091513633728027,-2.82171630859375
1761399372111369500,12.917369384765625,-2.744129180908203,-14.315381050109863,-2.7007343769073486
1761399372121428000,12.927427978515626,-1.4765490293502808,-15.859790802001953,-3.703455924987793
1761399372131530200,12.9375302734375,-0.2983773946762085,-13.657423973083496,-4.2888383865356445
1761399372141611300,12.947611328125,1.1561001539230347,-10.133757591247559,-3.850325345993042
1761399372151688000,12.95768798828125,1.4432547092437744,-7.99184513092041,-3.0418331623077393
1761399372161772500,12.9677724609375,0.8233809471130371,-7.875801086425781,-2.1325602531433105
1761399372171852800,12.977852783203126,0.30286651849746704,-8.979752540588379,-1.8876783847808838
1761399372181933600,12.98793359375,0.09965864568948746,-9.804854393005371,-1.618255853652954
1761399372192014300,12.998014404296875,0.3877110481262207,-9.884013175964355,-1.2206687927246094
1761399372202096400,13.008096435546875,0.6420949697494507,-9.319280624389648,-0.823156476020813
1761399372212171800,13.018171875,0.6275801062583923,-8.860715866088867,-0.9176526069641113
1761399372222234400,13.028234375,0.6189759373664856,-8.523582458496094,-1.4093618392944336
1761399372232337400,13.03833740234375,0.7041197419166565,-8.261866569519043,-1.9631705284118652
1761399372242417700,13.048417724609376,0.7426514625549316,-8.093748092651367,-2.4407389163970947
1761399372252499000,13.0584990234375,0.6108207106590271,-8.025737762451172,-2.7165958881378174
1761399372262579000,13.068578857421874,0.22961890697479248,-7.974337577819824,-2.9128456115722656
1761399372272660200,13.07866015625,-0.2882768511772156,-8.07347297668457,-3.2282817363739014
1761399372282736400,13.088736328125,-0.7893383502960205,-8.100855827331543,-3.6792147159576416
1761399372292842800,13.0988427734375,-1.1192145347595215,-7.990273952484131,-4.216039657592773
1761399372302902000,13.108902099609375,-1.0819547176361084,-7.893458366394043,-4.524966239929199
1761399372312957400,13.11895751953125,-0.7690624594688416,-7.929072380065918,-4.530427932739258
1761399372323038000,13.129037841796874,-0.1397615224123001,-8.239570617675781,-4.285022258758545
1761399372333119000,13.139118896484375,0.5924152731895447,-8.543634414672852,-3.9070379734039307
1761399372343199000,13.149198974609375,1.0554687976837158,-8.730606079101562,-3.555389642715454
1761399372353279700,13.15927978515625,1.2247837781906128,-8.87291145324707,-3.3769466876983643
1761399372363360800,13.16936083984375,1.2802245616912842,-9.190741539001465,-3.4451065063476562
1761399372373429500,13.179429443359375,0.9650877118110657,-9.069984436035156,-3.619584083557129
1761399372383531500,13.189531494140626,0.4291606545448303,-8.813055992126465,-3.6257193088531494
1761399372393611500,13.199611572265624,-0.1595885008573532,-8.403273582458496,-3.5399768352508545
1761399372403692800,13.20969287109375,-0.6031143665313721,-8.252513885498047,-3.540874719619751
1761399372413778000,13.21977783203125,-0.8690952062606812,-8.872537612915039,-3.6804866790771484
1761399372423870500,13.229870361328125,-0.768538773059845,-8.855703353881836,-3.169698476791382
1761399372433925000,13.239925048828125,-0.3966892957687378,-9.125499725341797,-2.9893105030059814
1761399372444031200,13.25003125,-0.20148703455924988,-9.294066429138184,-2.9473371505737305
1761399372454111700,13.26011181640625,-0.24435821175575256,-9.372177124023438,-3.2423477172851562
1761399372464193500,13.270193603515626,-0.45175594091415405,-9.498247146606445,-3.758821964263916
1761399372474269700,13.280269775390625,-0.6605004072189331,-9.306711196899414,-3.902773141860962
1761399372484323800,13.29032373046875,-0.6630442142486572,-9.584064483642578,-3.8909518718719482
1761399372494434600,13.3004345703125,-0.6309469938278198,-9.511713981628418,-3.115380048751831
1761399372504515000,13.31051513671875,-0.6817489266395569,-9.782633781433105,-2.902745008468628
1761399372514585300,13.32058544921875,-1.0018986463546753,-9.88386344909668,-3.2556653022766113
1761399372524676900,13.3306767578125,-1.32548987865448,-9.7489652633667,-3.53668475151062
1761399372534720500,13.340720458984375,-0.8699182271957397,-9.985167503356934,-4.095132350921631
1761399372544813000,13.35081298828125,-0.48407766222953796,-9.847875595092773,-4.188655853271484
1761399372554918400,13.36091845703125,-0.042945992201566696,-9.776573181152344,-4.366425514221191
1761399372564999000,13.3709990234375,0.3618985414505005,-9.715744972229004,-4.920383930206299
1761399372575080000,13.381079833984375,0.44996029138565063,-9.27034854888916,-4.632406234741211
1761399372585160700,13.39116064453125,0.3205985724925995,-10.069937705993652,-6.31717586517334
1761399372595241200,13.4012412109375,-0.33586159348487854,-9.79759693145752,-6.086958408355713
1761399372605296000,13.411296142578125,-0.595557689666748,-9.22052001953125,-6.055983543395996
1761399372615402500,13.421402587890626,-1.0752958059310913,-9.614291191101074,-6.236521244049072
1761399372625483500,13.4314833984375,-1.0089315176010132,-9.985990524291992,-6.035333633422852
1761399372635564500,13.441564453125,-1.0815057754516602,-10.087445259094238,-5.980042457580566
1761399372645619500,13.451619384765625,-1.4110077619552612,-10.110638618469238,-6.066906929016113
1761399372655700000,13.461699951171875,-0.9971849918365479,-10.202217102050781,-5.695581436157227
1761399372665806600,13.471806640625,-0.36249709129333496,-10.589254379272461,-5.425111293792725
1761399372675875000,13.481875,0.16183307766914368,-10.684648513793945,-4.52795934677124
1761399372685968100,13.491968017578126,0.6733692288398743,-10.846182823181152,-3.4867806434631348
1761399372696048600,13.502048583984376,0.9469067454338074,-11.19356632232666,-2.4600422382354736
1761399372706130000,13.5121298828125,1.0363152027130127,-11.432836532592773,-1.572616457939148
1761399372716209200,13.522209228515624,0.7284358739852905,-11.774609565734863,-1.0550199747085571
1761399372726290400,13.53229052734375,0.325761079788208,-12.399944305419922,-0.5327847003936768
1761399372736371200,13.54237109375,-0.2596212327480316,-13.086556434631348,-0.6607248783111572
1761399372746451500,13.552451416015625,-0.6709002256393433,-12.927566528320312,-1.0348936319351196
1761399372756532500,13.562532470703125,-0.31042322516441345,-11.72702407836914,-1.3540706634521484
1761399372766596900,13.572596923828126,0.4770447015762329,-10.389039993286133,-1.7763479948043823
1761399372776693800,13.58269384765625,1.0668413639068604,-9.473706245422363,-2.23199462890625
1761399372786799400,13.59279931640625,1.6442179679870605,-9.21603012084961,-2.8262054920196533
1761399372796854800,13.602854736328124,2.0829553604125977,-10.328137397766113,-3.893346071243286
1761399372806935300,13.612935302734375,1.8403929471969604,-11.471668243408203,-4.118475914001465
1761399372817016000,13.62301611328125,1.3106757402420044,-11.850475311279297,-4.049044132232666
1761399372827096600,13.6330966796875,1.1712883710861206,-12.088398933410645,-3.77677845954895
1761399372837177600,13.643177490234375,1.574038028717041,-12.115708351135254,-2.9869911670684814
1761399372847233000,13.65323291015625,1.7371429204940796,-11.509600639343262,-3.6821324825286865
1761399372857338600,13.663338623046876,1.9368343353271484,-10.499696731567383,-4.96737003326416
1761399372897662000,13.703661865234375,2.4979004859924316,-7.851784706115723,-3.5494039058685303
1761399372907742500,13.713742431640625,2.196530342102051,-7.810858726501465,-3.38637375831604
1761399372917822700,13.72382275390625,1.8350807428359985,-7.891139030456543,-3.0102596282958984
1761399372927878100,13.733878173828124,1.279775619506836,-7.5558013916015625,-2.667739152908325
1761399372937989000,13.743989013671875,0.9153332114219666,-7.315857410430908,-2.510545015335083
1761399372948061200,13.754061279296875,0.8652794361114502,-6.787935733795166,-2.617311477661133
1761399372958142500,13.764142578125,0.8873509764671326,-6.711545944213867,-2.5091233253479004
1761399372968206800,13.774206787109375,1.0729016065597534,-6.749104976654053,-2.357390880584717
1761399372978303200,13.78430322265625,1.404423713684082,-6.652289390563965,-2.2131402492523193
1761399372988386300,13.79438623046875,1.8714426755905151,-6.32757568359375,-2.071208953857422
1761399372998468600,13.804468505859376,2.2952911853790283,-5.918466567993164,-1.5565303564071655
1761399373008548600,13.814548583984376,2.4764275550842285,-5.795464515686035,-1.2803741693496704
1761399373018629600,13.824629638671874,2.5492262840270996,-6.037353515625,-1.0121487379074097
1761399373028684800,13.834684814453125,2.5405473709106445,-6.287921905517578,-0.7636755108833313
1761399373038787000,13.844787109375,2.43011474609375,-6.381295680999756,-0.8085668087005615
1761399373048871400,13.854871337890625,2.4467244148254395,-6.415787220001221,-0.9772831797599792
1761399373058952200,13.8649521484375,2.4857051372528076,-6.574328422546387,-0.9817723631858826
1761399373069007400,13.87500732421875,2.472162961959839,-6.726359844207764,-1.4721348285675049
1761399373079114000,13.885114013671876,2.5345618724823,-6.818312168121338,-1.630900263786316
1761399373089195000,13.895195068359374,2.777498483657837,-7.2999958992004395,-1.6641945838928223
1761399373099249700,13.905249755859375,2.8454339504241943,-7.685611724853516,-1.9170821905136108
1761399373109351700,13.9153515625,2.8068273067474365,-7.931765556335449,-2.3535003662109375
1761399373119436000,13.92543603515625,2.41432785987854,-8.262989044189453,-2.6822540760040283
1761399373139597300,13.945597412109375,2.423156499862671,-8.808642387390137,-2.834660053253174
1761399373149678000,13.955677978515626,2.6671407222747803,-9.082329750061035,-3.2190041542053223
1761399373159759000,13.965759033203126,3.0890438556671143,-9.16769790649414,-3.5194764137268066
1761399373169835300,13.975835205078125,3.427150011062622,-9.651026725769043,-3.876586675643921
1761399373179895000,13.98589501953125,3.5882349014282227,-10.213889122009277,-4.5889363288879395
1761399373190001200,13.996001220703125,3.2823009490966797,-10.441263198852539,-5.095459938049316
1761399373200081400,14.006081298828125,3.0639047622680664,-10.667216300964355,-5.498807907104492
1761399373210165000,14.0161650390625,2.978611469268799,-11.428871154785156,-5.713687419891357
1761399373220217600,14.026217529296876,3.2078561782836914,-11.764508247375488,-5.423315525054932
1761399373230324000,14.036323974609376,3.358466386795044,-11.383306503295898,-5.067477703094482
1761399373240370000,14.046369873046874,4.2334723472595215,-10.889128684997559,-5.096432209014893
1761399373250485500,14.056485595703125,4.8418989181518555,-11.401338577270508,-4.972308158874512
1761399373260565500,14.0665654296875,5.145962238311768,-11.601478576660156,-4.454861164093018
1761399373270646500,14.076646484375,4.744035720825195,-11.99532413482666,-4.6199116706848145
1761399373280726800,14.086726806640625,4.011335372924805,-12.334328651428223,-5.44875431060791
1761399373290807300,14.096807373046875,3.168426752090454,-11.930307388305664,-6.355932235717773
1761399373300885000,14.106885009765625,2.9625253677368164,-11.664774894714355,-7.233781337738037
1761399373310968800,14.11696875,3.0294880867004395,-11.861248970031738,-8.113724708557129
1761399373321049900,14.1270498046875,2.498873233795166,-12.590658187866211,-8.409933090209961
1761399373331130000,14.137130126953124,2.163236141204834,-12.906766891479492,-7.95712947845459
1761399373341211100,14.147211181640625,2.6179099082946777,-12.515390396118164,-7.572859764099121
1761399373351292400,14.15729248046875,2.43243408203125,-12.306795120239258,-6.78082799911499
1761399373361368600,14.16736865234375,1.3633482456207275,-12.490775108337402,-6.238840579986572
1761399373371429600,14.1774296875,2.394426107406616,-12.724508285522461,-5.710171222686768
1761399373381533700,14.18753369140625,1.7440263032913208,-12.712388038635254,-4.957643508911133
1761399373391614500,14.197614501953124,1.305662989616394,-12.677297592163086,-4.54688835144043
1761399373401695200,14.2076953125,0.2819172441959381,-12.663307189941406,-4.106130599975586
1761399373411750700,14.217750732421875,-0.2800467908382416,-11.280580520629883,-3.800645589828491
1761399373421831700,14.227831787109375,0.25498247146606445,-9.91970157623291,-4.010811805725098
1761399373431933200,14.23793310546875,0.016235679388046265,-9.794380187988281,-4.915221214294434
1761399373442017500,14.248017578125,1.5266777276992798,-9.334842681884766,-5.574375152587891
1761399373452099300,14.258099365234376,1.8166753053665161,-8.705018043518066,-5.448679447174072
1761399373462178800,14.2681787109375,4.102763652801514,-7.1350202560424805,-5.493720054626465
1761399373472259800,14.278259765625,4.532672882080078,-6.5838303565979,-5.022960186004639
1761399373482340000,14.288340087890624,4.232649326324463,-5.731569290161133,-4.444760799407959
1761399373492417300,14.298417236328126,4.379892826080322,-5.015852451324463,-4.14683198928833
1761399373502502400,14.30850244140625,4.915146350860596,-4.369043827056885,-4.092214584350586
1761399373512582100,14.31858203125,3.528529644012451,-3.111788749694824,-3.311704635620117
1761399373522663200,14.3286630859375,-0.5030816197395325,-2.001851797103882,-0.9784802794456482
1761399373532744200,14.338744140625,3.998391628265381,-3.201795816421509,-4.649764060974121
1761399373542799000,14.348799072265624,4.699368953704834,-2.4369232654571533,-5.2649993896484375
1761399373552905700,14.35890576171875,4.744260311126709,-1.4744541645050049,-5.718326091766357
1761399373562981600,14.368981689453125,4.635922908782959,-1.1305869817733765,-6.346879005432129
1761399373573045500,14.37904541015625,4.477830410003662,-1.571419358253479,-7.063568592071533
1761399373583147800,14.389147705078125,4.3430070877075195,-2.5377790927886963,-7.981894493103027
1761399373593227500,14.3992275390625,4.197409629821777,-3.6432268619537354,-9.095422744750977
1761399373613388800,14.419388916015626,4.216039657592773,-4.36148738861084,-8.787243843078613
1761399373623466000,14.429466064453125,3.817030906677246,-4.78817892074585,-8.422652244567871
1761399373633504000,14.43950390625,3.132887840270996,-5.573925971984863,-8.669553756713867
1761399373643632000,14.449632080078125,2.416048765182495,-6.0982561111450195,-9.369708061218262
1761399373653712600,14.459712646484375,2.0415806770324707,-6.887145519256592,-10.551172256469727
1761399373663766800,14.469766845703125,2.031405210494995,-7.818340301513672,-11.69230842590332
1761399373673873700,14.479873779296875,2.1973533630371094,-8.631620407104492,-12.184616088867188
1761399373683941400,14.48994140625,2.489595651626587,-8.87867259979248,-12.2827787399292
1761399373694035000,14.500034912109374,2.8005425930023193,-8.288501739501953,-12.20683765411377
1761399373704115000,14.510114990234374,3.325695753097534,-7.946804523468018,-12.387450218200684
1761399373714195700,14.52019580078125,3.8536171913146973,-8.218247413635254,-11.930980682373047
1761399373724276500,14.5302763671875,4.313603401184082,-8.334515571594238,-10.8250093460083
1761399373734331600,14.54033154296875,4.7491984367370605,-9.45335578918457,-9.527650833129883
1761399373744438500,14.5504384765625,5.105410575866699,-10.718616485595703,-8.494926452636719
1761399373754519000,14.56051904296875,4.608464241027832,-11.001656532287598,-7.623063564300537
1761399373764599600,14.570599609375,3.645172119140625,-10.69257926940918,-7.25645112991333
1761399373774679800,14.5806796875,2.4914660453796387,-10.149544715881348,-7.2404398918151855
1761399373784760300,14.59076025390625,1.6988357305526733,-9.289876937866211,-7.505298614501953
1761399373794830800,14.600830810546874,1.3926771879196167,-8.757166862487793,-7.8594160079956055
1761399373804896500,14.610896484375,1.8308908939361572,-8.871938705444336,-8.536900520324707
1761399373814986800,14.62098681640625,2.5957634449005127,-8.77849006652832,-8.16445255279541
1761399373825083100,14.631083251953125,3.3769466876983643,-8.276381492614746,-7.019350528717041
1761399373835164000,14.641163818359376,3.7059249877929688,-8.17485237121582,-5.6443305015563965
1761399373845244200,14.651244140625,4.4438629150390625,-8.182558059692383,-4.084957122802734
1761399373855325700,14.66132568359375,4.769623756408691,-8.366762161254883,-2.726621627807617
1761399373865405700,14.67140576171875,4.967519760131836,-7.743222236633301,-1.763479232788086
1761399373875486500,14.681486572265625,4.8354644775390625,-6.5481414794921875,-1.0825532674789429
1761399373885567700,14.691567626953125,4.696002006530762,-5.232602596282959,-0.6857143044471741
1761399373895647700,14.701647705078125,4.968716621398926,-6.630741596221924,-1.5704467296600342
1761399373905729000,14.71172900390625,5.578639507293701,-8.380753517150879,-3.335123062133789
1761399373915809500,14.7218095703125,5.669170379638672,-7.686883926391602,-4.206761837005615
1761399373925847800,14.731847900390624,9.72390079498291,-5.8873419761657715,-1.099312663078308
1761399373935945700,14.74194580078125,14.320019721984863,-3.7456536293029785,-0.9964368343353271
1761399373946051000,14.752051025390625,18.164134979248047,-3.128922462463379,1.9373581409454346
1761399373956118500,14.762118408203126,19.671585083007812,-2.2647652626037598,5.077578067779541
1761399373966212600,14.772212646484375,15.1611328125,-3.0788686275482178,0.11911153793334961
1761399373976269600,14.78226953125,10.108768463134766,-3.1028854846954346,-3.5464112758636475
1761399373986374000,14.792373779296875,7.376834869384766,-2.5293993949890137,-3.8248119354248047
1761399373996454400,14.802454345703126,6.185869216918945,-2.731410026550293,-3.374253273010254
1761399374006536000,14.812535888671874,5.291335582733154,-2.634519577026367,-2.8243350982666016
1761399374016616400,14.822616455078125,4.8844709396362305,-2.474257707595825,-2.2137386798858643
1761399374026696400,14.832696533203125,4.646996021270752,-1.9075802564620972,-1.9360861778259277
1761399374036777700,14.84277783203125,4.615646839141846,-1.695842981338501,-1.922768473625183
1761399374046832400,14.852832275390625,5.004405498504639,-1.9116203784942627,-2.0511574745178223
1761399374056938500,14.8629384765625,6.262633323669434,-1.1480196714401245,-1.1411364078521729
1761399374067012600,14.8730126953125,10.768072128295898,-0.5248538851737976,0.01892915740609169
1761399374077100000,14.88310009765625,12.793790817260742,-0.571241557598114,0.5645078420639038
1761399374087180500,14.8931806640625,10.804059982299805,-0.7303811311721802,0.6641665101051331
1761399374097261300,14.90326123046875,9.694945335388184,-1.082702875137329,1.0041431188583374
1761399374107341800,14.913341796875,9.856030464172363,-1.4208838939666748,1.186850666999817
1761399374117423000,14.923423095703125,9.660229682922363,-1.3543699979782104,1.3760673999786377
1761399374127503400,14.93350341796875,9.881768226623535,-0.6425438523292542,0.4726303815841675
1761399374137584400,14.94358447265625,10.060810089111328,-0.43529579043388367,0.5966799259185791
1761399374147644700,14.953644775390625,7.612439155578613,1.2282254695892334,1.8475755453109741
1761399374157746200,14.96374609375,4.731166839599609,2.6390087604522705,2.451138734817505
1761399374167822600,14.973822509765625,4.03617525100708,3.714977979660034,1.4648025035858154
1761399374177906700,14.98390673828125,5.607369899749756,3.6635775566101074,0.5371242165565491
1761399374187954700,14.99395458984375,6.5173163414001465,2.842740535736084,-0.614486813545227
1761399374198063900,15.00406396484375,6.789058208465576,2.198176383972168,-0.5556044578552246
1761399374208145200,15.014145263671875,7.203928470611572,2.088043212890625,0.7750479578971863
1761399374218230000,15.02422998046875,7.586252689361572,2.1105635166168213,1.716268539428711
1761399374228309800,15.034309814453126,8.115072250366211,2.280402183532715,2.195857048034668
1761399374238391000,15.04439111328125,8.780435562133789,2.333897829055786,2.2082021236419678
1761399374248471300,15.05447119140625,9.340304374694824,2.1803696155548096,1.8352304697036743
1761399374258547700,15.064547607421876,9.99683952331543,1.9972879886627197,1.2924200296401978
1761399374268632600,15.074632568359375,9.921048164367676,2.1791725158691406,0.6994810104370117
1761399374278713000,15.084713134765625,9.408913612365723,2.314818859100342,0.30039748549461365
1761399374288794400,15.09479443359375,9.321001052856445,2.7195887565612793,0.5531353950500488
1761399374298875100,15.104875244140626,9.3119478225708,2.907907485961914,0.8768763542175293
1761399374308955100,15.114955078125,9.281946182250977,2.702155828475952,1.2090718746185303
1761399374319031800,15.12503173828125,9.232041358947754,2.573991298675537,1.711255669593811
1761399374329117000,15.135116943359375,9.29182243347168,2.492363929748535,1.858723521232605
1761399374339178000,15.145177978515624,9.617733001708984,2.472088098526001,1.6906805038452148
1761399374359358500,15.1653583984375,9.877877235412598,2.5597009658813477,1.377937912940979
1761399374369439200,15.175439208984375,9.5647611618042,2.548552989959717,1.470339059829712
1761399374379494700,15.18549462890625,9.288530349731445,2.618957281112671,1.5758336782455444
1761399374389597000,15.195596923828125,9.031153678894043,2.679036855697632,1.5849615335464478
1761399374399681300,15.205681396484374,8.9087495803833,2.7906665802001953,1.4281413555145264
1761399374409716500,15.215716552734374,8.93373966217041,2.8430397510528564,1.1709890365600586
1761399374419842800,15.2258427734375,8.960149765014648,2.930128812789917,1.0681132078170776
1761399374429924400,15.23592431640625,8.85899543762207,2.9203274250030518,1.1292401552200317
1761399374440003800,15.24600390625,9.077316284179688,3.0115315914154053,1.166425108909607
1761399374450050600,15.256050537109376,9.305139541625977,3.0690672397613525,1.1424082517623901
1761399374460165400,15.266165283203126,9.386542320251465,2.965517997741699,1.0322002172470093
1761399374470246100,15.27624609375,9.328333854675293,2.836231231689453,0.9756371974945068
1761399374480327200,15.2863271484375,9.29646110534668,2.745251417160034,1.0066121816635132
1761399374490408000,15.296407958984375,9.248950958251953,2.750114679336548,1.062651515007019
1761399374500488200,15.30648828125,9.18587875366211,2.794856309890747,1.0363152027130127
1761399374510568700,15.316568603515625,9.190591812133789,2.8987796306610107,0.9652373790740967
1761399374520645600,15.326645751953125,9.246706008911133,2.941800594329834,0.8874258399009705
1761399374530730500,15.33673046875,9.20712661743164,2.947561502456665,0.924835205078125
1761399374540811300,15.346811279296874,9.183184623718262,2.9649195671081543,0.9462333917617798
1761399374550866200,15.3568662109375,9.099837303161621,3.022156000137329,1.0240449905395508
1761399374560971800,15.3669716796875,9.027188301086426,2.999560594558716,0.9142857789993286
1761399374571027200,15.377027099609375,9.128268241882324,2.961477756500244,0.8835352659225464
1761399374581129200,15.387129150390624,9.233613014221191,2.92421817779541,0.9709236025810242
1761399374591213800,15.3972138671875,9.46607494354248,2.8202199935913086,1.1042506694793701
1761399374601294600,15.407294677734376,9.581819534301758,2.7998692989349365,1.1994202136993408
1761399374611375400,15.417375244140626,9.489119529724121,2.8173768520355225,1.1647043228149414
1761399374621457000,15.427456787109374,9.316885948181152,3.009885549545288,1.0224738121032715
1761399374631537200,15.437537109375,9.308655738830566,3.185859441757202,0.722749650478363
1761399374641634600,15.447634521484375,9.351602554321289,3.3408091068267822,0.5036801695823669
1761399374651698200,15.4576982421875,9.354146003723145,3.3845033645629883,0.548496663570404
1761399374661779000,15.467779052734375,9.34621524810791,3.298461675643921,0.7012017965316772
1761399374671845600,15.477845703125,9.320477485656738,3.1192708015441895,0.9038111567497253
1761399374681940500,15.4879404296875,9.291747093200684,2.9693338871002197,1.1094880104064941
1761399374692032000,15.498031982421875,9.329231262207031,2.8809728622436523,1.2679542303085327
1761399374702101500,15.5081015625,9.38437271118164,2.776301383972168,1.3553426265716553
1761399374712178000,15.518177978515626,9.332747459411621,2.758344888687134,1.390507459640503
1761399374722262800,15.5282626953125,9.208623886108398,2.810643196105957,1.3984382152557373
1761399374732318500,15.538318359375,9.118765830993652,2.8726680278778076,1.3804069757461548
1761399374742424000,15.548424072265625,8.98813247680664,2.9501802921295166,1.3031190633773804
1761399374752505000,15.558505126953126,8.863558769226074,3.052981376647949,1.188197374343872
1761399374762608600,15.568608642578125,8.841936111450195,3.16550874710083,1.0485855340957642
1761399374772662300,15.578662353515625,8.862586975097656,3.2411506175994873,0.9338134527206421
1761399374782747400,15.588747314453125,8.899023056030273,3.3003323078155518,0.8909423351287842
1761399374792828000,15.598827880859375,8.978331565856934,3.3016040325164795,0.8398410677909851
1761399374802906600,15.60890673828125,9.077391624450684,3.282600164413452,0.8489689826965332
1761399374812995000,15.6189951171875,9.16896915435791,3.286041736602783,0.9041852355003357
1761399374823069700,15.629069580078125,9.178545951843262,3.2131683826446533,0.880392849445343
1761399374833124900,15.639124755859376,9.125275611877441,3.121739625930786,0.8554781675338745
1761399374843227400,15.649227294921875,9.028834342956543,3.088071346282959,0.8061726093292236
1761399374853311500,15.6593115234375,8.98888111114502,3.0778958797454834,0.7878419756889343
1761399374863392800,15.669392822265625,9.019481658935547,3.0721349716186523,0.7968202829360962
1761399374873472800,15.67947265625,9.102829933166504,3.061884641647339,0.7904606461524963
1761399374883553500,15.689553466796875,9.21715259552002,3.024475336074829,0.7831284403800964
1761399374893634600,15.699634521484375,9.317559242248535,3.0170681476593018,0.8047510385513306
1761399374903710700,15.709710693359375,9.398737907409668,3.041908025741577,0.8188918232917786
1761399374913796400,15.71979638671875,9.391705513000488,3.0796167850494385,0.8019079566001892
1761399374923877000,15.729877197265624,9.417891502380371,3.0936079025268555,0.7547720670700073
1761399374933931500,15.739931640625,9.375394821166992,3.0923359394073486,0.7298574447631836
1761399374943991000,15.749990966796876,9.3003511428833,3.106626272201538,0.712424635887146
1761399374954118100,15.7601181640625,9.218798637390137,3.108422040939331,0.7609072327613831
1761399374964195600,15.770195556640624,9.183484077453613,3.099743127822876,0.7954735159873962
1761399374974280700,15.78028076171875,9.196727752685547,3.1285481452941895,0.768538773059845
1761399374984361000,15.79036083984375,9.1731595993042,3.146953582763672,0.6786813735961914
1761399374994441500,15.80044140625,9.172186851501465,3.1658079624176025,0.6120926141738892
1761399375004548600,15.810548583984374,9.114202499389648,3.182417869567871,0.6035633087158203
1761399375014602200,15.820602294921875,9.04327392578125,3.1546599864959717,0.5814169049263
1761399375024657700,15.83065771484375,8.93373966217041,3.1624412536621094,0.6031143665313721
1761399375034764300,15.840764404296875,8.836324691772461,3.226635694503784,0.6432920694351196
1761399375044823600,15.850823486328125,8.780509948730469,3.2636709213256836,0.6536170840263367
1761399375054899700,15.860899658203126,8.713397979736328,3.2502036094665527,0.6338648796081543
1761399375065005800,15.871005859375,8.754098892211914,3.2101006507873535,0.6032640337944031
1761399375075064800,15.88106494140625,8.86251163482666,3.186532735824585,0.6321440935134888
1761399375085129200,15.891129150390626,8.992247581481934,3.144035816192627,0.7103297114372253
1761399375095248000,15.901247802734375,9.129838943481445,3.0971243381500244,0.7134721279144287
1761399375105328400,15.911328369140625,9.325864791870117,3.105429172515869,0.6456114649772644
1761399375115409000,15.921408935546875,9.407940864562988,3.1316158771514893,0.573710560798645
1761399375125489400,15.931489501953125,9.450063705444336,3.1909470558166504,0.5176712870597839
1761399375145651000,15.95165087890625,9.414749145507812,3.2481086254119873,0.5093663930892944
1761399375165813200,15.971813232421875,9.431733131408691,3.257161855697632,0.4659714996814728
1761399375175893000,15.98189306640625,9.415122985839844,3.268234968185425,0.46627077460289
1761399375185974500,15.991974609375,9.437270164489746,3.275043487548828,0.5354781746864319
1761399375196054300,16.00205419921875,9.417966842651367,3.22566294670105,0.5934627652168274
1761399375206135000,16.012135009765625,9.318083763122559,3.162141799926758,0.6799532771110535
1761399375216216300,16.02221630859375,9.311124801635742,3.129446029663086,0.7602338790893555
1761399375236377900,16.0423779296875,9.293169021606445,3.1624412536621094,0.8227823972702026
1761399375246457300,16.052457275390626,9.267730712890625,3.1670799255371094,0.8170213103294373
1761399375276700400,16.082700439453124,9.08794116973877,3.2503533363342285,0.6380547285079956
1761399375286781400,16.092781494140624,9.176526069641113,3.215188503265381,0.712424635887146
1761399375296861000,16.10286083984375,9.41519832611084,3.28499436378479,1.0570400953292847
1761399375306942000,16.11294189453125,9.211990356445312,3.219153881072998,0.9149591326713562
1761399375317022700,16.123022705078125,9.257031440734863,2.990806818008423,0.5908440947532654
1761399375327078000,16.133077880859375,9.164929389953613,3.1494975090026855,0.480935275554657
1761399375337149700,16.143149658203125,9.064447402954102,3.4117374420166016,0.43918636441230774
1761399375347239000,16.153239013671875,9.091008186340332,3.4451065063476562,0.33660978078842163
1761399375357345800,16.163345703125,9.166351318359375,3.4099416732788086,0.29882630705833435
1761399375367425500,16.173425537109374,9.195230484008789,3.335571765899658,0.37641340494155884
1761399375377505500,16.183505615234374,9.352575302124023,3.2217724323272705,0.4076128304004669
1761399375387585800,16.193585693359374,9.624541282653809,3.1310172080993652,0.56233811378479
1761399375397688600,16.2036884765625,9.748366355895996,3.2024691104888916,0.7040449380874634
