time,seconds_elapsed,z,y,x
1761399311669135400,0.11813525390625,0.010998363606631756,-9.584961891174316,-1.7426047325134277
1761399311679215900,0.1282158203125,-0.0065092360600829124,-9.578752517700195,-1.7376667261123657
1761399311689297000,0.138296875,0.002843114547431469,-9.577031135559082,-1.740435004234314
1761399311699377700,0.148377685546875,-0.016385318711400032,-9.596334457397461,-1.761085033416748
1761399311709458200,0.158458251953125,-0.0454898327589035,-9.611223220825195,-1.7815853357315063
1761399311719539200,0.168539306640625,-0.04953004792332649,-9.632322311401367,-1.7842040061950684
1761399311729638100,0.17863818359375,-0.05394435673952103,-9.669282913208008,-1.792583703994751
1761399311739712500,0.18871240234375,-0.04900631681084633,-9.67347240447998,-1.7857751846313477
1761399311749806600,0.198806640625,-0.0007481880020350218,-9.647510528564453,-1.768641710281372
1761399311759887400,0.208887451171875,0.011148001998662949,-9.655441284179688,-1.7833809852600098
1761399311769964000,0.218964111328125,0.035164836794137955,-9.698686599731445,-1.7625813484191895
1761399311780048400,0.22904833984375,0.03688567131757736,-9.661426544189453,-1.7332524061203003
1761399311790116600,0.23911669921875,0.059406131505966187,-9.612944602966309,-1.7323545217514038
1761399311800205800,0.249205810546875,0.07018003612756729,-9.621698379516602,-1.7767969369888306
1761399311810290400,0.25929052734375,0.06808511167764664,-9.658060073852539,-1.8524386882781982
1761399311820371500,0.269371337890625,0.09487023949623108,-9.672574996948242,-1.8845360279083252
1761399311830443000,0.279443115234375,0.10923545062541962,-9.635015487670898,-1.859920620918274
1761399311840520400,0.2895205078125,0.12696750462055206,-9.608380317687988,-1.843834638595581
1761399311850601700,0.299601806640625,0.12322656810283661,-9.600449562072754,-1.8698714971542358
1761399311860679400,0.309679443359375,0.12337620556354523,-9.611896514892578,-1.9624972343444824
1761399311870775000,0.319775146484375,0.13617022335529327,-9.622221946716309,-2.0444986820220947
1761399311880847000,0.32984716796875,0.10841244459152222,-9.58361530303955,-2.0795137882232666
1761399311890936300,0.339936279296875,0.07676409184932709,-9.57396411895752,-2.103231430053711
1761399311901017300,0.350017333984375,0.07294833660125732,-9.643021583557129,-2.100837230682373
1761399311911097300,0.360097412109375,0.09659107774496078,-9.608156204223633,-2.180145025253296
1761399311921176600,0.370176513671875,0.147916778922081,-9.656713485717773,-2.205209493637085
1761399311931259100,0.380259033203125,0.21749825775623322,-9.616460800170898,-2.2852654457092285
1761399311941339600,0.390339599609375,0.3092261254787445,-9.621174812316895,-2.2509984970092773
1761399311951419000,0.4004189453125,0.38726213574409485,-9.706018447875977,-2.2013936042785645
1761399311961489700,0.41048974609375,0.43267714977264404,-9.751434326171875,-2.157923936843872
1761399311971582000,0.42058203125,0.45841479301452637,-9.77485179901123,-2.188225507736206
1761399311981662200,0.430662109375,0.4825812876224518,-9.726818084716797,-2.1804444789886475
1761399311991741400,0.440741455078125,0.4545990526676178,-9.7413330078125,-2.4007108211517334
1761399312001824000,0.450823974609375,0.4297592043876648,-9.698612213134766,-2.5080010890960693
1761399312011904800,0.46090478515625,0.4093336760997772,-9.762805938720703,-2.571073293685913
1761399312021972700,0.47097265625,0.4545242190361023,-9.703400611877441,-2.5382277965545654
1761399312032066000,0.481066162109375,0.5414636731147766,-9.711106300354004,-2.463857889175415
1761399312042140700,0.491140625,0.6855646967887878,-9.674520492553711,-2.2982091903686523
1761399312052225800,0.501225830078125,0.8466495871543884,-9.753828048706055,-2.287959098815918
1761399312062308900,0.511308837890625,0.9917980432510376,-9.84488296508789,-2.3399579524993896
1761399312072375600,0.52137548828125,1.12968909740448,-9.944840431213379,-2.4094648361206055
1761399312082469000,0.53146923828125,1.2300959825515747,-9.996091842651367,-2.5552117824554443
1761399312092549600,0.541549560546875,1.2778303623199463,-10.005443572998047,-2.6628761291503906
1761399312102630700,0.551630615234375,1.4131776094436646,-9.89546012878418,-2.6467151641845703
1761399312112699000,0.561698974609375,1.5599720478057861,-9.77328109741211,-2.6601076126098633
1761399312122766600,0.5717666015625,1.6811037063598633,-9.695918083190918,-2.680832624435425
1761399312132860000,0.58185986328125,1.9026421308517456,-9.817798614501953,-2.783708333969116
1761399312142954000,0.5919541015625,2.2434418201446533,-10.014796257019043,-2.8597991466522217
1761399312153030700,0.60203076171875,2.6385598182678223,-10.367791175842285,-2.8943653106689453
1761399312163091500,0.612091552734375,2.7554268836975098,-10.588356971740723,-3.11769962310791
1761399312173174300,0.62217431640625,2.19346284866333,-10.483685493469238,-3.511770248413086
1761399312183274200,0.632274169921875,1.7659481763839722,-9.88513469696045,-4.148852348327637
1761399312193356800,0.642356689453125,1.6409260034561157,-9.509245872497559,-3.9391350746154785
1761399312203451000,0.652450927734375,2.0188357830047607,-9.021651268005371,-3.2724995613098145
1761399312213518300,0.662518310546875,3.0170681476593018,-9.165752410888672,-2.3163154125213623
1761399312223599400,0.672599365234375,2.836904525756836,-9.24947452545166,-2.2679076194763184
1761399312233667600,0.68266748046875,2.42472767829895,-9.34621524810791,-1.9748423099517822
1761399312243764500,0.692764404296875,1.604040265083313,-9.407042503356934,-2.056469678878784
1761399312253841000,0.7028408203125,0.9698013067245483,-9.450138092041016,-2.2504000663757324
1761399312263913700,0.712913818359375,1.0939257144927979,-9.519570350646973,-2.1403415203094482
1761399312274002200,0.723002197265625,1.5541361570358276,-9.558850288391113,-2.078765630722046
1761399312284083200,0.733083251953125,1.9615246057510376,-9.406818389892578,-2.0911855697631836
1761399312294131500,0.74313134765625,2.2310218811035156,-8.966360092163086,-2.073528289794922
1761399312304232200,0.753232177734375,2.4477720260620117,-8.505775451660156,-1.9242647886276245
1761399312314323200,0.7633232421875,2.62591552734375,-8.11941146850586,-1.53670334815979
1761399312324393500,0.7733935546875,2.6657938957214355,-7.867197036743164,-1.370306372642517
1761399312334486000,0.783486083984375,2.6962451934814453,-7.70506477355957,-1.4451252222061157
1761399312344555000,0.793554931640625,2.6750714778900146,-7.528642177581787,-1.5055040121078491
1761399312354644500,0.80364453125,2.6717793941497803,-7.416039943695068,-1.7589151859283447
1761399312364716300,0.81371630859375,2.725499391555786,-7.39516544342041,-1.9639188051223755
1761399312374807800,0.823807861328125,2.778096914291382,-7.469759464263916,-1.9767128229141235
1761399312384890000,0.83389013671875,2.9164369106292725,-7.683516979217529,-2.1950340270996094
1761399312394969900,0.843969970703125,3.02058482170105,-7.9818196296691895,-2.2637176513671875
1761399312405051400,0.854051513671875,2.933720111846924,-7.974412441253662,-2.4414870738983154
1761399312415121400,0.864121337890625,2.9993362426757812,-8.411579132080078,-1.905859351158142
1761399312425213200,0.874213134765625,3.074753522872925,-8.543035507202148,-1.9121441841125488
1761399312435298800,0.884298828125,3.163937568664551,-8.28318977355957,-2.1814918518066406
1761399312445359900,0.89435986328125,3.276390314102173,-8.100855827331543,-2.190544843673706
1761399312455454700,0.904454833984375,3.3318309783935547,-7.802030086517334,-2.3067386150360107
1761399312465525000,0.91452490234375,3.341557502746582,-7.44409704208374,-2.3824551105499268
1761399312475616300,0.9246162109375,3.446453332901001,-7.1408562660217285,-2.4338557720184326
1761399312485664500,0.93466455078125,3.5562872886657715,-7.008127689361572,-2.4456021785736084
1761399312495776000,0.94477587890625,3.703979730606079,-7.049128532409668,-2.4524855613708496
1761399312505844200,0.95484423828125,3.87007737159729,-7.251962184906006,-2.4868273735046387
1761399312515939600,0.964939697265625,3.966967821121216,-7.512929916381836,-2.5846903324127197
1761399312526020000,0.97502001953125,4.002880573272705,-7.806145191192627,-2.767023801803589
1761399312536089300,0.98508935546875,3.9425768852233887,-8.074969291687012,-2.986542224884033
1761399312546168800,0.9951689453125,3.838578701019287,-8.284835815429688,-3.2188546657562256
1761399312556249300,1.005249267578125,3.783811330795288,-8.403199195861816,-3.398644208908081
1761399312566343200,1.01534326171875,3.7689971923828125,-8.43971061706543,-3.4914941787719727
1761399312576423700,1.025423583984375,3.784335136413574,-8.43896198272705,-3.522843360900879
1761399312586493400,1.035493408203125,3.898059606552124,-8.383296966552734,-3.5796308517456055
1761399312596561400,1.0455615234375,4.14915132522583,-8.279298782348633,-3.685424566268921
1761399312606649900,1.05564990234375,4.49406623840332,-8.206799507141113,-3.7870285511016846
1761399312616746200,1.065746337890625,4.74964714050293,-8.186224937438965,-3.8501007556915283
1761399312626819600,1.075819580078125,4.912527561187744,-8.239645004272461,-3.8920741081237793
1761399312636894700,1.085894775390625,5.024755954742432,-8.331747055053711,-3.8120179176330566
1761399312646975700,1.095975830078125,5.001936435699463,-8.38688850402832,-3.6797382831573486
1761399312657069000,1.106069091796875,4.950311183929443,-8.456095695495605,-3.478550672531128
1761399312667137000,1.116136962890625,5.220706462860107,-8.987459182739258,-3.1210663318634033
1761399312677218000,1.126218017578125,5.385457515716553,-10.5013427734375,-2.6569652557373047
1761399312687296300,1.136296142578125,5.3266496658325195,-12.723910331726074,-2.6378865242004395
1761399312697374700,1.146374755859375,5.748777389526367,-14.60380744934082,-2.462735652923584
1761399312707472600,1.15647265625,6.280664443969727,-15.576077461242676,-2.146925449371338
1761399312717548500,1.166548583984375,5.7299981117248535,-15.198018074035645,-1.7918355464935303
1761399312727624200,1.176624267578125,5.056703567504883,-13.517513275146484,-1.2730419635772705
1761399312737715000,1.18671484375,4.020987033843994,-10.266860961914062,-1.4229787588119507
1761399312747795500,1.19679541015625,1.1545289754867554,-6.6233344078063965,-1.8308161497116089
1761399312757861400,1.206861328125,-0.6224924325942993,-3.7655556201934814,-1.1537808179855347
1761399312767955000,1.216954833984375,-0.5846341252326965,-2.2735190391540527,0.38397011160850525
1761399312778024400,1.2270244140625,-0.046163201332092285,-2.758793830871582,1.4980220794677734
1761399312788118000,1.237117919921875,-0.49567458033561707,-4.844293117523193,1.7839046716690063
1761399312798185700,1.247185791015625,-1.686789870262146,-7.561263084411621,1.218573808670044
1761399312808266800,1.257266845703125,-2.625765800476074,-11.31799030303955,-0.011671733111143112
1761399312818358500,1.267358642578125,-3.1019127368927,-15.878944396972656,-2.828225612640381
1761399312828440800,1.27744091796875,-3.232022762298584,-17.545608520507812,-5.324554920196533
1761399312838530000,1.287530029296875,-2.458695411682129,-14.24228286743164,-6.698901653289795
1761399312848602400,1.297602294921875,-1.04604172706604,-10.564714431762695,-6.6041059494018555
1761399312868763600,1.317763671875,0.2511667311191559,-8.138041496276855,-3.5092263221740723
1761399312878841900,1.327841796875,0.22034136950969696,-8.632593154907227,-1.8519150018692017
1761399312888912400,1.337912353515625,0.32194530963897705,-9.174880027770996,-0.7321767807006836
1761399312898993200,1.3479931640625,0.7166144847869873,-9.478494644165039,-0.07062894850969315
1761399312909086200,1.358086181640625,0.8954314589500427,-9.456947326660156,-0.08245032280683517
1761399312919154700,1.36815478515625,0.5316624045372009,-9.380631446838379,-0.5182698369026184
1761399312929233000,1.37823291015625,0.013691840693354607,-9.414599418640137,-1.0957962274551392
1761399312939318000,1.388318115234375,-0.3000982105731964,-9.43248176574707,-1.6117466688156128
1761399312949407000,1.398406982421875,-0.21525369584560394,-9.216928482055664,-1.7663222551345825
1761399312959490000,1.408489990234375,-0.22617724537849426,-9.26758098602295,-2.0797383785247803
1761399312969547300,1.41854736328125,-0.42519524693489075,-8.861165046691895,-1.9984102249145508
1761399312979648800,1.428648681640625,-0.8022072315216064,-8.570569038391113,-2.2131402492523193
1761399312989730800,1.438730712890625,-1.1763759851455688,-8.14597225189209,-2.44014048576355
1761399312999807500,1.448807373046875,-1.5983541011810303,-7.911340236663818,-3.0189387798309326
1761399313009889300,1.45888916015625,-1.9306243658065796,-7.91395902633667,-3.744232177734375
1761399313019974100,1.46897412109375,-2.052504301071167,-7.93131685256958,-4.338518142700195
1761399313030044400,1.47904443359375,-1.4946552515029907,-8.15524959564209,-5.135712146759033
1761399313040135200,1.48913525390625,-1.039083480834961,-8.291719436645508,-5.335329055786133
1761399313050216000,1.4992158203125,-0.685639500617981,-8.554408073425293,-5.219583988189697
1761399313060296700,1.509296630859375,-0.27219080924987793,-8.938003540039062,-4.967220306396484
1761399313070377200,1.519377197265625,-0.060229137539863586,-9.206828117370605,-4.219780445098877
1761399313080454000,1.529453857421875,0.24518121778964996,-9.156025886535645,-3.3955764770507812
1761399313090515500,1.539515380859375,0.3960907459259033,-9.324143409729004,-3.0148985385894775
1761399313100627700,1.549627685546875,0.5268740057945251,-9.323545455932617,-2.6897358894348145
1761399313110689300,1.559689208984375,0.46918871998786926,-9.374496459960938,-2.8214919567108154
1761399313120768300,1.569768310546875,0.6148609519004822,-9.485004425048828,-3.0965259075164795
1761399313130851000,1.57985107421875,0.7870938181877136,-9.581595420837402,-3.323002338409424
1761399313140927500,1.589927490234375,0.6715735793113708,-9.476400375366211,-3.1647605895996094
1761399313151010300,1.60001025390625,0.47884035110473633,-9.289651870727539,-2.799570083618164
1761399313161089500,1.610089599609375,0.39616554975509644,-9.1638822555542,-2.5602993965148926
1761399313171171600,1.620171630859375,0.45833998918533325,-9.07559585571289,-2.6622774600982666
1761399313181253600,1.630253662109375,0.18450316786766052,-8.860715866088867,-2.881870746612549
1761399313191345700,1.640345703125,0.4248211681842804,-8.641871452331543,-3.568931818008423
1761399313201425000,1.6504248046875,-0.16632220149040222,-8.334216117858887,-4.0877251625061035
1761399313211505700,1.660505615234375,0.11761515587568283,-8.75881290435791,-5.030890941619873
1761399313221587500,1.67058740234375,-0.46417585015296936,-9.247005462646484,-5.49312162399292
1761399313231656200,1.68065625,-0.6117185354232788,-9.677812576293945,-5.4566850662231445
1761399313241749200,1.690749267578125,-0.2687491476535797,-9.88969898223877,-4.630835056304932
1761399313251830000,1.700830078125,0.30541035532951355,-10.234015464782715,-3.454683303833008
1761399313261897500,1.7108974609375,0.30555999279022217,-10.403853416442871,-2.542642116546631
1761399313271989200,1.7209892578125,0.008454524911940098,-10.489222526550293,-2.2554128170013428
1761399313282072300,1.731072265625,-0.10362404584884644,-10.556783676147461,-2.5008184909820557
1761399313292139500,1.741139404296875,-0.1016039326786995,-10.55798053741455,-2.8879308700561523
1761399313302231000,1.75123095703125,-0.06965630501508713,-10.46939468383789,-2.796128273010254
1761399313312301300,1.76130126953125,0.017657237127423286,-10.391807556152344,-2.5375545024871826
1761399313322376000,1.7713759765625,0.03464110568165779,-10.433706283569336,-2.4904935359954834
1761399313332459500,1.78145947265625,-0.14776714146137238,-10.285415649414062,-2.6932525634765625
1761399313342556000,1.791555908203125,-0.553509533405304,-11.392733573913574,-4.859406471252441
1761399313352638500,1.801638427734375,-0.33930328488349915,-11.502418518066406,-6.168960094451904
1761399313362707700,1.811707763671875,0.09778817743062973,-11.063905715942383,-6.86140775680542
1761399313372785400,1.821785400390625,-0.4901379644870758,-10.701034545898438,-7.309422969818115
1761399313382879000,1.83187890625,-0.7047930955886841,-10.663025856018066,-7.666009426116943
1761399313392960000,1.8419599609375,-0.6808511018753052,-11.038092613220215,-6.961814880371094
1761399313403025700,1.852025634765625,-0.13085809350013733,-10.792387962341309,-4.800449371337891
1761399313413120800,1.862120849609375,0.772429347038269,-10.299631118774414,-2.5307459831237793
1761399313423208400,1.87220849609375,1.7673697471618652,-10.334721565246582,-1.0350433588027954
1761399313433272000,1.88227197265625,1.974692702293396,-11.169848442077637,-0.14155717194080353
1761399313443350300,1.892350341796875,1.6890344619750977,-12.358270645141602,0.5803694725036621
1761399313453443600,1.902443603515625,0.8482207655906677,-13.191527366638184,1.2081739902496338
1761399313463507500,1.912507568359375,0.07047931104898453,-13.419126510620117,1.4861258268356323
1761399313473616400,1.922616455078125,-0.3642927408218384,-13.03044319152832,1.083675503730774
1761399313483661600,1.93266162109375,-0.6434416770935059,-11.933673858642578,0.007032967638224363
1761399313493731600,1.942731689453125,-0.4033481776714325,-10.982053756713867,-1.275959849357605
1761399313503847200,1.95284716796875,0.5660790801048279,-10.829123497009277,-2.2328922748565674
1761399313513915100,1.9629150390625,1.3722516298294067,-11.283573150634766,-3.2416741847991943
1761399313524007000,1.9730068359375,1.3519757986068726,-11.482292175292969,-3.6505589485168457
1761399313534089500,1.98308935546875,0.8337807655334473,-11.35240650177002,-3.5021185874938965
1761399313544159700,1.99315966796875,0.8025065064430237,-10.812065124511719,-3.484311580657959
1761399313554247700,2.00324755859375,0.8848071694374084,-10.19264030456543,-3.058293342590332
1761399313564311300,2.013311279296875,1.0338462591171265,-9.616236686706543,-2.522141933441162
1761399313574412000,2.023412109375,1.0528502464294434,-9.178321838378906,-2.3361423015594482
1761399313584491500,2.033491455078125,0.9090484380722046,-8.697311401367188,-2.327089309692383
1761399313594569200,2.0435693359375,0.4687398076057434,-8.218396186828613,-2.0068647861480713
1761399313604651800,2.05365185546875,0.3661632239818573,-7.868244647979736,-1.5898995399475098
1761399313614723000,2.06372314453125,0.025737667456269264,-7.579967975616455,-1.3604302406311035
1761399313624815600,2.073815673828125,0.06973112374544144,-7.409829616546631,-1.1041010618209839
1761399313634873300,2.083873291015625,0.30780455470085144,-7.277550220489502,-0.9421183466911316
1761399313644952600,2.09395263671875,0.7504326105117798,-7.173402309417725,-1.0310031175613403
1761399313655056000,2.104055908203125,1.1649287939071655,-7.469235897064209,-0.005985504016280174
1761399313665138000,2.114137939453125,1.3771148920059204,-7.414468765258789,0.05903203412890434
1761399313675207400,2.12420751953125,1.6634464263916016,-7.186420917510986,0.1455225646495819
1761399313685287400,2.134287353515625,1.7194108963012695,-6.785167694091797,0.43933600187301636
1761399313695380500,2.14438037109375,1.692326545715332,-6.23891544342041,0.7178115844726562
1761399313705448400,2.154448486328125,1.5512182712554932,-5.580285549163818,0.8233060836791992
1761399313715539700,2.164539794921875,1.3515268564224243,-5.045405864715576,0.6444143652915955
1761399313725609700,2.174609619140625,1.1309610605239868,-4.615048408508301,0.4431517720222473
1761399313735687000,2.18468701171875,1.1461492776870728,-4.51875638961792,0.020949264988303185
1761399313745784300,2.194784423828125,1.1231799125671387,-4.586766719818115,-0.46492403745651245
1761399313755837400,2.20483740234375,1.2305448055267334,-4.636970043182373,-1.0730513334274292
1761399313765932300,2.214932373046875,1.4927847385406494,-4.689493179321289,-1.6790087223052979
1761399313776024000,2.225024169921875,1.98958158493042,-4.878934383392334,-2.2456862926483154
1761399313786107100,2.235107177734375,2.6199300289154053,-5.34512996673584,-2.907907485961914
1761399313796187100,2.245187255859375,3.523367166519165,-6.12249755859375,-3.7358524799346924
1761399313806267600,2.255267578125,4.80202054977417,-7.215749740600586,-4.7771806716918945
1761399313816336100,2.265336181640625,6.384064197540283,-8.619200706481934,-5.836091041564941
1761399313826433500,2.27543359375,7.075613975524902,-10.314894676208496,-6.673612594604492
1761399313836499000,2.2854990234375,6.913406848907471,-12.32205867767334,-7.881113529205322
1761399313846590700,2.2955908203125,6.833799839019775,-14.093916893005371,-9.188871383666992
1761399313856671500,2.30567138671875,6.737208843231201,-14.205771446228027,-9.247529029846191
1761399313866752300,2.315752197265625,6.454617977142334,-12.53177547454834,-8.090681076049805
1761399313876832500,2.32583251953125,6.029572486877441,-10.777423858642578,-6.606799602508545
1761399313886893300,2.335893310546875,5.638045787811279,-9.484106063842773,-5.512873649597168
1761399313896984800,2.34598486328125,5.432892799377441,-8.388235092163086,-4.658218860626221
1761399313907074300,2.35607421875,5.38246488571167,-7.3704752922058105,-4.058919906616211
1761399313917150700,2.366150634765625,5.667823791503906,-6.56879186630249,-3.594519853591919
1761399313927223300,2.376223388671875,5.765162944793701,-6.954108238220215,-3.096675395965576
1761399313937321700,2.38632177734375,4.759373664855957,-9.918055534362793,-3.5330934524536133
1761399313947397600,2.396397705078125,4.982932090759277,-13.561506271362305,-3.9928550720214844
1761399313957468200,2.40646826171875,5.400122165679932,-16.10586929321289,-3.321131944656372
1761399313967544300,2.41654443359375,4.659041881561279,-17.11719512939453,-2.3348703384399414
1761399313977650000,2.42664990234375,2.006565570831299,-15.379902839660645,-2.1983261108398438
1761399313987720700,2.436720703125,-1.029132604598999,-10.586710929870605,-2.5307459831237793
1761399313997801500,2.446801513671875,-1.292494773864746,-5.917943000793457,-1.7013795375823975
1761399314007869000,2.456868896484375,-0.5612158179283142,-3.6157681941986084,-0.04017769545316696
1761399314017968000,2.466968017578125,-0.8429086208343506,-3.393406867980957,0.7929296493530273
1761399314028030500,2.477030517578125,-1.4502876996994019,-4.798803329467773,1.0788123607635498
1761399314038122000,2.4871220703125,-2.0713586807250977,-6.458807945251465,1.3372365236282349
1761399314048191500,2.49719140625,-2.4082677364349365,-7.8996686935424805,0.9521440863609314
1761399314058285800,2.507285888671875,-3.0515596866607666,-9.88513469696045,-0.5039046406745911
1761399314068332500,2.51733251953125,-3.2159366607666016,-12.611532211303711,-2.380584716796875
1761399314078446800,2.52744677734375,-2.5138368606567383,-14.40568733215332,-4.177882194519043
1761399314088527400,2.53752734375,-1.343521237373352,-13.94009017944336,-4.808080673217773
1761399314098593300,2.54759326171875,-0.7275380492210388,-11.30990982055664,-4.548609256744385
1761399314108689000,2.55768896484375,-0.5897966027259827,-9.475801467895508,-4.142642498016357
1761399314118756900,2.5677568359375,-0.5101146101951599,-8.821660995483398,-3.461491823196411
1761399314128850000,2.577849853515625,-0.1372925043106079,-8.443975448608398,-2.5709238052368164
1761399314138918400,2.58791845703125,0.4472668170928955,-8.403423309326172,-1.9788825511932373
1761399314148999400,2.59799951171875,0.8211363554000854,-8.82442855834961,-1.456647276878357
1761399314159098000,2.60809814453125,0.9030629396438599,-9.247379302978516,-1.2722938060760498
1761399314169160400,2.618160400390625,0.5868038535118103,-9.496002197265625,-1.3273603916168213
1761399314179253800,2.628253662109375,0.3274818956851959,-9.652972221374512,-1.4401870965957642
1761399314189334000,2.638333984375,0.06599018722772598,-9.542689323425293,-1.5709704160690308
1761399314199404000,2.648404052734375,-0.26755204796791077,-9.339631080627441,-1.7031751871109009
1761399314209492000,2.658491943359375,-0.49896660447120667,-8.730381965637207,-1.5568296909332275
1761399314219574500,2.668574462890625,-0.6860884428024292,-8.194454193115234,-1.7402853965759277
1761399314229644500,2.67864453125,-0.7614309787750244,-7.946654796600342,-2.1403415203094482
1761399314239736800,2.68873681640625,-0.8514379858970642,-7.920094013214111,-2.709787368774414
1761399314249806600,2.698806640625,-0.9974842667579651,-8.0354642868042,-3.288510799407959
1761399314259899100,2.708899169921875,-1.0539724826812744,-8.281767845153809,-3.8111202716827393
1761399314269982700,2.718982666015625,-0.8652046322822571,-8.544157981872559,-4.144213676452637
1761399314280047900,2.7290478515625,-0.3076549172401428,-8.650849342346191,-4.357820987701416
1761399314290138600,2.739138671875,0.47083473205566406,-8.599822998046875,-4.526612281799316
1761399314300221700,2.7492216796875,1.054795503616333,-8.51325798034668,-4.606818199157715
1761399314310290000,2.7592900390625,1.2562825679779053,-8.453701972961426,-4.522048473358154
1761399314320370000,2.769369873046875,1.209820032119751,-8.463652610778809,-4.383933067321777
1761399314330451200,2.779451171875,1.0148422718048096,-8.53764820098877,-4.212149143218994
1761399314340531700,2.78953173828125,0.6349871754646301,-8.689230918884277,-4.154987335205078
1761399314350614500,2.799614501953125,0.2700210511684418,-8.58149242401123,-3.9245455265045166
1761399314360692200,2.809692138671875,-0.019303251057863235,-8.480337142944336,-3.8274307250976562
1761399314370786300,2.819786376953125,-0.08147767931222916,-8.51834487915039,-3.6699371337890625
1761399314380867800,2.829867919921875,-0.0022445640061050653,-8.843731880187988,-3.510498285293579
1761399314390939400,2.839939453125,-0.18465280532836914,-9.57979965209961,-3.712134838104248
1761399314401009400,2.850009521484375,-0.21517887711524963,-9.49121379852295,-3.1723921298980713
1761399314411097000,2.86009716796875,0.044666826725006104,-9.391031265258789,-2.7105355262756348
1761399314421175600,2.870175537109375,0.3010708689689636,-9.606135368347168,-3.0107834339141846
1761399314431271200,2.880271240234375,0.1438017338514328,-9.974767684936523,-3.7719151973724365
1761399314441339100,2.890339111328125,-0.21383213996887207,-9.990405082702637,-4.263998508453369
1761399314451423000,2.900423095703125,-0.558447539806366,-9.738863945007324,-4.360963344573975
1761399314461512700,2.9105126953125,-0.9434651136398315,-9.614814758300781,-4.433836936950684
1761399314471592700,2.9205927734375,-1.3070844411849976,-9.727192878723145,-4.511050224304199
1761399314481670700,2.930670654296875,-1.2541875839233398,-9.998934745788574,-4.548384666442871
1761399314491755000,2.940755126953125,-0.89805006980896,-10.317587852478027,-4.551452159881592
1761399314501816800,2.95081689453125,-0.5369745492935181,-10.323348999023438,-4.311807632446289
1761399314511916300,2.960916259765625,-0.29568392038345337,-10.16869831085205,-4.105382442474365
1761399314521997300,2.970997314453125,-0.4651485085487366,-10.127922058105469,-4.2681884765625
1761399314532066800,2.98106689453125,-0.8268225789070129,-10.381782531738281,-4.769698619842529
1761399314542145800,2.991145751953125,-0.7572411298751831,-10.716297149658203,-5.323432445526123
1761399314552224800,3.001224853515625,-0.47801733016967773,-10.789769172668457,-5.57826566696167
1761399314562320000,3.01131982421875,-0.35112464427948,-10.541969299316406,-5.698948383331299
1761399314572400600,3.021400634765625,-0.13272856175899506,-10.742408752441406,-5.879411220550537
1761399314582475000,3.03147509765625,0.23156419396400452,-11.251102447509766,-4.984802722930908
1761399314592549400,3.04154931640625,0.9980828166007996,-11.62414836883545,-3.1892263889312744
1761399314602627000,3.051626953125,1.8033576011657715,-11.876362800598145,-1.5444097518920898
1761399314612721200,3.06172119140625,2.3242461681365967,-12.249110221862793,-0.25588029623031616
1761399314622804200,3.07180419921875,1.9850176572799683,-12.784887313842773,0.8085668087005615
1761399314632872200,3.0818720703125,1.4725836515426636,-13.590312004089355,1.7691653966903687
1761399314642954800,3.091954833984375,0.839616596698761,-14.309246063232422,2.536207675933838
1761399314653046500,3.102046630859375,0.21502923965454102,-14.281413078308105,2.902071714401245
1761399314663116500,3.112116455078125,-0.06636428087949753,-13.422418594360352,2.5433156490325928
1761399314673207800,3.122207763671875,0.11911153793334961,-12.040664672851562,1.3742717504501343
1761399314683286500,3.13228662109375,0.7020248174667358,-11.026570320129395,0.034341830760240555
1761399314693372000,3.142371826171875,1.57523512840271,-10.781314849853516,-1.1979986429214478
1761399314703449300,3.152449462890625,2.0271406173706055,-10.659883499145508,-2.1476738452911377
1761399314713517300,3.162517333984375,1.6929250955581665,-10.239850997924805,-3.107973098754883
1761399314723611100,3.172611083984375,1.368959665298462,-9.68581771850586,-3.772738218307495
1761399314733692000,3.18269189453125,1.0730513334274292,-9.169268608093262,-3.7042789459228516
1761399314743767600,3.192767578125,0.7693617343902588,-8.564284324645996,-3.6857986450195312
1761399314753853200,3.202853271484375,1.0776900053024292,-8.146869659423828,-3.824063777923584
1761399314763933700,3.21293359375,1.548674464225769,-8.013467788696289,-3.4909706115722656
1761399314774014700,3.2230146484375,1.5418659448623657,-7.807940483093262,-2.8972084522247314
1761399314784083000,3.2330830078125,0.9293243288993835,-7.92555570602417,-1.7655740976333618
1761399314794176000,3.243176025390625,0.3878606855869293,-7.854702472686768,-1.2591255903244019
1761399314804254200,3.253254150390625,0.2593219578266144,-7.7462897300720215,-1.1846809387207031
1761399314814337500,3.263337646484375,0.6926724910736084,-7.67154598236084,-1.0451438426971436
1761399314824406500,3.273406494140625,1.227851390838623,-7.539340972900391,-0.6884077787399292
1761399314834488000,3.283488037109375,1.5207669734954834,-7.313238620758057,-0.3991583287715912
1761399314844577500,3.29357763671875,1.6494553089141846,-7.037381649017334,-0.04638765752315521
1761399314854655700,3.30365576171875,1.627308964729309,-6.621164798736572,0.392424613237381
1761399314864738600,3.313738525390625,1.6522235870361328,-6.069301128387451,0.8409633636474609
1761399314874819800,3.32381982421875,1.8133084774017334,-5.640514850616455,1.2170774936676025
1761399314884889300,3.333889404296875,1.9271079301834106,-5.395857334136963,1.1943325996398926
1761399314894983000,3.34398291015625,1.9627217054367065,-5.329866886138916,0.7843255400657654
1761399314905063700,3.354063720703125,1.900996208190918,-5.3628621101379395,0.27660512924194336
1761399314915120000,3.3641201171875,1.8415900468826294,-5.524844646453857,-0.10339958220720291
1761399314935280000,3.384280029296875,1.7423802614212036,-5.810952186584473,-0.8123077750205994
1761399314945361700,3.394361572265625,1.7903391122817993,-5.918391704559326,-1.2398223876953125
1761399314955447300,3.404447265625,1.890745997428894,-6.0440874099731445,-1.8394203186035156
1761399314965521700,3.414521728515625,2.104203939437866,-6.427309513092041,-2.6746973991394043
1761399314975592000,3.424592041015625,2.4286930561065674,-7.028702735900879,-3.665447950363159
1761399314985682700,3.4346826171875,3.1432127952575684,-7.641319274902344,-4.791844844818115
1761399314995771600,3.444771728515625,4.249109268188477,-8.221314430236816,-5.83115291595459
1761399315005845200,3.45484521484375,5.727005481719971,-8.8163480758667,-6.742371082305908
1761399315015950800,3.464950927734375,7.262137413024902,-9.686716079711914,-7.571438312530518
1761399315026031900,3.475031982421875,8.128314971923828,-10.87102222442627,-8.389357566833496
1761399315036113000,3.48511279296875,8.197671890258789,-12.289661407470703,-9.103727340698242
1761399315046189800,3.49518994140625,7.926079750061035,-12.751443862915039,-9.307010650634766
1761399315056272000,3.50527197265625,7.4188079833984375,-12.212224006652832,-8.41307544708252
1761399315066355000,3.51535498046875,6.9805192947387695,-11.25327205657959,-7.076287746429443
1761399315076416500,3.52541650390625,6.669796943664551,-10.247407913208008,-5.794940948486328
1761399315086503000,3.5355029296875,6.356755256652832,-9.107019424438477,-4.574047565460205
1761399315096589600,3.545589599609375,6.441823959350586,-8.176572799682617,-3.54207181930542
1761399315106677200,3.55567724609375,5.4619221687316895,-8.595258712768555,-2.6997616291046143
1761399315116745200,3.5657451171875,4.499902248382568,-10.904690742492676,-2.5667338371276855
1761399315126838300,3.57583837890625,5.7428669929504395,-14.363414764404297,-1.6519243717193604
1761399315136907000,3.585906982421875,6.745214462280273,-17.264738082885742,0.40701428055763245
1761399315147011600,3.596011474609375,6.468534469604492,-17.47153663635254,1.2472294569015503
1761399315157080600,3.60608056640625,0.9910498857498169,-13.60983943939209,1.1343278884887695
1761399315167167700,3.616167724609375,-2.64402174949646,-6.938396453857422,0.6774094700813293
1761399315177242400,3.626242431640625,-1.8649334907531738,-2.4366986751556396,0.4149450957775116
1761399315187320600,3.636320556640625,-1.590423345565796,-1.8781015872955322,0.1239747554063797
1761399315197403600,3.646403564453125,-2.70455002784729,-3.5376574993133545,-0.6891559958457947
1761399315207471000,3.65647119140625,-3.123460531234741,-6.8232502937316895,-1.0919055938720703
1761399315217552400,3.666552490234375,-3.4827404022216797,-10.457050323486328,-0.9428665637969971
1761399315227646000,3.67664599609375,-3.0418331623077393,-13.26799201965332,-1.2944401502609253
1761399315237726500,3.6867265625,-2.203937530517578,-14.117485046386719,-2.8086230754852295
1761399315247795700,3.696795654296875,-1.42223060131073,-13.702165603637695,-4.579509258270264
1761399315257887700,3.7068876953125,-0.8684966564178467,-11.527632713317871,-5.552826881408691
1761399315267968300,3.71696826171875,-0.645237386226654,-9.000627517700195,-5.645901679992676
1761399315278049000,3.727049072265625,-0.20066402852535248,-8.42392349243164,-5.254973411560059
1761399315288117800,3.73711767578125,0.33601123094558716,-8.473379135131836,-4.767454147338867
1761399315308290800,3.757290771484375,0.22445641458034515,-7.960720539093018,-3.6210803985595703
1761399315318346200,3.76734619140625,0.4712088108062744,-7.915530204772949,-3.2439188957214355
1761399315328452600,3.77745263671875,0.48400282859802246,-8.171036720275879,-2.9816789627075195
1761399315338537500,3.787537353515625,0.5139303803443909,-8.811111450195312,-2.525134563446045
1761399315348614000,3.79761376953125,0.5998971462249756,-9.45223331451416,-1.9829227924346924
1761399315358694700,3.807694580078125,-0.05386953800916672,-9.71701717376709,-1.4570962190628052
1761399315368775400,3.817775390625,-0.5047276616096497,-9.670180320739746,-0.7783399820327759
1761399315378843400,3.827843505859375,-0.8035539388656616,-9.01431941986084,-0.4213795065879822
1761399315388936400,3.8379365234375,-1.0067617893218994,-8.073098182678223,-0.6090998649597168
1761399315399004700,3.848004638671875,-1.1240776777267456,-7.81953763961792,-1.550993800163269
1761399315409072400,3.858072265625,-0.9569324851036072,-8.125696182250977,-2.9174845218658447
1761399315419178800,3.8681787109375,-0.7396587133407593,-8.545055389404297,-4.240131378173828
1761399315429253600,3.878253662109375,-0.6573579907417297,-8.776993751525879,-5.407678604125977
1761399315439338200,3.888338134765625,-0.39466917514801025,-8.772205352783203,-5.871405601501465
1761399315449418200,3.898418212890625,0.1710357815027237,-8.641571998596191,-5.833023548126221
1761399315459503600,3.908503662109375,0.8969278335571289,-8.568174362182617,-5.491325855255127
1761399315469579800,3.918579833984375,1.4881459474563599,-8.60423755645752,-4.901305198669434
1761399315479650300,3.928650390625,1.6598551273345947,-8.583288192749023,-4.36612606048584
1761399315489746400,3.938746337890625,1.4651765823364258,-8.493206024169922,-3.9355437755584717
1761399315499811300,3.948811279296875,0.9541642069816589,-8.350077629089355,-3.8487541675567627
1761399315509900500,3.958900634765625,0.41861119866371155,-8.18644905090332,-4.108524799346924
1761399315519985400,3.9689853515625,-0.004863222129642963,-8.134599685668945,-4.160973072052002
1761399315530063000,3.97906298828125,0.12621931731700897,-8.190788269042969,-4.1175031661987305
1761399315540146700,3.989146728515625,0.24084173142910004,-8.479887962341309,-4.026673316955566
1761399315550214100,3.999214111328125,0.2604442536830902,-8.762104988098145,-4.009913921356201
1761399315560316400,4.00931640625,0.2520645558834076,-8.87635326385498,-4.0155253410339355
1761399315570385000,4.019385009765625,0.10175357013940811,-8.81088638305664,-4.001608848571777
1761399315580469800,4.0294697265625,-0.16183307766914368,-8.714295387268066,-3.9688382148742676
1761399315590550500,4.039550537109375,-0.3993827700614929,-8.505475997924805,-3.868356466293335
1761399315600630800,4.049630859375,-0.5450549721717834,-8.317082405090332,-3.6391117572784424
1761399315610711800,4.0597119140625,-0.4926818311214447,-8.400430679321289,-3.490746021270752
1761399315620780500,4.069780517578125,-0.2762310206890106,-8.981922149658203,-3.5948939323425293
1761399315630873300,4.079873291015625,-0.4975450336933136,-9.301697731018066,-3.7047278881073
1761399315640939000,4.08993896484375,-0.7665186524391174,-8.718485832214355,-3.444807291030884
1761399315651034000,4.1000341796875,-0.6257096529006958,-8.492981910705566,-3.354875087738037
1761399315661104000,4.110104248046875,-0.118138886988163,-8.839168548583984,-3.3325042724609375
1761399315671183400,4.120183349609375,0.18809446692466736,-9.30469036102295,-3.3291375637054443
1761399315691347500,4.140347412109375,-0.7969698905944824,-9.874959945678711,-3.996596097946167
1761399315701436000,4.150435791015625,-1.4442273378372192,-9.87458610534668,-4.574945449829102
1761399315711519000,4.16051904296875,-1.6888099908828735,-9.778518676757812,-5.089474201202393
1761399315721588700,4.170588623046875,-1.5406688451766968,-9.745597839355469,-5.3266496658325195
1761399315731680300,4.18068017578125,-1.6571617126464844,-9.77904224395752,-5.314978122711182
1761399315741764600,4.1907646484375,-2.003048896789551,-10.0742769241333,-5.149478912353516
1761399315751841500,4.200841552734375,-1.6927753686904907,-10.669535636901855,-5.15277099609375
1761399315761927700,4.210927734375,-0.7589619159698486,-11.408894538879395,-5.461997032165527
1761399315772002600,4.22100244140625,-0.29620763659477234,-12.0677490234375,-5.759551525115967
1761399315782083800,4.231083740234375,0.42541971802711487,-12.74149227142334,-5.891830921173096
1761399315792163600,4.24116357421875,1.7803882360458374,-13.118205070495605,-4.657769680023193
1761399315802239500,4.251239501953125,2.71457576751709,-12.919112205505371,-2.502988338470459
1761399315812329500,4.26132958984375,2.7160720825195312,-12.285771369934082,-0.7541735172271729
1761399315822406400,4.271406494140625,2.561721086502075,-11.955820083618164,0.7042694091796875
1761399315832472300,4.281472412109375,2.126500129699707,-12.285995483398438,2.078840494155884
1761399315842554600,4.2915546875,1.8101661205291748,-13.251906394958496,3.163264274597168
1761399315852648000,4.30164794921875,1.4339771270751953,-14.447660446166992,3.745504140853882
1761399315862729200,4.311729248046875,0.9119663834571838,-14.84659481048584,3.6646249294281006
1761399315872797000,4.321796875,0.6367828249931335,-14.03032112121582,2.61783504486084
1761399315882890200,4.33189013671875,0.7463175654411316,-12.68635082244873,1.1009587049484253
1761399315892969000,4.341968994140625,1.1373955011367798,-11.89963150024414,-0.3817255198955536
1761399315903051800,4.3520517578125,1.4920365810394287,-11.636119842529297,-1.7018284797668457
1761399315913132300,4.36213232421875,1.284713625907898,-11.264719009399414,-2.225036382675171
1761399315923200300,4.3722001953125,0.9103204011917114,-10.903194427490234,-2.704026460647583
1761399315933294300,4.38229443359375,0.29538464546203613,-10.153435707092285,-2.9133694171905518
1761399315943374000,4.3923740234375,-0.06397007405757904,-9.461660385131836,-2.58813214302063
1761399315953455400,4.402455322265625,0.5471498966217041,-9.02127742767334,-2.6728270053863525
1761399315963521800,4.412521728515625,1.321973443031311,-8.61164379119873,-2.6922049522399902
1761399315973610800,4.42261083984375,1.9375824928283691,-8.352396965026855,-2.2952911853790283
1761399315983697400,4.432697509765625,1.934814214706421,-8.325462341308594,-1.7362451553344727
1761399315993775000,4.442775146484375,1.5255553722381592,-8.227599143981934,-1.3765912055969238
1761399316003859000,4.45285888671875,1.0869675874710083,-7.89046573638916,-1.0746225118637085
1761399316013939200,4.462939208984375,0.7249941825866699,-7.48038387298584,-0.9070283770561218
1761399316024022000,4.47302197265625,0.5311386585235596,-7.152228832244873,-0.8020575642585754
1761399316034101000,4.48310107421875,0.7306056022644043,-6.84404993057251,-0.6950666904449463
1761399316044181200,4.49318115234375,1.2578537464141846,-6.631340026855469,-0.38471829891204834
1761399316054251300,4.503251220703125,1.7629554271697998,-6.32989501953125,-0.1033247634768486
1761399316064342800,4.5133427734375,2.2013936042785645,-6.06196928024292,0.14395137131214142
1761399316074401500,4.523401611328125,2.4735844135284424,-5.832649230957031,0.28902503848075867
1761399316084489000,4.533489013671875,2.5434651374816895,-5.617769718170166,0.14148235321044922
1761399316094563800,4.543563720703125,2.4037036895751953,-5.507636547088623,-0.24824878573417664
1761399316104664300,4.553664306640625,2.1074211597442627,-5.54781436920166,-0.8711901307106018
1761399316114746000,4.56374609375,1.8439842462539673,-5.682937145233154,-1.200766921043396
1761399316124827000,4.573826904296875,1.6820014715194702,-5.933804512023926,-1.2862848043441772
1761399316134907600,4.58390771484375,1.5211410522460938,-6.237643718719482,-1.1887959241867065
1761399316144970800,4.593970703125,1.4066683053970337,-6.53145694732666,-1.1489923000335693
1761399316155063800,4.604063720703125,1.409436583518982,-6.732046127319336,-1.1466729640960693
1761399316165150000,4.61414990234375,1.57987380027771,-6.916698932647705,-1.459265947341919
1761399316175230200,4.624230224609375,1.989806056022644,-6.983587265014648,-2.0219781398773193
1761399316185298400,4.63429833984375,2.644470691680908,-7.044040679931641,-2.8259809017181396
1761399316195385900,4.6443857421875,3.635221242904663,-7.357456684112549,-3.623624324798584
1761399316205470500,4.654470458984375,5.037624835968018,-8.01728343963623,-4.4584527015686035
1761399316215551000,4.664551025390625,6.7911529541015625,-9.202413558959961,-5.493645668029785
1761399316225634000,4.674634033203125,7.782651901245117,-10.939481735229492,-6.746411323547363
1761399316235714300,4.68471435546875,7.75900936126709,-12.370241165161133,-8.15293025970459
1761399316245795300,4.69479541015625,7.5231804847717285,-12.511574745178223,-9.039308547973633
1761399316255864800,4.70486474609375,6.9299421310424805,-11.241450309753418,-8.63094711303711
1761399316265956600,4.71495654296875,6.329596042633057,-9.923517227172852,-7.524152755737305
1761399316276035300,4.725035400390625,6.018199920654297,-9.318307876586914,-6.4310503005981445
1761399316286104300,4.735104248046875,5.767632007598877,-8.851214408874512,-5.6099138259887695
1761399316296185900,4.745185791015625,5.152696132659912,-8.22767448425293,-4.872574329376221
1761399316306279400,4.755279541015625,4.307019233703613,-7.436165809631348,-4.088024616241455
1761399316316360000,4.76535986328125,4.326547145843506,-6.721721172332764,-3.2689831256866455
1761399316326427600,4.775427734375,4.790124416351318,-7.479935169219971,-2.551844835281372
1761399316336524300,4.785524169921875,4.966920852661133,-10.442909240722656,-2.3073370456695557
1761399316346602200,4.795602294921875,5.677400588989258,-14.052093505859375,-1.9326444864273071
1761399316356670200,4.805670166015625,6.334982872009277,-16.84283447265625,-0.6139631271362305
1761399316366763300,4.81576318359375,4.6157965660095215,-17.481563568115234,0.8645312786102295
1761399316376844300,4.82584423828125,0.4825064539909363,-14.600665092468262,0.8327332735061646
1761399316386925000,4.835925048828125,-1.7714848518371582,-9.029806137084961,0.3832967281341553
1761399316396987000,4.84598681640625,-2.0795137882232666,-5.241206645965576,-0.2462286800146103
1761399316407086300,4.85608642578125,-2.3383121490478516,-4.454262733459473,-0.27144262194633484
1761399316417167000,4.8661669921875,-2.796128273010254,-5.171326160430908,-1.0362404584884644
1761399316427232800,4.876232666015625,-3.1546599864959717,-7.405714988708496,-1.546953558921814
1761399316437327400,4.886327392578125,-3.2433202266693115,-9.142783164978027,-1.18595290184021
1761399316447396000,4.89639599609375,-2.8785786628723145,-9.839869499206543,-0.8844330906867981
1761399316457477000,4.90647705078125,-2.493037223815918,-10.702605247497559,-1.3636474609375
1761399316467568400,4.916568359375,-2.4462008476257324,-11.473762512207031,-2.477250576019287
1761399316477660700,4.92666064453125,-2.2509984970092773,-11.483414649963379,-3.7141549587249756
1761399316487710500,4.93671044921875,-1.8120366334915161,-10.665345191955566,-4.561777114868164
1761399316497812000,4.94681201171875,-1.4633809328079224,-10.014720916748047,-5.003731727600098
1761399316507893200,4.956893310546875,-0.9624691009521484,-9.595062255859375,-4.887463569641113
1761399316517973800,4.966973876953125,-0.26830023527145386,-9.188945770263672,-4.532373428344727
1761399316528043800,4.977043701171875,-0.29725509881973267,-8.77961254119873,-4.165013313293457
1761399316538144500,4.98714453125,-0.47502458095550537,-8.650923728942871,-3.4063503742218018
1761399316548215800,4.9972158203125,-0.19714754819869995,-8.781707763671875,-2.5436148643493652
1761399316558296000,5.007296142578125,0.2338835746049881,-9.13417911529541,-1.8195933103561401
1761399316568383200,5.01738330078125,0.18128596246242523,-9.42215633392334,-1.4103344678878784
1761399316578445600,5.027445556640625,-0.23515549302101135,-9.499817848205566,-1.2967594861984253
1761399316588538400,5.037538330078125,-0.6744915246963501,-9.451485633850098,-1.257928490638733
1761399316598628600,5.047628662109375,-0.6850409507751465,-9.091531753540039,-1.3192799091339111
1761399316608687900,5.05768798828125,-0.5940613150596619,-8.718635559082031,-1.6598551273345947
1761399316618780400,5.067780517578125,-0.5440823435783386,-8.49754524230957,-2.2847418785095215
1761399316628861400,5.077861328125,-0.7362170219421387,-8.38232421875,-3.116053581237793
1761399316638916400,5.087916259765625,-1.0437971353530884,-8.280271530151367,-3.8528690338134766
1761399316649022700,5.098022705078125,-1.4744541645050049,-8.210315704345703,-4.660762310028076
1761399316659101700,5.108101806640625,-1.6726491451263428,-8.113874435424805,-5.312284469604492
1761399316669158700,5.11815869140625,-1.4901660680770874,-8.133028030395508,-5.8634748458862305
1761399316679249400,5.12824951171875,-0.9821464419364929,-8.235679626464844,-6.36266565322876
1761399316689339100,5.138339111328125,-0.23665186762809753,-8.40536880493164,-6.548590660095215
1761399316699425800,5.14842578125,0.518943190574646,-8.652420043945312,-6.2188639640808105
1761399316709509600,5.158509521484375,0.9380781650543213,-8.847846984863281,-5.6006364822387695
1761399316719583200,5.168583251953125,1.1990461349487305,-8.960598945617676,-4.783315658569336
1761399316729653800,5.17865380859375,1.1726350784301758,-8.786720275878906,-3.923872232437134
1761399316739750100,5.188750244140625,0.8450035452842712,-9.01431941986084,-3.561300277709961
1761399316749816300,5.19881640625,0.5020341873168945,-8.976835250854492,-3.1820437908172607
1761399316759909600,5.20890966796875,0.05222352594137192,-8.811261177062988,-3.0410101413726807
1761399316769979600,5.218979736328125,0.024016836658120155,-8.689605712890625,-2.8097453117370605
1761399316780071400,5.229071533203125,0.08813655376434326,-8.737564086914062,-2.9361891746520996
1761399316790148000,5.239148193359375,0.08888474106788635,-8.781332969665527,-2.9955952167510986
1761399316800232700,5.249232666015625,0.008978256024420261,-8.762702941894531,-3.23950457572937
1761399316810313200,5.259313232421875,-0.1347486674785614,-8.64583683013916,-3.5416228771209717
1761399316820394000,5.26939404296875,-0.25730186700820923,-8.71609115600586,-4.151021957397461
1761399316830462200,5.279462158203125,-0.6274304986000061,-8.974366188049316,-4.843020915985107
1761399316840555800,5.2895556640625,-0.8273463249206543,-9.098265647888184,-5.331438064575195
1761399316850632200,5.299632080078125,-0.5989245176315308,-9.071405410766602,-5.471424102783203
1761399316860705300,5.309705322265625,-0.26261401176452637,-9.11928939819336,-5.277493953704834
1761399316870798000,5.319798095703125,-0.03090016543865204,-9.226205825805664,-4.81361722946167
1761399316880854800,5.329854736328125,0.21622633934020996,-9.405322074890137,-4.2728271484375
1761399316890959000,5.339958984375,0.38292261958122253,-9.640328407287598,-3.8284032344818115
1761399316901039900,5.350039794921875,0.30137014389038086,-9.732654571533203,-3.739593505859375
1761399316911127000,5.360126953125,0.11387421935796738,-9.044171333312988,-3.688192844390869
1761399316921188900,5.37018896484375,-0.35823243856430054,-9.624465942382812,-5.230058670043945
1761399316941362200,5.390362060546875,0.4099322259426117,-8.88869857788086,-5.385682106018066
1761399316951430700,5.4004306640625,0.8867524266242981,-8.825326919555664,-5.435286998748779
1761399316961516000,5.41051611328125,0.6404489278793335,-9.065869331359863,-5.556717872619629
1761399316971604700,5.420604736328125,-0.4118026793003082,-9.687239646911621,-5.829357624053955
1761399316981683000,5.430682861328125,-1.018059492111206,-10.40228271484375,-6.109030246734619
1761399316991766000,5.44076611328125,-0.49238255620002747,-10.971803665161133,-6.400449275970459
1761399317001846300,5.45084619140625,0.02917933277785778,-11.318140029907227,-6.6081461906433105
1761399317011927300,5.46092724609375,-0.10833762586116791,-11.381885528564453,-6.555025100708008
1761399317021993700,5.47099365234375,-0.23852235078811646,-11.34657096862793,-5.942633152008057
1761399317032088800,5.4810888671875,0.21009120345115662,-11.021483421325684,-4.538957595825195
1761399317042167800,5.491167724609375,0.980799674987793,-10.669236183166504,-2.998887300491333
1761399317052229400,5.5012294921875,1.4948797225952148,-10.963348388671875,-1.6637457609176636
1761399317062331000,5.511330810546875,1.345017671585083,-12.122740745544434,-0.5790227055549622
1761399317072411400,5.521411376953125,1.105821967124939,-12.91073226928711,0.7544727921485901
1761399317082487000,5.531487060546875,0.3056347966194153,-14.421175003051758,-0.01346738450229168
1761399317092573000,5.541572998046875,-0.6394762992858887,-14.007052421569824,0.28311434388160706
1761399317102653200,5.551653076171875,-1.57523512840271,-11.95948600769043,-0.5366004705429077
1761399317112719600,5.5617197265625,-1.9384803771972656,-9.855806350708008,-2.2600514888763428
1761399317122802000,5.571802001953125,-0.8402899503707886,-9.231368064880371,-4.5026702880859375
1761399317132897800,5.581897705078125,0.6215946078300476,-9.499743461608887,-6.099677562713623
1761399317142963500,5.59196337890625,1.2690765857696533,-9.601422309875488,-6.669198513031006
1761399317153056800,5.602056884765625,1.2627168893814087,-9.254188537597656,-6.8983683586120605
1761399317163138000,5.612137939453125,1.1814637184143066,-9.121234893798828,-6.593332290649414
1761399317173203700,5.62220361328125,1.2385504245758057,-8.913313865661621,-6.131326198577881
1761399317183299000,5.632299072265625,1.3221979141235352,-8.90029525756836,-5.425410747528076
1761399317193379800,5.6423798828125,0.9861866235733032,-9.120561599731445,-4.768725872039795
1761399317203460000,5.652460205078125,0.5131073594093323,-8.943316459655762,-4.387524127960205
1761399317213541000,5.662541015625,-0.017881693318486214,-8.352396965026855,-4.32527494430542
1761399317223608800,5.67260888671875,-0.7051672339439392,-7.977255821228027,-4.1017165184021
1761399317233702400,5.682702392578125,-0.9470564126968384,-7.875726699829102,-3.4678516387939453
1761399317243768300,5.692768310546875,-0.8821884989738464,-7.701772689819336,-2.7061960697174072
1761399317253863700,5.70286376953125,-0.588898777961731,-7.492953300476074,-2.2824223041534424
1761399317263944700,5.71294482421875,-0.08447042852640152,-7.392247200012207,-2.2223429679870605
1761399317274012400,5.723012451171875,0.4992658793926239,-7.203404903411865,-2.6913070678710938
1761399317284106000,5.73310595703125,0.9229647517204285,-7.7002763748168945,-2.6488101482391357
1761399317294186500,5.7431865234375,1.2806735038757324,-8.138565063476562,-2.699986219406128
1761399317304265500,5.753265380859375,1.5742623805999756,-8.271218299865723,-2.934692621231079
1761399317314333400,5.76333349609375,1.903315544128418,-8.301071166992188,-2.9524247646331787
1761399317324429000,5.773428955078125,2.027963638305664,-7.823802471160889,-2.9688100814819336
1761399317334507500,5.783507568359375,1.9878607988357544,-7.114445209503174,-2.666616916656494
1761399317344565200,5.793565185546875,1.9635447263717651,-6.558317184448242,-2.3290345668792725
1761399317354668300,5.803668212890625,2.085574150085449,-6.394538879394531,-2.2363340854644775
1761399317364737000,5.813737060546875,2.0147206783294678,-6.428356647491455,-2.4600422382354736
1761399317374832000,5.82383203125,1.842413067817688,-6.465915679931641,-2.895861864089966
1761399317384912600,5.83391259765625,1.735422134399414,-6.5423808097839355,-3.38173508644104
1761399317394993700,5.84399365234375,1.7708863019943237,-6.518662929534912,-3.792714834213257
1761399317415154700,5.86415478515625,2.0522048473358154,-6.03959846496582,-4.583474636077881
1761399317425233400,5.8742333984375,2.2899792194366455,-5.495141983032227,-4.658293724060059
1761399317445397200,5.894397216796875,2.8143839836120605,-4.157979965209961,-4.601131916046143
1761399317455477800,5.904477783203125,2.8722939491271973,-3.698667526245117,-4.829104900360107
1761399317465546800,5.914546630859375,2.8283751010894775,-3.4870052337646484,-5.240608215332031
1761399317475639000,5.92463916015625,2.6442461013793945,-3.666121244430542,-5.7258830070495605
1761399317485717500,5.934717529296875,2.342127799987793,-4.39156436920166,-6.206294536590576
1761399317495774700,5.944774658203125,2.02040696144104,-5.655852794647217,-6.633135795593262
1761399317526042600,5.975042724609375,1.2819453477859497,-10.653449058532715,-8.098237991333008
1761399317536111000,5.985111083984375,1.6796072721481323,-11.699416160583496,-8.301520347595215
1761399317546201600,5.99520166015625,2.3570168018341064,-12.01567554473877,-7.94059419631958
1761399317556282600,6.00528271484375,3.2811787128448486,-11.479523658752441,-7.315184116363525
1761399317566364000,6.015364013671875,3.843441963195801,-10.306215286254883,-6.467038154602051
1761399317576445400,6.025445556640625,3.8046858310699463,-8.872387886047363,-5.358672142028809
1761399317586526500,6.0355263671875,4.076203346252441,-7.775319576263428,-4.1233391761779785
1761399317596607500,6.045607421875,4.735581398010254,-8.03770923614502,-3.039588689804077
1761399317606664400,6.05566455078125,3.418545961380005,-12.239832878112793,-3.3093104362487793
1761399317616765700,6.065765625,2.019359588623047,-19.08627700805664,-4.892850399017334
1761399317626849300,6.075849365234375,1.6150386333465576,-24.501361846923828,-4.91035795211792
1761399317636917000,6.0859169921875,0.07392098009586334,-24.228050231933594,-2.9316251277923584
1761399317646998000,6.095998046875,-2.1114614009857178,-16.302642822265625,-2.7172691822052
1761399317657086500,6.10608642578125,-0.20971710979938507,-7.716886043548584,-2.888230323791504
1761399317667171800,6.116171875,0.22011691331863403,-2.6839001178741455,-2.4601171016693115
1761399317677244400,6.126244384765625,-1.5388731956481934,-0.48460137844085693,-2.308384418487549
1761399317687333000,6.1363330078125,-2.7632827758789062,-0.3636941909790039,-2.1274726390838623
1761399317697414100,6.1464140625,-2.9037926197052,-1.9321955442428589,-1.9057097434997559
1761399317707481900,6.15648193359375,-2.8387749195098877,-4.42433500289917,-3.018115758895874
1761399317717568300,6.166568359375,-3.4112884998321533,-7.767538547515869,-4.634725570678711
1761399317727643400,6.176643310546875,-4.01889181137085,-11.321656227111816,-6.385335922241211
1761399317737744400,6.186744384765625,-3.3541269302368164,-13.768754959106445,-7.802778244018555
1761399317747815400,6.1968154296875,-1.8115876913070679,-13.775263786315918,-7.927126884460449
1761399317757900300,6.206900390625,-0.4876689612865448,-11.667842864990234,-6.7708024978637695
1761399317767978800,6.216978759765625,-0.3719990849494934,-9.450886726379395,-5.156811237335205
1761399317778038500,6.22703857421875,-0.6751648783683777,-8.43514633178711,-3.449221611022949
1761399317788140300,6.237140380859375,-0.6271312236785889,-8.352472305297852,-1.98224937915802
1761399317798219500,6.247219482421875,-0.10265139490365982,-8.804826736450195,-0.8037036061286926
1761399317808299300,6.25729931640625,0.6115688681602478,-9.252766609191895,-0.22939445078372955
1761399317818371000,6.26737109375,1.2365303039550781,-9.34165096282959,-0.31521162390708923
1761399317828462600,6.277462646484375,1.2917466163635254,-9.262043952941895,-1.0633996725082397
1761399317838544100,6.287544189453125,1.166948914527893,-9.289203643798828,-2.0540754795074463
1761399317848624000,6.2976240234375,1.1061960458755493,-9.174206733703613,-3.034950017929077
1761399317858705200,6.307705078125,0.9793781042098999,-8.853084564208984,-3.712284564971924
1761399317868785400,6.317785400390625,0.7474398612976074,-8.587553024291992,-3.8984336853027344
1761399317878864400,6.327864501953125,0.3263596296310425,-8.36152458190918,-3.818377733230591
1761399317899027700,6.34802783203125,-0.30608370900154114,-8.24166488647461,-3.4769046306610107
1761399317909108500,6.3581083984375,-0.43589434027671814,-8.548497200012207,-3.4489223957061768
1761399317919189000,6.36818896484375,-0.6456862688064575,-8.865653991699219,-3.636343479156494
1761399317929257200,6.37825732421875,-0.8147019743919373,-9.075745582580566,-3.556511878967285
1761399317939337500,6.38833740234375,-0.9672574996948242,-9.164705276489258,-3.51162052154541
1761399317949431000,6.39843115234375,-0.9562591314315796,-9.24947452545166,-3.3617584705352783
1761399317959511600,6.408511474609375,-0.8255506753921509,-9.351303100585938,-3.2408511638641357
1761399317969590300,6.41859033203125,-0.5830629467964172,-9.313593864440918,-3.2790088653564453
1761399317979671000,6.428671142578125,-0.42354923486709595,-9.186476707458496,-3.2584335803985596
1761399317989754000,6.438754150390625,-0.35845687985420227,-9.218499183654785,-3.2662148475646973
1761399317999819800,6.44881982421875,-0.303390234708786,-9.391929626464844,-3.294346809387207
1761399318009915400,6.458915283203125,-0.3685574233531952,-9.64339542388916,-3.154510259628296
1761399318019996000,6.468995849609375,-0.4941033720970154,-9.736096382141113,-3.2311248779296875
1761399318030068200,6.479068115234375,-0.5526117086410522,-9.75165843963623,-3.4053030014038086
1761399318040138200,6.48913818359375,-0.41546881198883057,-9.646014213562012,-3.511695384979248
1761399318050238000,6.499238037109375,-0.08394669741392136,-9.56274127960205,-3.2980127334594727
1761399318060306000,6.509305908203125,0.2472013235092163,-9.827449798583984,-4.1285014152526855
1761399318070384400,6.51938427734375,0.3147627115249634,-9.809268951416016,-4.995950698852539
1761399318080479700,6.529479736328125,0.0727238729596138,-9.346963882446289,-5.322684288024902
1761399318090560500,6.539560546875,-0.1811363250017166,-8.8878755569458,-5.135861873626709
1761399318100641800,6.549641845703125,-0.2943371832370758,-8.473828315734863,-5.009044170379639
1761399318110721800,6.5597216796875,-0.26396074891090393,-8.27967357635498,-4.954501152038574
1761399318120803000,6.569802978515625,-0.3480570614337921,-8.2958345413208,-4.839130401611328
1761399318130871600,6.57987158203125,-0.5021089911460876,-8.430583000183105,-4.32991361618042
1761399318140964000,6.589964111328125,-0.5345055460929871,-8.685415267944336,-3.8959646224975586
1761399318151032000,6.600031982421875,-0.40716391801834106,-9.038261413574219,-3.66155743598938
1761399318161125600,6.610125732421875,-0.267851322889328,-9.388113975524902,-3.7620389461517334
1761399318171193600,6.620193603515625,-0.2511667311191559,-9.839421272277832,-3.701660394668579
1761399318181274000,6.630274169921875,-0.49552494287490845,-10.326565742492676,-3.6525790691375732
1761399318191342000,6.640342041015625,-0.7077859044075012,-10.832415580749512,-4.003479480743408
1761399318201423000,6.650423095703125,-0.7833528518676758,-11.045723915100098,-4.596193790435791
1761399318211503900,6.66050390625,-0.6833949685096741,-11.296815872192383,-5.029993534088135
1761399318221584600,6.670584716796875,-0.6338648796081543,-10.937536239624023,-5.272855281829834
1761399318231660500,6.68066064453125,-0.3381061851978302,-10.133234024047852,-5.350816249847412
1761399318241734000,6.69073388671875,-0.005386953707784414,-9.466524124145508,-5.292083740234375
1761399318251825400,6.700825439453125,0.23986908793449402,-9.230246543884277,-5.1606268882751465
1761399318261907000,6.710906982421875,0.5060743689537048,-9.252542495727539,-4.953678131103516
1761399318272004600,6.721004638671875,0.9107692837715149,-9.37980842590332,-4.674978256225586
1761399318282093600,6.731093505859375,1.3658173084259033,-9.507898330688477,-4.2573394775390625
1761399318292174600,6.741174560546875,1.3611785173416138,-9.349806785583496,-4.057124614715576
1761399318302252800,6.751252685546875,1.2537386417388916,-9.041553497314453,-3.685349702835083
1761399318312335600,6.761335693359375,1.1767501831054688,-8.854281425476074,-3.381660223007202
1761399318322403000,6.771403076171875,1.0604816675186157,-8.922965049743652,-3.11769962310791
1761399318332471800,6.781471923828125,0.7991396188735962,-9.141286849975586,-3.045499324798584
1761399318342577700,6.79157763671875,0.41614219546318054,-9.485602378845215,-3.2293291091918945
1761399318352658200,6.801658203125,0.04264671728014946,-9.793033599853516,-3.5960161685943604
1761399318362739500,6.811739501953125,-0.28954875469207764,-9.901520729064941,-4.014178276062012
1761399318372810500,6.821810546875,-0.3073556423187256,-9.988085746765137,-4.621108531951904
1761399318382885400,6.831885498046875,-0.33264440298080444,-9.895759582519531,-5.1490302085876465
1761399318392979700,6.841979736328125,-0.4523544907569885,-9.419387817382812,-5.2578911781311035
1761399318403049500,6.852049560546875,-0.5264251232147217,-8.908899307250977,-5.178732872009277
1761399318413142800,6.862142822265625,-0.6780080199241638,-8.533907890319824,-5.342735767364502
1761399318423223300,6.872223388671875,-0.8163479566574097,-8.37993049621582,-5.439626216888428
1761399318433291300,6.882291259765625,-0.6383540034294128,-8.576778411865234,-5.356502532958984
1761399318443379700,6.892379638671875,-0.5579237937927246,-9.120711326599121,-5.359196186065674
1761399318453452500,6.90245263671875,-0.08462006598711014,-9.738340377807617,-5.251980781555176
1761399318463546000,6.912546142578125,0.47898998856544495,-10.034473419189453,-5.111171722412109
1761399318473626400,6.92262646484375,0.6532429456710815,-10.388067245483398,-4.619312763214111
1761399318483707100,6.93270703125,0.7053168416023254,-10.450390815734863,-4.264671802520752
1761399318493789400,6.94278955078125,0.7446715235710144,-10.24770736694336,-3.771167039871216
1761399318503855900,6.95285595703125,0.8416367173194885,-9.701754570007324,-3.360187292098999
1761399318513949200,6.96294921875,0.7015010714530945,-9.347861289978027,-3.064802646636963
1761399318524013800,6.973013916015625,0.6177040338516235,-9.148918151855469,-2.6245687007904053
1761399318534111000,6.983111083984375,0.5039046406745911,-9.026439666748047,-2.324021577835083
1761399318544193800,6.99319384765625,0.5187187790870667,-8.843058586120605,-2.8657846450805664
1761399318554274300,7.0032744140625,0.7745990753173828,-8.918476104736328,-3.025747299194336
1761399318564352800,7.013352783203125,0.8202385306358337,-8.990601539611816,-2.9473371505737305
1761399318574433800,7.023433837890625,0.7995137572288513,-9.064223289489746,-3.1717185974121094
1761399318584511000,7.033510986328125,0.788739800453186,-8.78417682647705,-3.618312120437622
1761399318594582500,7.04358251953125,0.7380126714706421,-8.361674308776855,-3.392733335494995
1761399318604675000,7.053675048828125,0.7852981686592102,-7.899817943572998,-2.7386674880981445
1761399318614756600,7.063756591796875,0.9473556876182556,-7.341220855712891,-1.868898868560791
1761399318624814300,7.073814453125,1.281197190284729,-6.972513675689697,-1.0628758668899536
1761399318644973000,7.09397314453125,1.909450650215149,-6.310142993927002,-0.38314709067344666
1761399318655085800,7.1040859375,2.0930559635162354,-5.983858108520508,-0.4487631916999817
1761399318675221200,7.12422119140625,2.487351179122925,-4.9776201248168945,-1.547178030014038
1761399318685321200,7.1343212890625,2.7703158855438232,-4.590507507324219,-2.3039703369140625
1761399318695401700,7.144401611328125,3.0825347900390625,-4.410119533538818,-3.13004469871521
1761399318705480700,7.154480712890625,3.268758773803711,-4.44049596786499,-4.025625705718994
1761399318715561500,7.1645615234375,3.4579005241394043,-4.8226704597473145,-5.100173473358154
1761399318725644500,7.17464453125,3.857882022857666,-5.404311656951904,-6.154594898223877
1761399318735724500,7.184724609375,4.4532151222229,-6.4173583984375,-7.2370734214782715
1761399318745805600,7.1948056640625,4.965275287628174,-8.052373886108398,-8.297330856323242
1761399318755874800,7.204874755859375,4.597316265106201,-10.08781909942627,-9.583540916442871
1761399318765955300,7.214955322265625,3.8489036560058594,-12.02951717376709,-10.953248023986816
1761399318776047600,7.225047607421875,3.605069160461426,-13.361815452575684,-11.64262866973877
1761399318786128100,7.235128173828125,3.8058829307556152,-12.850204467773438,-10.784233093261719
1761399318796209000,7.245208984375,4.5423994064331055,-11.372383117675781,-8.987533569335938
1761399318806289200,7.2552890625,4.417526721954346,-11.73742389678955,-7.539790153503418
1761399318816369700,7.26536962890625,3.1129112243652344,-14.939444541931152,-6.832752227783203
1761399318826438000,7.27543798828125,3.0533554553985596,-19.782541275024414,-5.995829105377197
1761399318836509200,7.28550927734375,2.817750930786133,-21.32343292236328,-5.453766822814941
1761399318846612700,7.29561279296875,1.8475755453109741,-16.80153465270996,-4.240280628204346
1761399318856692500,7.3056923828125,-0.3143137991428375,-9.7791166305542,-2.314145565032959
1761399318866774000,7.31577392578125,-0.5487210750579834,-3.844938278198242,-0.30705636739730835
1761399318876850000,7.325849853515625,1.3798084259033203,-0.05050269141793251,1.6665887832641602
1761399318886934800,7.335934814453125,0.7523030638694763,1.6992846727371216,2.2276549339294434
1761399318897013200,7.34601318359375,-0.6791302561759949,1.108141303062439,2.1511902809143066
1761399318907089000,7.3560888671875,-1.3851205110549927,-0.9348609447479248,2.7472715377807617
1761399318917176600,7.366176513671875,-2.5510218143463135,-4.094309329986572,2.6266636848449707
1761399318927257300,7.37625732421875,-4.190301895141602,-9.974992752075195,1.0847229957580566
1761399318937330200,7.386330078125,-6.951040744781494,-16.069807052612305,-2.55536150932312
1761399318947418600,7.396418701171875,-6.794295310974121,-19.283649444580078,-6.327052116394043
1761399318957497900,7.406497802734375,-1.9078046083450317,-19.97564697265625,-9.47610092163086
1761399318967581000,7.416580810546875,1.4560487270355225,-16.648754119873047,-9.308731079101562
1761399318977641700,7.426641845703125,2.236783027648926,-10.812065124511719,-5.503072738647461
1761399318987741700,7.43674169921875,1.4064438343048096,-7.800458908081055,-2.958559989929199
1761399318997822500,7.446822509765625,0.6526443958282471,-6.783596515655518,-1.0676642656326294
1761399319007885300,7.45688525390625,0.6941688656806946,-6.978649139404297,-0.08611644059419632
1761399319017970700,7.466970703125,1.133504867553711,-8.147768020629883,-0.3832967281341553
1761399319028059600,7.4770595703125,1.1479449272155762,-9.561095237731934,-1.170240879058838
1761399319038145300,7.487145263671875,0.7389853000640869,-10.479944229125977,-1.8874539136886597
1761399319048225800,7.497225830078125,0.35254621505737305,-10.846482276916504,-2.358962059020996
1761399319058295000,7.507294921875,0.1247977614402771,-10.50949764251709,-2.5048587322235107
1761399319068374500,7.51737451171875,0.002693476853892207,-9.788918495178223,-2.5706992149353027
1761399319078467300,7.52746728515625,0.03157353401184082,-8.961795806884766,-2.7555766105651855
1761399319088533800,7.53753369140625,0.13542203605175018,-8.220566749572754,-2.7843070030212402
1761399319098609200,7.547609130859375,0.21884499490261078,-7.600841999053955,-2.7192893028259277
1761399319108709600,7.557709716796875,0.33930328488349915,-7.28802490234375,-2.8051066398620605
1761399319118790400,7.567790283203125,0.5538088083267212,-7.239616870880127,-2.9303531646728516
1761399319128871700,7.57787158203125,0.6658873558044434,-7.280917167663574,-3.0534300804138184
1761399319138923000,7.587923095703125,0.5590460896492004,-7.66690731048584,-3.4282724857330322
1761399319149007000,7.598007080078125,0.34506431221961975,-7.905953407287598,-3.4950108528137207
1761399319159087900,7.608087890625,0.21293431520462036,-7.920019149780273,-3.3402106761932373
1761399319169169000,7.6181689453125,0.23530513048171997,-7.680075168609619,-3.1028106212615967
1761399319179274800,7.628274658203125,0.24779987335205078,-7.28690242767334,-2.7997195720672607
1761399319189355000,7.63835498046875,0.2064998894929886,-7.02825403213501,-2.569876194000244
1761399319209525000,7.65852490234375,-0.16968904435634613,-7.719056129455566,-2.6546459197998047
1761399319219574500,7.668574462890625,-0.36810851097106934,-8.304962158203125,-2.7108349800109863
1761399319229676000,7.678676025390625,-0.4587889015674591,-8.864681243896484,-2.946364402770996
1761399319239758600,7.688758544921875,-0.3032405972480774,-9.240121841430664,-3.2211740016937256
1761399319249839600,7.698839599609375,0.08177695423364639,-9.330877304077148,-3.435903787612915
1761399319259907000,7.708906982421875,0.44689270853996277,-9.20203971862793,-3.600430488586426
1761399319270001200,7.719001220703125,0.7260416746139526,-9.447071075439453,-4.060790538787842
1761399319280077000,7.7290771484375,0.747963547706604,-9.672425270080566,-4.128127574920654
1761399319290159400,7.739159423828125,0.3444657623767853,-9.298255920410156,-3.266963005065918
1761399319300242400,7.749242431640625,-0.026336219161748886,-10.42076301574707,-4.810924053192139
1761399319310323200,7.7593232421875,-0.21143794059753418,-10.871621131896973,-4.825812816619873
1761399319320392400,7.769392333984375,0.3984101414680481,-10.59928035736084,-3.7677252292633057
1761399319330472200,7.77947216796875,0.7971943616867065,-10.69362735748291,-3.962777853012085
1761399319340565500,7.7895654296875,-0.22445641458034515,-10.568380355834961,-4.638840675354004
1761399319350642400,7.799642333984375,-1.1497405767440796,-10.25511360168457,-5.147459030151367
1761399319360714500,7.809714599609375,-0.9512462615966797,-10.33210277557373,-5.762693881988525
1761399319370807600,7.8198076171875,-0.06651391834020615,-10.562395095825195,-5.913079738616943
1761399319380888300,7.829888427734375,0.7811083197593689,-10.5553617477417,-5.7526679039001465
1761399319390962200,7.839962158203125,0.9305214285850525,-10.244415283203125,-5.574524402618408
1761399319401049000,7.850049072265625,0.35239654779434204,-9.667786598205566,-5.602207660675049
1761399319411128300,7.86012841796875,-0.3792565166950226,-10.017415046691895,-7.859191417694092
1761399319421210600,7.870210693359375,-1.142258644104004,-10.339659690856934,-9.271770477294922
1761399319431278800,7.88027880859375,-0.7282862067222595,-9.810989379882812,-9.246182441711426
1761399319441372400,7.890372314453125,-0.9373299479484558,-9.432929992675781,-8.874333381652832
1761399319451453000,7.900452880859375,-0.8776993751525879,-8.708534240722656,-7.346458435058594
1761399319461521000,7.91052099609375,-0.03576338663697243,-8.711602210998535,-5.935749530792236
1761399319471614200,7.9206142578125,1.2732664346694946,-10.07547378540039,-4.404732704162598
1761399319481693000,7.93069287109375,2.0089597702026367,-12.566117286682129,-2.6186580657958984
1761399319491775500,7.940775390625,1.7646763324737549,-14.74184799194336,-1.023072361946106
1761399319501856300,7.950856201171875,0.9039607644081116,-15.442301750183105,0.020201077684760094
1761399319511937300,7.960937255859375,0.023418284952640533,-14.937049865722656,0.6765864491462708
1761399319522018000,7.97101806640625,-0.6885574460029602,-13.883003234863281,0.5351788997650146
1761399319532108300,7.9811083984375,-1.2220155000686646,-12.51366901397705,-0.19624972343444824
1761399319542177300,7.99117724609375,-1.305662989616394,-11.40560245513916,-1.4690672159194946
1761399319552259600,8.001259521484375,-0.9816974997520447,-10.830620765686035,-3.21099853515625
1761399319562340400,8.01134033203125,-0.18285715579986572,-10.514286041259766,-4.729820251464844
1761399319572408300,8.021408203125,0.585382342338562,-10.250101089477539,-5.6140289306640625
1761399319582502100,8.031502197265626,0.7074117660522461,-9.877279281616211,-5.840430736541748
1761399319592582700,8.041582763671874,0.22827216982841492,-9.224335670471191,-5.6204633712768555
1761399319602649900,8.05164990234375,-0.10025719553232193,-8.59076976776123,-5.097031116485596
1761399319612744000,8.061743896484375,-0.20889410376548767,-8.50989055633545,-4.065803527832031
1761399319622824700,8.07182470703125,-0.40289926528930664,-8.550067901611328,-3.5861401557922363
1761399319632906000,8.081906005859375,-0.30615854263305664,-8.599822998046875,-2.9736733436584473
1761399319642986000,8.091986083984375,-0.0661398246884346,-8.69985580444336,-2.234164237976074
1761399319653056000,8.102055908203125,0.20470423996448517,-8.59615707397461,-1.5988030433654785
1761399319663147300,8.112147216796876,-0.30698156356811523,-8.132654190063477,-1.450212836265564
1761399319673214200,8.122214111328125,-0.45340195298194885,-7.93595552444458,-1.1929110288619995
1761399319683309000,8.13230908203125,-0.06135141849517822,-7.881637096405029,-0.6602011322975159
1761399319693389000,8.14238916015625,-0.43941083550453186,-7.784821510314941,-0.42684125900268555
1761399319703469800,8.1524697265625,-0.10684125125408173,-7.734019756317139,-0.18151041865348816
1761399319713539600,8.16253955078125,0.18891747295856476,-7.572336196899414,0.021173721179366112
1761399319723636700,8.17263671875,0.40551790595054626,-7.2271223068237305,-0.24839842319488525
1761399319733700900,8.182700927734375,0.7154921889305115,-6.964134216308594,-0.28887540102005005
1761399319743782100,8.1927822265625,1.1292401552200317,-6.9304656982421875,0.138040691614151
1761399319753873400,8.202873291015624,1.2437130212783813,-6.571784496307373,-0.24009354412555695
1761399319763954000,8.212953857421875,1.3949217796325684,-6.35301399230957,-0.7131728529930115
1761399319774013700,8.223013671875,1.5212907791137695,-6.202852725982666,-0.653991162776947
1761399319784104400,8.2331044921875,1.6592565774917603,-5.990292549133301,-0.4834791123867035
1761399319794183400,8.243183349609374,1.8591724634170532,-5.950863361358643,-0.27406126260757446
1761399319804275200,8.253275146484375,2.093953847885132,-5.947646141052246,-0.156146839261055
1761399319814358000,8.26335791015625,2.375197649002075,-5.879560947418213,-0.26096799969673157
1761399319824438500,8.2734384765625,2.775179147720337,-5.7947163581848145,-0.6787561774253845
1761399319834518300,8.283518310546874,3.3337762355804443,-5.84731388092041,-1.3340940475463867
1761399319844586800,8.293586669921876,4.118251323699951,-6.177115440368652,-2.313995838165283
1761399319854678000,8.303677978515625,5.2427778244018555,-7.007379531860352,-3.71744704246521
1761399319864759000,8.313759033203125,5.667599201202393,-8.395342826843262,-5.462221622467041
1761399319874841900,8.323841796875,4.77044677734375,-10.07158374786377,-7.342642307281494
1761399319884911000,8.3339111328125,4.435632705688477,-12.173019409179688,-9.487847328186035
1761399319895003000,8.3440029296875,5.241506099700928,-14.234801292419434,-11.101838111877441
1761399319905077800,8.354077880859375,6.259490489959717,-14.45199966430664,-10.913220405578613
1761399319915150000,8.364150146484375,6.388328552246094,-12.487931251525879,-9.411382675170898
1761399319925243100,8.3742431640625,6.242656707763672,-10.377891540527344,-7.950470447540283
1761399319935312600,8.384312744140624,5.8954973220825195,-8.580893516540527,-6.785092830657959
1761399319945406700,8.39440673828125,4.942829608917236,-6.844124794006348,-5.921235084533691
1761399319955487500,8.404487548828126,4.063708305358887,-4.831798076629639,-5.531503677368164
1761399319965567700,8.414567626953126,3.822866678237915,-2.7742812633514404,-5.445985794067383
1761399319975649000,8.42464892578125,4.13875150680542,-1.9466356039047241,-5.0965070724487305
1761399319985727000,8.43472705078125,3.2294039726257324,-5.593902587890625,-5.634828567504883
1761399319995808300,8.444808349609374,1.8249802589416504,-12.550405502319336,-6.486116886138916
1761399320005890300,8.454890380859375,-0.17380407452583313,-20.020837783813477,-4.841001033782959
1761399320015960000,8.4649599609375,-1.9877111911773682,-25.67399787902832,-3.4927661418914795
1761399320026052000,8.475052001953125,-2.1682488918304443,-21.876493453979492,-3.686472177505493
1761399320046200800,8.495200927734375,2.9489083290100098,-6.641889572143555,-2.168997049331665
1761399320056293600,8.505293701171874,1.5384989976882935,-2.6308536529541016,-0.3916764259338379
1761399320066375000,8.515375,-1.696142315864563,-1.4356980323791504,1.144877314567566
1761399320076455000,8.525454833984375,-3.8628199100494385,-2.092607021331787,2.101510524749756
1761399320086536200,8.5355361328125,-4.203470230102539,-3.4839375019073486,1.8494459390640259
1761399320096625700,8.545625732421875,-4.116006851196289,-6.035483360290527,0.43611881136894226
1761399320106688300,8.555688232421875,-4.064082622528076,-10.691756248474121,-1.3716530799865723
1761399320116776400,8.5657763671875,-3.835810422897339,-15.535974502563477,-3.0026280879974365
1761399320126858500,8.5758583984375,-2.3015012741088867,-17.497350692749023,-3.920280933380127
1761399320136940000,8.58593994140625,-0.6074538826942444,-15.521385192871094,-5.311985492706299
1761399320157094000,8.606093994140625,1.2271779775619507,-8.304139137268066,-3.9169139862060547
1761399320167168800,8.616168701171874,1.030853509902954,-7.447463512420654,-2.7207109928131104
1761399320177249800,8.626249755859375,0.6919991374015808,-7.906252384185791,-2.1694459915161133
1761399320187342800,8.6363427734375,0.9287257790565491,-9.002198219299316,-1.970577597618103
1761399320197423400,8.64642333984375,1.2944401502609253,-9.837924003601074,-1.8419641256332397
1761399320207504100,8.656504150390624,1.2426655292510986,-9.989507675170898,-1.6496797800064087
1761399320217585000,8.6665849609375,0.8363245725631714,-9.594987869262695,-1.5770307779312134
1761399320227655400,8.676655517578125,0.4275146424770355,-9.125948905944824,-1.7566707134246826
1761399320237742000,8.6867421875,0.3205985724925995,-8.758139610290527,-2.0637271404266357
1761399320247826700,8.69682666015625,0.5002385377883911,-8.470610618591309,-2.2951416969299316
1761399320257907700,8.70690771484375,0.6250362992286682,-8.25318717956543,-2.452784776687622
1761399320267975400,8.716975341796875,0.5022585988044739,-8.05050277709961,-2.5549871921539307
1761399320278069000,8.727069091796874,0.14312836527824402,-7.841833591461182,-2.585588216781616
1761399320288126500,8.73712646484375,-0.14484919607639313,-7.73783540725708,-2.6348190307617188
1761399320298207700,8.747207763671875,-0.2165256142616272,-7.7740478515625,-2.8954129219055176
1761399320308309000,8.75730908203125,-0.14260463416576385,-7.791630268096924,-3.2417490482330322
1761399320318391300,8.767391357421875,-0.01885433867573738,-7.80412483215332,-3.602525472640991
1761399320328467700,8.7774677734375,0.06150105595588684,-7.836371898651123,-3.7992987632751465
1761399320338534400,8.787534423828125,0.114023856818676,-7.914931774139404,-3.94871187210083
1761399320348633600,8.797633544921876,0.24405893683433533,-8.021324157714844,-4.016273498535156
1761399320358714400,8.80771435546875,0.44606971740722656,-8.198494911193848,-4.148104190826416
1761399320368788500,8.81778857421875,0.5885995030403137,-8.374019622802734,-4.211849689483643
1761399320378876000,8.8278759765625,0.6743418574333191,-8.584185600280762,-4.247089385986328
1761399320388956700,8.837956787109375,0.5914426445960999,-8.693495750427246,-4.135160446166992
1761399320399013600,8.848013671875,0.42833763360977173,-8.57573127746582,-3.8953661918640137
1761399320409107700,8.858107666015625,0.27877485752105713,-8.379107475280762,-3.595567226409912
1761399320419195600,8.868195556640625,0.1751508116722107,-8.252887725830078,-3.3411831855773926
1761399320429272800,8.87827294921875,0.08200141042470932,-8.095244407653809,-3.1245827674865723
1761399320439351600,8.8883515625,-0.1825578808784485,-8.201861381530762,-3.129894971847534
1761399320449440500,8.8984404296875,-0.8381950259208679,-8.386289596557617,-3.5161097049713135
1761399320459519700,8.908519775390625,-1.5679028034210205,-8.747514724731445,-4.016273498535156
1761399320469587500,8.91858740234375,-1.7433528900146484,-9.113977432250977,-4.2578630447387695
1761399320479681300,8.928681396484375,-1.1675474643707275,-9.697713851928711,-4.34375524520874
1761399320489763300,8.938763427734376,-0.6092495322227478,-10.328211784362793,-4.21117639541626
1761399320499840300,8.94884033203125,-0.5474491715431213,-10.793435096740723,-4.233397483825684
1761399320509936000,8.95893603515625,-0.7986159324645996,-10.969634056091309,-4.195090293884277
1761399320520005000,8.969005126953125,-0.6671592593193054,-11.04288101196289,-3.935469150543213
1761399320530073600,8.979073486328126,-0.046911388635635376,-11.273996353149414,-3.685349702835083
1761399320540149800,8.989149658203125,0.6900538206100464,-11.380837440490723,-3.432462215423584
1761399320550247200,8.9992470703125,1.1656020879745483,-11.049914360046387,-3.5336921215057373
1761399320560324000,9.009323974609375,1.009904146194458,-9.884836196899414,-3.774458885192871
1761399320570408700,9.01940869140625,0.07040449231863022,-9.829395294189453,-6.7510504722595215
1761399320580489500,9.029489501953124,-0.7767688035964966,-9.931971549987793,-8.815824508666992
1761399320590569700,9.03956982421875,-0.4016273319721222,-9.47610092163086,-8.927453994750977
1761399320600651300,9.0496513671875,-0.3357119560241699,-9.169343948364258,-9.219846725463867
1761399320610714400,9.05971435546875,-1.0289829969406128,-9.278654098510742,-9.29309368133545
1761399320620803000,9.069802978515625,-1.560869812965393,-9.363946914672852,-8.265083312988281
1761399320630888700,9.079888671875,-0.7831284403800964,-9.643694877624512,-6.369324684143066
1761399320640973800,9.089973876953126,0.3560626804828644,-10.609082221984863,-4.28322696685791
1761399320651054000,9.10005419921875,1.511115312576294,-12.074856758117676,-2.3512556552886963
1761399320661134800,9.110134765625,2.7059717178344727,-13.792771339416504,-0.42833763360977173
1761399320671190300,9.120190185546875,2.729689121246338,-15.11878490447998,0.7344213724136353
1761399320681283600,9.13028369140625,1.8124854564666748,-15.532907485961914,0.9177274107933044
1761399320691374800,9.140374755859375,1.1890203952789307,-14.9769287109375,0.7485620975494385
1761399320701457700,9.150457763671875,0.3893570601940155,-13.532925605773926,0.334514856338501
1761399320711538400,9.160538330078126,-0.522908627986908,-11.820174217224121,-0.7592611908912659
1761399320721618700,9.17061865234375,-0.9531167149543762,-10.262146949768066,-2.250624418258667
1761399320731707600,9.180707763671874,-0.2867056429386139,-9.587506294250488,-3.906140089035034
1761399320741780500,9.190780517578125,0.6764367818832397,-9.883339881896973,-5.5353193283081055
1761399320751848000,9.200847900390626,0.591517448425293,-10.28361988067627,-6.195520401000977
1761399320761939700,9.210939697265625,0.3577086925506592,-10.584615707397461,-6.249090671539307
1761399320772022000,9.22102197265625,0.576478898525238,-10.85254192352295,-5.669544219970703
1761399320782102800,9.231102783203125,0.9920225143432617,-10.948309898376465,-4.783689975738525
1761399320792184000,9.24118408203125,0.7155670523643494,-10.65546989440918,-4.047996520996094
1761399320802251500,9.25125146484375,0.5812672972679138,-10.961627960205078,-3.318288803100586
1761399320822423600,9.271423583984374,1.3355156183242798,-9.74821662902832,-2.964994430541992
1761399320832493800,9.281493896484376,1.255534291267395,-8.893261909484863,-2.283769130706787
1761399320842587000,9.2915869140625,0.6682067513465881,-8.239047050476074,-1.852064609527588
1761399320852668000,9.30166796875,0.24263738095760345,-7.74823522567749,-1.8041057586669922
1761399320862743800,9.311743896484375,0.1835305243730545,-7.357456684112549,-1.8978537321090698
1761399320872816400,9.32181640625,0.199092835187912,-7.024288654327393,-2.119018077850342
1761399320882908400,9.331908447265626,0.24009354412555695,-6.721796035766602,-2.518700122833252
1761399320892990500,9.341990478515624,0.09958382695913315,-6.976703643798828,-2.5341877937316895
1761399320903071200,9.3520712890625,0.13325229287147522,-6.936451435089111,-2.8214170932769775
1761399320913151500,9.3621513671875,0.19146130979061127,-7.033940315246582,-2.5708489418029785
1761399320923207200,9.372207275390625,0.2584989666938782,-7.124545574188232,-2.089240312576294
1761399320933298000,9.3822978515625,0.3800047039985657,-6.948122978210449,-1.535805583000183
1761399320943393800,9.392393798828126,0.5589712858200073,-6.5411834716796875,-1.0851719379425049
1761399320953465600,9.402465576171876,0.8031050562858582,-5.992761611938477,-0.22079028189182281
1761399320963555300,9.412555419921874,1.090334415435791,-5.498508453369141,0.43694180250167847
1761399320973635800,9.4226357421875,1.314416766166687,-5.119177341461182,0.7855974435806274
1761399320983717400,9.43271728515625,1.6330699920654297,-5.600711345672607,1.430161476135254
1761399320993773000,9.44277294921875,1.7184382677078247,-5.801225662231445,0.9204957485198975
1761399321003877600,9.452877685546875,1.7420810461044312,-5.94906759262085,0.5790975093841553
1761399321013957000,9.46295703125,1.6531214714050293,-6.087332725524902,0.3097498416900635
1761399321024039700,9.473039794921876,1.6472855806350708,-6.10244607925415,-0.02214636653661728
1761399321034116400,9.483116455078125,1.8388217687606812,-6.130278587341309,-0.5455039143562317
1761399321044196400,9.4931962890625,2.1727380752563477,-6.228665351867676,-0.7903858423233032
1761399321054281500,9.503281494140625,2.6337714195251465,-6.298920154571533,-1.1772738695144653
1761399321064362200,9.5133623046875,3.0759506225585938,-6.272658824920654,-1.530867576599121
1761399321074430000,9.523429931640624,3.5220203399658203,-6.336479187011719,-2.001851797103882
1761399321084516400,9.533516357421876,4.00460147857666,-6.476988792419434,-2.77622652053833
1761399321094602000,9.54360205078125,4.154688358306885,-6.775216579437256,-3.885789394378662
1761399321104673800,9.553673828125,3.887510299682617,-7.450232028961182,-5.415085792541504
1761399321114765300,9.563765380859374,4.0027313232421875,-9.082703590393066,-7.220762729644775
1761399321124846000,9.57384619140625,4.569558620452881,-12.161870956420898,-9.572916030883789
1761399321134925300,9.58392529296875,4.549582004547119,-15.871163368225098,-12.378321647644043
1761399321144994800,9.593994873046874,4.448426723480225,-18.1597957611084,-14.570961952209473
1761399321155088100,9.604088134765625,4.948066711425781,-16.378284454345703,-14.341941833496094
1761399321175226400,9.624226318359375,5.104737281799316,-9.212663650512695,-9.866056442260742
1761399321185305000,9.63430517578125,4.669665813446045,-7.125443458557129,-8.220491409301758
1761399321195409400,9.644409423828124,3.9857473373413086,-5.441496849060059,-6.9158759117126465
1761399321205489700,9.65448974609375,2.8663830757141113,-5.74361515045166,-5.772495269775391
1761399321215559700,9.6645595703125,1.1763012409210205,-9.923068046569824,-5.997400283813477
1761399321225651000,9.67465087890625,1.554510235786438,-14.75344467163086,-5.399598121643066
1761399321235734300,9.684734375,1.4786440134048462,-17.1214599609375,-3.4501943588256836
1761399321245802000,9.694802001953125,0.39796119928359985,-16.41651725769043,-2.534412145614624
1761399321255895300,9.704895263671874,-1.0167875289916992,-13.599289894104004,-2.2524948120117188
1761399321265974300,9.714974365234376,-0.6290016770362854,-9.44295597076416,-2.5415947437286377
1761399321276057000,9.72505712890625,2.222043752670288,-5.817162036895752,-1.8605940341949463
1761399321286127600,9.735127685546875,2.5427169799804688,-3.2922518253326416,-0.6919991374015808
1761399321296217600,9.745217529296875,0.18210896849632263,-2.124779224395752,-0.272938996553421
1761399321306299000,9.755298828125,-1.447594165802002,-2.8761844635009766,0.9541642069816589
1761399321316366600,9.76536669921875,-2.1238064765930176,-4.8837971687316895,1.8710685968399048
1761399321326457600,9.77545751953125,-2.863614797592163,-8.085219383239746,1.3999346494674683
1761399321336541000,9.785541015625,-3.84157133102417,-12.057125091552734,-0.31214404106140137
1761399321346632200,9.795632080078125,-3.994875192642212,-15.138687133789062,-1.689483404159546
1761399321356692700,9.805692626953125,-2.422558069229126,-16.20687484741211,-3.4567782878875732
1761399321366773500,9.8157734375,-0.6632686853408813,-14.163423538208008,-5.07338809967041
1761399321376863200,9.82586328125,0.16669629514217377,-9.945439338684082,-4.897190093994141
1761399321386943700,9.83594384765625,0.3297264575958252,-7.667954444885254,-3.886387825012207
1761399321397023000,9.84602294921875,0.38980597257614136,-7.172878742218018,-3.0523078441619873
1761399321407095800,9.856095703125,0.5503671169281006,-7.644087314605713,-2.811915159225464
1761399321417186300,9.866186279296874,0.5843348503112793,-8.402825355529785,-2.533364772796631
1761399321427272700,9.876272705078126,0.4654477834701538,-9.038261413574219,-2.1348798274993896
1761399321437336300,9.88633642578125,0.286930114030838,-9.092729568481445,-1.6954689025878906
1761399321447402800,9.89640283203125,0.13931261003017426,-9.331476211547852,-1.6770634651184082
1761399321457483800,9.90648388671875,-0.02281973510980606,-9.20899772644043,-1.824082374572754
1761399321467556600,9.916556640625,-0.03336918726563454,-9.026888847351074,-2.0294599533081055
1761399321477645300,9.926645263671874,-0.1470937728881836,-8.809016227722168,-2.1051766872406006
1761399321487726600,9.9367265625,-0.2546083927154541,-8.65855598449707,-2.1505167484283447
1761399321497801000,9.946801025390625,-0.3068319261074066,-8.63902759552002,-2.3932290077209473
1761399321507885800,9.9568857421875,-0.39384618401527405,-8.693421363830566,-2.8250083923339844
1761399321517976600,9.9669765625,-0.3618985414505005,-8.78185749053955,-3.3790416717529297
1761399321528046800,9.977046875,-0.24091655015945435,-8.815824508666992,-3.971008062362671
1761399321538154200,9.987154296875,-0.12472294270992279,-8.60775375366211,-4.361786365509033
1761399321548222200,9.99722216796875,-0.01892915740609169,-8.245555877685547,-4.517933368682861
1761399321558290700,10.007290771484374,0.031947627663612366,-7.9777045249938965,-4.472593307495117
1761399321568396300,10.017396240234374,0.03075052797794342,-7.879467487335205,-4.197110176086426
1761399321578476800,10.027476806640625,0.06838438659906387,-7.900790691375732,-3.916764259338379
1761399321588555800,10.0375556640625,0.08342296630144119,-7.982941627502441,-3.763535499572754
1761399321598624500,10.04762451171875,-0.01458966638892889,-7.8902411460876465,-3.586214780807495
1761399321608719000,10.057718994140625,-0.26485857367515564,-7.849091053009033,-3.729717254638672
1761399321618786800,10.067786865234375,-0.6881833672523499,-7.825448036193848,-3.720439910888672
1761399321628867800,10.077867919921875,-0.9997288584709167,-8.173206329345703,-3.8266077041625977
1761399321638961400,10.08796142578125,-1.2309190034866333,-8.662446022033691,-3.8202481269836426
1761399321649030000,10.09802978515625,-1.342324137687683,-8.90530776977539,-3.539677619934082
1761399321659122700,10.108122802734375,-0.9885808229446411,-9.131634712219238,-3.143437147140503
1761399321669195800,10.11819580078125,-0.4047697186470032,-9.451560020446777,-2.718466281890869
1761399321679263200,10.12826318359375,-0.22011691331863403,-9.875932693481445,-2.9588592052459717
1761399321689341400,10.138341552734374,0.08649053424596786,-9.717915534973145,-2.487800121307373
1761399321699434500,10.1484345703125,0.1983446478843689,-9.660529136657715,-2.1582231521606445
1761399321709525000,10.15852490234375,-0.2083703726530075,-9.761011123657227,-2.3021745681762695
1761399321719602200,10.168602294921875,-0.8861538767814636,-9.893814086914062,-3.027393341064453
1761399321729672200,10.178672119140625,-1.390731930732727,-9.854758262634277,-3.7596447467803955
1761399321739749000,10.1887490234375,-1.4107834100723267,-9.935189247131348,-4.130072593688965
1761399321749848300,10.198848388671875,-0.9701005816459656,-10.203788757324219,-4.2177605628967285
1761399321759924200,10.20892431640625,-0.3199251890182495,-10.50717830657959,-4.080018997192383
1761399321770009600,10.219009521484375,0.14350245893001556,-10.669759750366211,-3.824063777923584
1761399321780076000,10.229075927734375,0.41120412945747375,-10.41724681854248,-3.813589096069336
1761399321790171600,10.239171630859374,0.38875851035118103,-10.027665138244629,-4.546364784240723
1761399321800240600,10.24924072265625,-0.13287819921970367,-9.637036323547363,-5.798457145690918
1761399321810337000,10.2593369140625,-1.2413188219070435,-9.434651374816895,-7.30770206451416
1761399321820402000,10.26940185546875,-2.04315185546875,-9.455525398254395,-8.735394477844238
1761399321830481200,10.279481201171874,-1.4241011142730713,-9.237728118896484,-9.342848777770996
1761399321840570600,10.289570556640625,-0.9263315796852112,-9.120711326599121,-9.389086723327637
1761399321850649000,10.299649169921874,-0.6709750294685364,-9.297059059143066,-8.402899742126465
1761399321860735700,10.30973583984375,-0.1355716735124588,-9.983596801757812,-6.896872043609619
1761399321870816800,10.319816650390624,1.0290578603744507,-11.217658042907715,-5.039944171905518
1761399321880897300,10.329897216796875,2.4899697303771973,-12.4716215133667,-2.9642462730407715
1761399321890983200,10.339983154296876,3.168576240539551,-13.631237983703613,-1.316511631011963
1761399321901046500,10.350046630859374,2.728492021560669,-14.336554527282715,-0.4213795065879822
1761399321911138000,10.360137939453125,1.1572223901748657,-14.332962989807129,-0.13415011763572693
1761399321921220000,10.37022021484375,-0.058059390634298325,-13.634230613708496,0.06239888072013855
1761399321931301000,10.380301025390626,-1.0643723011016846,-12.839804649353027,-0.09045593440532684
1761399321941381600,10.390381591796874,-1.8545336723327637,-12.11398696899414,-0.8141034245491028
1761399321951462000,10.4004619140625,-2.1342062950134277,-11.309460639953613,-2.103081703186035
1761399321961530400,10.4105302734375,-1.2957868576049805,-10.742109298706055,-3.7105636596679688
1761399321971621600,10.42062158203125,0.4158429205417633,-10.652327537536621,-5.116708278656006
1761399321981704200,10.4307041015625,1.8134582042694092,-10.86181926727295,-5.718326091766357
1761399321991772400,10.4407724609375,2.037989377975464,-10.874090194702148,-5.651363372802734
1761399322001852700,10.450852783203125,1.5360300540924072,-10.446500778198242,-5.450699329376221
1761399322011946000,10.460946044921876,0.9652373790740967,-9.653121948242188,-5.092990875244141
1761399322022027000,10.471027099609374,0.5323357582092285,-9.322946548461914,-3.930830240249634
1761399322032107800,10.481107666015625,0.1859995424747467,-9.063324928283691,-3.158625364303589
1761399322042186800,10.491186767578125,0.20515315234661102,-8.711003303527832,-2.8937668800354004
1761399322052268800,10.501268798828125,0.3090764880180359,-8.28663158416748,-2.6372880935668945
1761399322062349600,10.511349609375,-0.033518824726343155,-8.149862289428711,-2.0048446655273438
1761399322072430300,10.521430419921876,-0.4190601110458374,-7.937975883483887,-1.7253963947296143
1761399322082498300,10.531498291015625,-0.918550431728363,-7.708656311035156,-1.6766893863677979
1761399322092591600,10.541591552734374,-0.7026981711387634,-7.486444473266602,-1.4562731981277466
1761399322102670600,10.551670654296874,-0.2795230448246002,-7.151704788208008,-1.1452513933181763
1761399322112753000,10.5617529296875,0.059630587697029114,-6.709226608276367,-1.069983720779419
1761399322122833400,10.57183349609375,0.2736871838569641,-6.66672945022583,-0.7348702549934387
1761399322132902000,10.58190185546875,0.6713491082191467,-6.7020440101623535,-0.7437736988067627
1761399322142995000,10.591994873046875,1.1382932662963867,-6.425663471221924,-1.4707132577896118
1761399322153075500,10.602075439453126,1.616011381149292,-6.790554523468018,-1.3541455268859863
1761399322163161900,10.612161865234375,1.9383307695388794,-7.050848960876465,-1.1531822681427002
1761399322173237000,10.622237060546874,1.9972131252288818,-6.835745334625244,-1.4446762800216675
1761399322183317800,10.63231787109375,1.8518401384353638,-6.2211833000183105,-1.367987036705017
1761399322193373700,10.642373779296875,1.6805799007415771,-5.596970081329346,-0.6973112225532532
1761399322203464700,10.652464599609376,1.7221791744232178,-5.2090349197387695,-0.14746786653995514
1761399322213560000,10.66256005859375,1.7743278741836548,-5.0499701499938965,0.06920739263296127
1761399322223640300,10.672640380859375,1.9327940940856934,-5.163470268249512,-0.09314940869808197
1761399322233723100,10.68272314453125,2.1034557819366455,-5.467084884643555,-0.5288193225860596
1761399322243802000,10.692802001953124,2.356717586517334,-5.787683486938477,-1.171587586402893
1761399322253882600,10.702882568359374,2.773458242416382,-6.169708251953125,-2.072929859161377
1761399322263963400,10.71296337890625,3.2893338203430176,-6.595128059387207,-3.1215152740478516
1761399322274036700,10.72303662109375,4.020912170410156,-7.146392822265625,-4.394482612609863
1761399322284121000,10.73312109375,4.60741662979126,-7.889492988586426,-5.837961673736572
1761399322294203400,10.743203369140625,5.188309669494629,-8.900594711303711,-7.254580974578857
1761399322304286000,10.753285888671876,5.478681564331055,-10.184036254882812,-8.8024320602417
1761399322314355200,10.763355224609375,5.458256244659424,-11.675174713134766,-10.449193954467773
1761399322324447700,10.77344775390625,5.143942356109619,-12.841450691223145,-11.768848419189453
1761399322334526200,10.783526123046874,4.722039222717285,-13.074660301208496,-12.109498023986816
1761399322344594000,10.793593994140625,4.542848110198975,-11.95245361328125,-11.123760223388672
1761399322354687200,10.803687255859375,3.8961892127990723,-10.222792625427246,-9.324742317199707
1761399322364768800,10.813768798828125,3.2811038494110107,-8.48355484008789,-7.662867069244385
1761399322374838500,10.823838623046875,3.409268379211426,-6.588094711303711,-6.6967315673828125
1761399322384931300,10.833931396484376,4.277166366577148,-4.542698383331299,-6.3256306648254395
1761399322395005400,10.84400537109375,4.918588161468506,-3.0709378719329834,-5.835941314697266
1761399322405079800,10.854079833984375,3.726724624633789,-4.980612754821777,-5.570035457611084
1761399322415171600,10.864171630859374,2.1116111278533936,-10.353875160217285,-6.430675983428955
1761399322425240800,10.87424072265625,0.713771402835846,-14.597746849060059,-5.650615215301514
1761399322435324700,10.88432470703125,-1.221716284751892,-16.57071876525879,-4.07014274597168
1761399322445388500,10.894388427734375,-2.178274631500244,-15.909095764160156,-2.42240834236145
1761399322455496200,10.90449609375,0.059406131505966187,-13.106009483337402,-1.526602864265442
1761399322465576700,10.91457666015625,2.926088571548462,-10.197428703308105,-1.3666402101516724
1761399322475656000,10.924656005859376,2.439990758895874,-7.545700550079346,-0.4101566672325134
1761399322485718800,10.93471875,0.1975216418504715,-5.9730095863342285,1.034145474433899
1761399322495818800,10.94481884765625,-1.4153473377227783,-5.49192476272583,1.4080898761749268
1761399322505900000,10.954900146484375,-1.5857845544815063,-5.870357990264893,1.5720926523208618
1761399322515969800,10.9649697265625,-1.856404185295105,-6.636203289031982,1.1513866186141968
1761399322526061000,10.97506103515625,-2.838625431060791,-8.48826789855957,0.047734394669532776
1761399322536142000,10.98514208984375,-3.8122425079345703,-11.263072967529297,-1.236904501914978
1761399322546209800,10.995209716796875,-3.561150550842285,-12.754660606384277,-1.979630708694458
1761399322556303000,11.00530322265625,-2.072929859161377,-13.20896053314209,-3.818228006362915
1761399322566384000,11.015384033203125,-0.8411877751350403,-11.598186492919922,-4.846837043762207
1761399322576464100,11.025464111328125,-0.07392098009586334,-9.705195426940918,-4.647294998168945
1761399322586545000,11.035544921875,0.20859482884407043,-8.654740333557129,-4.34031343460083
1761399322596591900,11.045591796875,0.4936544597148895,-8.471583366394043,-4.0569748878479
1761399322606681600,11.055681640625,0.4355950653553009,-8.621520042419434,-3.3740286827087402
1761399322616788000,11.0657880859375,0.17155951261520386,-8.77272891998291,-2.1709423065185547
1761399322626867700,11.07586767578125,-0.19108721613883972,-9.223812103271484,-1.5029600858688354
1761399322636949800,11.08594970703125,-0.22355858981609344,-8.975189208984375,-1.017835021018982
1761399322647025700,11.096025634765626,-0.524330198764801,-9.016413688659668,-1.2043582201004028
1761399322657105200,11.106105224609376,-0.7235726714134216,-8.725893020629883,-1.4701894521713257
1761399322667188000,11.11618798828125,-0.8257002830505371,-8.419883728027344,-1.8646341562271118
1761399322677267000,11.126266845703125,-0.8589198589324951,-8.327482223510742,-2.4016835689544678
1761399322687352600,11.1363525390625,-0.8480711579322815,-8.360103607177734,-3.0855274200439453
1761399322697407200,11.1464072265625,-0.5823147296905518,-8.376862525939941,-3.6750247478485107
1761399322707488000,11.156488037109375,-0.3826981782913208,-8.387412071228027,-4.127902984619141
1761399322717594600,11.1665947265625,-0.22355858981609344,-8.359430313110352,-4.389768600463867
1761399322727674600,11.176674560546875,-0.1396118849515915,-8.329353332519531,-4.548983097076416
1761399322737730300,11.186730224609375,-0.10152911394834518,-8.27862548828125,-4.7405195236206055
1761399322747835600,11.196835693359375,-0.10527005791664124,-8.198195457458496,-4.814964294433594
1761399322757891600,11.2068916015625,-0.05222352594137192,-8.095319747924805,-4.758700370788574
1761399322767997200,11.2169970703125,0.0036661212798208,-8.047435760498047,-4.501772403717041
1761399322778077700,11.22707763671875,-0.06883329898118973,-7.932364463806152,-4.356174945831299
1761399322788158500,11.237158447265625,-0.24660277366638184,-7.884929180145264,-4.127828121185303
1761399322798235400,11.2472353515625,-0.3984849452972412,-7.997306823730469,-3.884667158126831
1761399322808319700,11.25731982421875,-0.41883566975593567,-8.236352920532227,-3.5940709114074707
1761399322818400500,11.267400390625,-0.4141969084739685,-8.739958763122559,-3.5183541774749756
1761399322828481800,11.277481689453126,-0.1331774741411209,-8.974814414978027,-2.9694087505340576
1761399322838562000,11.28756201171875,0.2198176383972168,-9.180341720581055,-2.5311949253082275
1761399322848617200,11.2976171875,0.23515549302101135,-9.437494277954102,-2.7834091186523438
1761399322858723600,11.3077236328125,0.13534721732139587,-9.358560562133789,-3.252448081970215
1761399322868799700,11.3177998046875,-0.24241292476654053,-9.362975120544434,-4.096853256225586
1761399322878871800,11.327871826171876,-0.7271639704704285,-9.337311744689941,-4.849231243133545
1761399322888965000,11.337965087890625,-0.8252514004707336,-9.021576881408691,-4.680290222167969
1761399322899066400,11.34806640625,-0.5720645785331726,-9.071704864501953,-4.165387153625488
1761399322909126700,11.358126708984376,-0.7423521876335144,-9.37741470336914,-3.8289270401000977
1761399322919166500,11.36816650390625,-1.2716203927993774,-9.800439834594727,-4.239233493804932
1761399322929284000,11.3782841796875,-1.462109088897705,-9.945439338684082,-4.803516864776611
1761399322939369500,11.388369384765625,-1.164105772972107,-9.964892387390137,-5.275773048400879
1761399322949442300,11.3984423828125,-0.5810428261756897,-9.962647438049316,-5.3628621101379395
1761399322959530800,11.40853076171875,-0.08746317774057388,-10.031031608581543,-4.992658615112305
1761399322969587200,11.418587158203126,-0.20268413424491882,-9.892841339111328,-4.587514877319336
1761399322979691800,11.42869189453125,-0.91480952501297,-9.989282608032227,-4.617891311645508
1761399322989772800,11.438772705078126,-1.2753612995147705,-11.161543846130371,-6.2078657150268555
1761399322999848700,11.4488486328125,-0.4920084476470947,-10.771139144897461,-6.145541667938232
1761399323009933600,11.45893359375,-0.44599488377571106,-10.02340030670166,-6.456413745880127
1761399323020014000,11.46901416015625,-0.5303156971931458,-10.188600540161133,-6.944830894470215
1761399323030094800,11.4790947265625,0.10130465775728226,-10.94801139831543,-6.501155376434326
1761399323040175400,11.48917529296875,1.0285340547561646,-11.673154830932617,-4.9945292472839355
1761399323050257400,11.49925732421875,2.0083611011505127,-12.074408531188965,-3.179574728012085
1761399323060333000,11.5093330078125,2.4052748680114746,-12.620211601257324,-1.6155624389648438
1761399323070418400,11.51941845703125,2.245910882949829,-13.717503547668457,-0.2959083616733551
1761399323080498400,11.52949853515625,1.8835633993148804,-14.562955856323242,1.0945991277694702
1761399323090580000,11.539580078125,0.8996961116790771,-14.873379707336426,2.0847511291503906
1761399323100660700,11.54966064453125,-0.15554828941822052,-14.601338386535645,2.4675989151000977
1761399323110741500,11.559741455078125,-0.762104332447052,-13.770625114440918,2.105401039123535
1761399323120805600,11.5698056640625,-0.7259668707847595,-12.429946899414062,1.0491092205047607
1761399323130902000,11.579902099609376,0.14859014749526978,-11.40201187133789,-0.3042132556438446
1761399323140982300,11.589982177734376,1.034369945526123,-11.112836837768555,-1.8236335515975952
1761399323151062800,11.600062744140626,1.4513351917266846,-10.953248023986816,-2.7282676696777344
1761399323161144600,11.61014453125,1.1808651685714722,-10.669161796569824,-3.406874179840088
1761399323171240700,11.62024072265625,0.6761375069618225,-10.098592758178711,-3.872546434402466
1761399323181305000,11.63030517578125,0.2898480296134949,-9.458293914794922,-3.9390604496002197
1761399323191382000,11.640382080078124,0.4594622552394867,-8.869993209838867,-3.665447950363159
1761399323201467000,11.650466796875,1.2862848043441772,-8.48018741607666,-3.770568370819092
1761399323211547100,11.660547119140626,1.6438438892364502,-8.155922889709473,-3.728969097137451
1761399323221602300,11.670602294921874,1.2455086708068848,-8.147917747497559,-2.9753942489624023
1761399323231708400,11.68070849609375,0.6481552720069885,-8.02656078338623,-2.3463923931121826
1761399323241789200,11.6907890625,0.16744448244571686,-7.8488664627075195,-1.993921160697937
1761399323251866000,11.7008662109375,-0.13826514780521393,-7.639298915863037,-1.6345664262771606
1761399323261950500,11.710950439453125,-0.13766659796237946,-7.67618465423584,-0.9613468050956726
1761399323272031200,11.72103125,0.23036709427833557,-7.571139335632324,-0.7466168403625488
1761399323282112500,11.731112548828126,0.9221417307853699,-7.37900447845459,-0.6241384744644165
1761399323292192500,11.741192626953126,1.357287883758545,-7.451354026794434,0.08888474106788635
1761399323302273300,11.751273193359374,1.6668132543563843,-7.109432220458984,0.45661914348602295
1761399323312353800,11.761353759765624,1.7651251554489136,-6.615927696228027,0.8930372595787048
1761399323322418400,11.77141845703125,1.5569792985916138,-5.913079738616943,1.3221979141235352
1761399323332485600,11.781485595703124,1.2559832334518433,-5.305476188659668,1.385494589805603
1761399323342577200,11.7915771484375,0.9625439047813416,-4.864568710327148,1.0848726034164429
1761399323352676600,11.801676513671875,0.823156476020813,-4.596941947937012,0.6607248783111572
1761399323362757400,11.81175732421875,0.895581066608429,-4.481870651245117,0.32007482647895813
1761399323372838000,11.821837890625,0.9191489815711975,-4.561178684234619,-0.13602058589458466
1761399323382914600,11.83191455078125,0.970848798751831,-4.786084175109863,-0.7108534574508667
1761399323392999400,11.84199951171875,1.124751091003418,-5.004929065704346,-1.3486837148666382
1761399323403080200,11.852080078125,1.4190882444381714,-5.302333831787109,-2.0201826095581055
1761399323413160700,11.86216064453125,1.7365443706512451,-5.788880348205566,-2.8009915351867676
1761399323423220200,11.87222021484375,2.1406407356262207,-6.571260452270508,-3.6733787059783936
1761399323433297000,11.882296875,2.848052501678467,-7.464297771453857,-4.78585958480835
1761399323443403500,11.892403564453126,3.9431004524230957,-8.416815757751465,-6.201655864715576
1761399323453469400,11.902469482421875,5.391891956329346,-9.734150886535645,-7.677007675170898
1761399323463564300,11.912564208984374,6.754791259765625,-12.022334098815918,-9.449316024780273
1761399323473612800,11.92261279296875,6.745364189147949,-15.020697593688965,-11.271003723144531
1761399323483726000,11.93272607421875,6.571934223175049,-16.300996780395508,-12.424485206604004
1761399323493793800,11.942793701171874,6.534823894500732,-14.623933792114258,-11.302726745605469
1761399323503886800,11.952886962890625,6.6401686668396,-11.732336044311523,-8.913987159729004
1761399323513968600,11.96296875,6.726210594177246,-9.335665702819824,-6.620865345001221
1761399323534129400,11.98312939453125,5.985205173492432,-6.420201301574707,-4.17264461517334
1761399323544210000,11.9932099609375,5.301585674285889,-5.280037879943848,-3.183166027069092
1761399323554291200,12.003291259765625,4.912378311157227,-4.414758205413818,-2.1272482872009277
1761399323564371500,12.013371337890625,4.59312629699707,-5.556941986083984,-1.306560754776001
1761399323574452000,12.023451904296875,3.9182608127593994,-9.582568168640137,-1.5292962789535522
1761399323584507100,12.033507080078126,3.941679000854492,-14.14673900604248,-1.8977041244506836
1761399323594594000,12.043593994140625,2.8959364891052246,-17.501989364624023,-1.5849615335464478
1761399323604694300,12.0536943359375,-1.5791256427764893,-17.07986068725586,-2.0306570529937744
1761399323614774300,12.063774169921874,-3.342679738998413,-12.95914077758789,-3.5242648124694824
1761399323624855600,12.07385546875,-2.1902456283569336,-8.517521858215332,-3.8091750144958496
1761399323634910200,12.08391015625,-0.9681553244590759,-6.832677364349365,-2.174758195877075
1761399323645016300,12.094016357421875,-1.2841899394989014,-7.3430914878845215,-1.1463737487792969
1761399323655073000,12.104072998046876,-1.119738221168518,-8.736591339111328,-1.1130045652389526
1761399323665157000,12.1141572265625,-0.87530517578125,-9.307085037231445,-0.8993968367576599
1761399323675259400,12.12425927734375,-1.0620529651641846,-8.746691703796387,-0.5692214369773865
1761399323685339100,12.134339111328124,-1.8250551223754883,-7.850437641143799,-0.7655459642410278
1761399323695420400,12.14442041015625,-3.1070752143859863,-7.85073709487915,-1.5034090280532837
1761399323705500400,12.15450048828125,-3.4788498878479004,-9.249025344848633,-2.7141268253326416
1761399323715581200,12.164581298828125,-3.3964743614196777,-10.868927955627441,-4.31367826461792
1761399323725636600,12.17463671875,-2.9688100814819336,-11.666646003723145,-5.5802106857299805
1761399323735743500,12.184743408203126,-1.741856575012207,-11.096226692199707,-5.765387535095215
1761399323745823500,12.194823486328126,-0.4704606235027313,-9.976563453674316,-5.549460411071777
1761399323755903700,12.20490380859375,0.16235680878162384,-9.119514465332031,-5.428478240966797
1761399323765984500,12.214984619140624,0.5297171473503113,-8.678382873535156,-4.763638496398926
1761399323776065000,12.22506494140625,0.5443816184997559,-8.501885414123535,-3.335721492767334
1761399323786146000,12.23514599609375,0.11783961206674576,-8.568024635314941,-1.9593547582626343
1761399323796226600,12.2452265625,-0.5242553353309631,-8.717812538146973,-1.0690858364105225
1761399323806307300,12.255307373046875,-0.9640402793884277,-9.148019790649414,-0.9202712774276733
1761399323816388000,12.26538818359375,-1.3218985795974731,-9.06287670135498,-1.328108549118042
1761399323826468600,12.275468505859376,-1.6560393571853638,-8.742951393127441,-2.067542791366577
1761399323836524300,12.285524169921874,-2.0240731239318848,-8.376788139343262,-3.001879930496216
1761399323846630100,12.295630126953125,-2.192864418029785,-8.202534675598145,-4.136507034301758
1761399323856712700,12.305712646484375,-2.196979284286499,-8.10362434387207,-5.14356803894043
1761399323866791700,12.315791748046875,-1.953144907951355,-7.908123016357422,-5.853299617767334
1761399323876872400,12.32587255859375,-1.7282395362854004,-7.5674729347229,-6.127584934234619
1761399323886927600,12.335927734375,-1.3491326570510864,-7.38364315032959,-6.047080039978027
1761399323897030700,12.34603076171875,-0.8330325484275818,-7.538293838500977,-5.8512043952941895
1761399323907110100,12.356110107421875,-0.12629413604736328,-7.8425068855285645,-5.328220844268799
1761399323917193200,12.366193115234376,0.629675030708313,-8.273463249206543,-4.804788589477539
1761399323927296300,12.376296142578125,1.0246435403823853,-8.569371223449707,-4.246341228485107
1761399323937356800,12.386356689453125,1.2950387001037598,-8.714071273803711,-3.9124996662139893
1761399323947436500,12.3964365234375,1.3905823230743408,-8.537424087524414,-3.6653730869293213
1761399323957513500,12.406513427734374,0.8687959313392639,-8.808267593383789,-4.040290355682373
1761399323967598000,12.41659814453125,0.40619128942489624,-8.551863670349121,-3.9841761589050293
1761399323977679600,12.4266796875,-0.18996493518352509,-8.340276718139648,-4.068122863769531
1761399323987760400,12.436760498046874,-0.5529857873916626,-8.328978538513184,-4.2890625
1761399323997818400,12.446818359375,-0.712424635887146,-8.277652740478516,-4.322282314300537
1761399324007921000,12.4569208984375,-0.6116437315940857,-8.218172073364258,-4.320336818695068
1761399324017997600,12.46699755859375,-0.1430535465478897,-8.277054786682129,-4.36380672454834
1761399324028051000,12.477051025390624,0.3594295382499695,-8.339228630065918,-4.368295669555664
1761399324038163200,12.4871630859375,0.5562778115272522,-8.381202697753906,-4.498630046844482
1761399324048218400,12.49721826171875,0.5632359385490417,-8.567950248718262,-4.815038681030273
1761399324058324200,12.50732421875,0.5438578724861145,-8.992172241210938,-5.025803565979004
1761399324068386600,12.517386474609374,0.5707926750183105,-9.542614936828613,-4.900332450866699
1761399324078481700,12.527481689453126,0.6738181114196777,-9.939528465270996,-4.498331069946289
1761399324088566800,12.53756689453125,0.30226796865463257,-9.879748344421387,-4.1891045570373535
1761399324098624300,12.547624267578126,-0.5282955765724182,-9.531990051269531,-4.429647445678711
1761399324108727600,12.5577275390625,-1.132232904434204,-9.033247947692871,-4.826486110687256
1761399324118808300,12.567808349609376,-1.2227636575698853,-8.819341659545898,-5.52200174331665
1761399324128889000,12.57788916015625,-0.8521113395690918,-8.798990249633789,-5.998223304748535
1761399324138965800,12.5879658203125,-0.3224690556526184,-8.99703598022461,-6.304381847381592
1761399324149046800,12.598046875,-0.09299977123737335,-9.222614288330078,-6.412420272827148
1761399324159131400,12.60813134765625,-0.6019920706748962,-9.7814359664917,-6.6944122314453125
1761399324169191400,12.61819140625,-1.1427075862884521,-10.131813049316406,-7.0038628578186035
1761399324179293400,12.62829345703125,-0.09157821536064148,-10.240748405456543,-7.416563510894775
1761399324189348000,12.63834814453125,-0.08768763393163681,-10.601974487304688,-7.916502952575684
1761399324199454000,12.648453857421876,-0.9421932101249695,-11.032706260681152,-7.7833251953125
1761399324209530600,12.658530517578125,-0.5906944274902344,-11.641206741333008,-6.707730293273926
1761399324219618000,12.6686181640625,1.0850223302841187,-12.296395301818848,-4.601805210113525
1761399324229672000,12.678671875,2.5975592136383057,-13.391518592834473,-2.4521114826202393
1761399324239751400,12.68875146484375,2.661529302597046,-14.486416816711426,-0.5880758166313171
1761399324249857800,12.69885791015625,1.7042975425720215,-15.451654434204102,0.9086743593215942
1761399324259937800,12.708937744140625,0.7030723094940186,-15.747113227844238,2.272696018218994
1761399324270019000,12.71901904296875,0.37080198526382446,-15.445070266723633,3.093981981277466
1761399324280095200,12.72909521484375,0.13093291223049164,-14.44698715209961,2.878952741622925
1761399324290180000,12.73918017578125,-0.1553986519575119,-12.761918067932129,1.6907553672790527
1761399324300260400,12.74926025390625,-0.26426002383232117,-11.349189758300781,-0.12853869795799255
1761399324310341400,12.75934130859375,0.19684827327728271,-10.986617088317871,-2.446350336074829
1761399324320423000,12.7694228515625,0.8391677141189575,-11.062483787536621,-4.439598083496094
1761399324330503400,12.77950341796875,1.0437971353530884,-11.165509223937988,-5.458779811859131
1761399324340579000,12.7895791015625,0.3464858829975128,-10.67978572845459,-5.557166576385498
1761399324350664200,12.799664306640626,-0.00785597413778305,-9.762731552124023,-5.312658786773682
1761399324360730600,12.809730712890625,0.25011926889419556,-8.954389572143555,-4.962282180786133
1761399324370826000,12.819825927734374,0.6414964199066162,-8.481683731079102,-4.292803764343262
1761399324380905700,12.82990576171875,1.0374375581741333,-8.156596183776855,-3.367669105529785
1761399324390987300,12.8399873046875,0.9338134527206421,-7.827917098999023,-2.8127381801605225
1761399324401063400,12.8500634765625,0.5453542470932007,-7.522656440734863,-2.2153098583221436
1761399324411148300,12.860148193359375,0.3762637674808502,-7.22405481338501,-1.6377087831497192
1761399324421228800,12.870228759765626,0.07960720360279083,-6.9800705909729,-1.4591163396835327
1761399324431309000,12.88030908203125,-0.1776198446750641,-6.8896894454956055,-1.5296704769134521
1761399324441390800,12.890390869140624,0.06269815564155579,-7.015758991241455,-1.5321394205093384
1761399324451470800,12.900470947265624,0.4595370888710022,-7.080178260803223,-1.4287399053573608
1761399324461551400,12.91055126953125,0.9147346615791321,-6.89066219329834,-1.1543793678283691
1761399324471614700,12.92061474609375,1.3883377313613892,-6.425812721252441,-0.6778583526611328
1761399324481712600,12.930712646484375,1.7385644912719727,-6.100650310516357,0.11297639459371567
1761399324491793700,12.940793701171875,1.8528128862380981,-5.546392917633057,0.48901569843292236
1761399324501849000,12.95084912109375,1.740659475326538,-5.00822114944458,0.5630863308906555
1761399324511955000,12.960954833984376,1.4522329568862915,-4.605321884155273,0.5620388388633728
1761399324522035500,12.971035400390624,1.1700912714004517,-4.4829182624816895,0.37491703033447266
1761399324532112600,12.981112548828126,0.9680056571960449,-4.6343512535095215,0.017657237127423286
1761399324542197000,12.991197021484375,0.869020402431488,-4.913650035858154,-0.5518634915351868
1761399324552277500,13.001277587890625,0.8136544823646545,-5.147384166717529,-1.2776058912277222
1761399324562358000,13.01135791015625,1.1352256536483765,-5.218611717224121,-1.9461866617202759
1761399324572427500,13.021427490234375,1.6084545850753784,-5.133617401123047,-2.5415947437286377
1761399324582519800,13.031519775390626,2.167201519012451,-5.183072566986084,-3.0924856662750244
1761399324592600800,13.041600830078124,2.880523920059204,-5.5650224685668945,-3.8972365856170654
1761399324602638600,13.051638671875,3.981931447982788,-6.370372295379639,-4.93691873550415
1761399324612761900,13.061761962890625,5.627645969390869,-7.594333171844482,-6.138583660125732
1761399324622828000,13.071828125,7.2521867752075195,-9.68043041229248,-7.420753479003906
1761399324632902000,13.08190185546875,7.052644729614258,-12.28891372680664,-9.157447814941406
1761399324643003400,13.09200341796875,6.227169036865234,-14.233529090881348,-11.167754173278809
1761399324653084200,13.102084228515626,5.96754789352417,-14.506093978881836,-12.173169136047363
1761399324663161000,13.1121611328125,6.3861589431762695,-12.67131233215332,-11.1126127243042
1761399324673245200,13.1222451171875,6.332065105438232,-10.34833812713623,-9.589750289916992
1761399324683326500,13.132326416015625,5.877316474914551,-8.573636054992676,-8.12053394317627
1761399324693407500,13.142407470703125,5.32777214050293,-7.003414154052734,-6.652064800262451
1761399324703487700,13.15248779296875,5.60602331161499,-6.015132427215576,-4.971410274505615
1761399324713543200,13.162543212890625,5.318195343017578,-7.29378604888916,-3.6070144176483154
1761399324723624000,13.1726240234375,4.846014022827148,-11.803564071655273,-3.2196028232574463
1761399324733704400,13.182704345703126,5.890783786773682,-16.627132415771484,-3.102137327194214
1761399324743785200,13.19278515625,5.901407718658447,-19.302278518676758,-2.051830768585205
1761399324753866000,13.202865966796875,2.3623290061950684,-17.888652801513672,-1.652747392654419
1761399324763935000,13.21293505859375,-2.0252702236175537,-12.29130744934082,-1.6502783298492432
1761399324774015700,13.223015625,-2.5025393962860107,-5.888988018035889,-1.4333038330078125
1761399324784117500,13.233117431640625,-2.080411672592163,-2.5965118408203125,-0.07818564772605896
1761399324794197800,13.24319775390625,-1.8069489002227783,-1.605461835861206,0.8559271097183228
1761399324804278300,13.2532783203125,-1.788543462753296,-2.8221652507781982,0.3191770017147064
1761399324814349600,13.263349609375,-2.303596019744873,-6.1519012451171875,0.40304890275001526
1761399324824455700,13.27345556640625,-2.5475802421569824,-9.215506553649902,0.7255179286003113
1761399324834537200,13.283537109375,-2.1406407356262207,-11.559953689575195,-0.14739304780960083
1761399324844592000,13.293592041015625,-2.4611644744873047,-13.125986099243164,-1.7223289012908936
1761399324864746800,13.313746826171876,-1.1736077070236206,-14.377630233764648,-5.298966884613037
1761399324874859300,13.323859375,-0.5945101976394653,-11.460519790649414,-4.728697776794434
1761399324884940000,13.33393994140625,-1.0420763492584229,-9.439888000488281,-4.02809476852417
1761399324895020800,13.344020751953124,-1.4369698762893677,-8.587178230285645,-3.3524060249328613
1761399324905101300,13.354101318359374,-1.4034510850906372,-8.394445419311523,-2.9698574542999268
1761399324915182300,13.364182373046875,-0.8901941180229187,-8.728586196899414,-2.7667245864868164
1761399324925263000,13.37426318359375,-0.4298340380191803,-9.26294231414795,-2.530970573425293
1761399324935344000,13.38434423828125,0.14402619004249573,-9.7582426071167,-2.1559038162231445
1761399324945424100,13.394424072265625,0.24241292476654053,-9.947833061218262,-1.8571523427963257
1761399324955505200,13.404505126953126,-0.20455460250377655,-9.868226051330566,-1.7029508352279663
1761399324965585400,13.41458544921875,-0.7493851184844971,-9.7035493850708,-1.80418062210083
1761399324975666200,13.424666259765624,-1.0301052331924438,-9.232864379882812,-1.974692702293396
1761399324985721900,13.434721923828125,-1.2950387001037598,-9.052700996398926,-2.3090579509735107
1761399324995827700,13.44482763671875,-1.7372926473617554,-8.554781913757324,-2.5552117824554443
1761399325005882600,13.454882568359375,-2.4142532348632812,-8.09202766418457,-2.9222729206085205
1761399325015988700,13.46498876953125,-2.899228572845459,-7.907374858856201,-3.498751640319824
1761399325026044400,13.47504443359375,-3.0214078426361084,-7.945981502532959,-4.29594612121582
1761399325036150300,13.485150390625,-2.774505615234375,-7.885901927947998,-5.038073539733887
1761399325046231300,13.495231201171874,-2.0894646644592285,-7.703643321990967,-5.603853702545166
1761399325056286200,13.5052861328125,-1.2479028701782227,-7.576825141906738,-5.865719318389893
1761399325066392000,13.51539208984375,-0.7305307984352112,-7.546448707580566,-5.794940948486328
1761399325076473600,13.5254736328125,-0.5000888705253601,-7.698031902313232,-5.37094259262085
1761399325086553900,13.535553955078125,-0.21128830313682556,-8.150385856628418,-4.679167747497559
1761399325096635000,13.545634765625,0.1628057211637497,-8.350377082824707,-3.9031472206115723
1761399325106689500,13.555689453125,0.14746786653995514,-9.416095733642578,-3.8405239582061768
1761399325116796200,13.565796142578124,0.15764321386814117,-9.347561836242676,-3.2974143028259277
1761399325126850600,13.5758505859375,-0.017806874588131905,-9.008183479309082,-2.998288631439209
1761399325136957700,13.585957763671875,-0.4015525281429291,-8.678083419799805,-3.2089035511016846
1761399325147035400,13.596035400390624,-0.604461133480072,-8.620996475219727,-3.689988613128662
1761399325157114600,13.606114501953124,-0.5554547905921936,-8.58732795715332,-4.032284736633301
1761399325167212300,13.61621240234375,-0.4207809567451477,-8.513855934143066,-4.184765338897705
1761399325177280000,13.626280029296876,-0.2570773959159851,-8.509965896606445,-4.310535907745361
1761399325187360300,13.6363603515625,-0.3735702931880951,-8.478317260742188,-4.68410587310791
1761399325197422800,13.6464228515625,-0.501285970211029,-8.152031898498535,-4.841973781585693
1761399325207522300,13.656522216796875,-0.47502458095550537,-7.979650020599365,-4.90916109085083
1761399325217602300,13.666602294921875,-0.6372317671775818,-8.593612670898438,-5.269263744354248
1761399325227684000,13.67668408203125,-0.5475239753723145,-9.215058326721191,-5.266271114349365
1761399325237752000,13.686751953125,-0.03449146822094917,-9.541642189025879,-4.514641284942627
1761399325247845600,13.696845703125,0.2803460657596588,-9.768193244934082,-3.8470332622528076
1761399325257924900,13.7069248046875,-0.054767362773418427,-9.508123397827148,-3.5363106727600098
1761399325268005400,13.71700537109375,-0.9810989499092102,-9.887679100036621,-4.17608642578125
1761399325278061000,13.72706103515625,-1.3038673400878906,-9.517475128173828,-4.494664669036865
1761399325288167200,13.737167236328125,-1.0409539937973022,-9.500267028808594,-5.107655048370361
1761399325298244400,13.747244384765626,-0.31132104992866516,-9.507898330688477,-5.1244893074035645
1761399325308328400,13.757328369140625,0.06838438659906387,-9.741632461547852,-4.930783748626709
1761399325318409700,13.76740966796875,0.15337854623794556,-9.887005805969238,-4.456955909729004
1761399325328490200,13.777490234375,-0.5938368439674377,-10.585887908935547,-4.6612114906311035
1761399325338570800,13.78757080078125,-1.2035353183746338,-10.898256301879883,-5.071218490600586
1761399325348652000,13.797652099609374,-0.31880292296409607,-10.566210746765137,-5.672088146209717
1761399325358727700,13.807727783203125,0.04653729498386383,-10.182390213012695,-6.362740516662598
1761399325368812300,13.817812255859375,-0.7933037877082825,-10.05078411102295,-6.771700382232666
1761399325378893600,13.8278935546875,-1.0732009410858154,-10.112434387207031,-6.589740753173828
1761399325388982500,13.837982421875,-0.5666027665138245,-10.298508644104004,-5.6071457862854
1761399325399055000,13.84805517578125,0.8735843300819397,-11.074230194091797,-3.827655076980591
1761399325409135000,13.858135009765626,2.385822057723999,-12.936695098876953,-1.9852421283721924
1761399325419216000,13.8682158203125,2.9177088737487793,-14.717307090759277,0.23193828761577606
1761399325429292500,13.87829248046875,2.6193313598632812,-16.210840225219727,0.9760860800743103
1761399325439368200,13.8883681640625,1.4104092121124268,-16.535778045654297,1.4087632894515991
1761399325449459000,13.898458984375,0.21877017617225647,-15.031770706176758,1.9569605588912964
1761399325459538200,13.9085380859375,-1.025316834449768,-12.837559700012207,1.0470890998840332
1761399325469620200,13.9186201171875,-1.6024690866470337,-11.149348258972168,-0.8782231211662292
1761399325479676000,13.928676025390626,-0.9763853549957275,-10.223166465759277,-3.0942811965942383
1761399325489777200,13.938777099609375,0.7077859044075012,-9.898602485656738,-5.2888665199279785
1761399325499862300,13.9488623046875,1.8136825561523438,-9.968482971191406,-6.7497782707214355
1761399325509952000,13.958951904296875,1.4534300565719604,-9.694047927856445,-6.972064971923828
1761399325520023300,13.969023193359375,0.6531681418418884,-9.075146675109863,-6.663437366485596
1761399325530104300,13.979104248046875,0.5655553340911865,-9.060407638549805,-5.713313579559326
1761399325540184300,13.989184326171875,0.9828945994377136,-9.05718994140625,-4.807033061981201
1761399325550218500,13.999218505859375,1.1061960458755493,-8.889296531677246,-3.6572928428649902
1761399325560320000,14.009320068359376,0.7244704961776733,-8.281843185424805,-2.999411106109619
1761399325570427100,14.01942724609375,0.3042880594730377,-7.630620002746582,-2.659733533859253
1761399325580506600,14.029506591796874,0.07234977930784225,-7.17242956161499,-2.2928221225738525
1761399325590587600,14.039587646484375,0.002843114547431469,-6.88796854019165,-1.8288707733154297
1761399325600668000,14.04966796875,0.17178396880626678,-6.79856014251709,-1.3936498165130615
1761399325610749200,14.059749267578125,0.441430926322937,-6.953061103820801,-1.2763339281082153
1761399325620825600,14.06982568359375,0.720280647277832,-7.221062183380127,-1.116895079612732
1761399325630887200,14.07988720703125,1.1189900636672974,-7.447164535522461,-0.7286603450775146
1761399325640990700,14.08999072265625,1.6038159132003784,-7.108983516693115,-0.8792705535888672
1761399325651071200,14.1000712890625,2.0253450870513916,-7.212607383728027,-0.19804537296295166
1761399325661152500,14.110152587890624,2.2107460498809814,-6.8226518630981445,-0.12292729318141937
1761399325671233800,14.12023388671875,2.1627871990203857,-6.087706565856934,-0.3556137681007385
1761399325681310200,14.130310302734374,1.7373673915863037,-5.376254558563232,-0.6265326738357544
1761399325691394000,14.14039404296875,1.26728093624115,-4.846238136291504,-0.7875427007675171
1761399325701475300,14.150475341796875,0.9163807034492493,-4.6320319175720215,-0.9501239657402039
1761399325711556000,14.16055615234375,0.742875874042511,-4.617891311645508,-1.3448679447174072
1761399325721636900,14.170636962890624,0.6492027640342712,-4.785634994506836,-1.947907567024231
1761399325731717600,14.180717529296874,0.72132807970047,-4.99901819229126,-2.5592520236968994
1761399325741772800,14.190772705078125,1.0642974376678467,-5.040467739105225,-3.008838176727295
1761399325751852500,14.2008525390625,1.5417910814285278,-5.010690212249756,-3.2906806468963623
1761399325761959000,14.210958984375,2.0568437576293945,-5.054084777832031,-3.6616322994232178
1761399325772014300,14.221014404296875,2.6775405406951904,-5.3832879066467285,-4.334403038024902
1761399325782095600,14.231095703125,3.555913209915161,-6.078803062438965,-5.321187973022461
1761399325792175900,14.24117578125,4.7800984382629395,-7.077484607696533,-6.446088790893555
1761399325802281500,14.251281494140626,6.233453750610352,-8.46978759765625,-7.622165679931641
1761399325812358700,14.261358642578125,7.146692276000977,-10.527005195617676,-9.008333206176758
1761399325822441200,14.271441162109374,6.757783889770508,-12.870255470275879,-10.768296241760254
1761399325832484900,14.28148486328125,6.013261795043945,-14.32937240600586,-12.162993431091309
1761399325842604000,14.29160400390625,5.731419563293457,-13.850381851196289,-11.539229393005371
1761399325852686000,14.30168603515625,5.107729911804199,-11.895516395568848,-9.710283279418945
1761399325862765800,14.311765869140626,4.316072463989258,-10.083929061889648,-8.121057510375977
1761399325872846800,14.321846923828126,3.968090057373047,-8.490063667297363,-6.902932643890381
1761399325882891500,14.3318916015625,4.3067946434021,-6.8121771812438965,-6.0234375
1761399325892982300,14.341982177734375,4.899434566497803,-5.104437828063965,-5.0446577072143555
1761399325903089200,14.352089111328125,5.541454792022705,-3.673752784729004,-3.7382466793060303
1761399325913169200,14.362169189453125,5.1803789138793945,-4.767753601074219,-2.536058187484741
1761399325923250400,14.37225048828125,3.864241600036621,-8.998382568359375,-2.2714240550994873
1761399325933305300,14.382305419921876,3.1717934608459473,-13.281908988952637,-1.6326959133148193
1761399325943412200,14.392412109375,2.1163246631622314,-16.309900283813477,-0.09270049631595612
1761399325953491700,14.40249169921875,-1.0771663188934326,-16.73906135559082,0.42265141010284424
1761399325963572500,14.412572509765624,-2.625391721725464,-14.222530364990234,-0.22520460188388824
1761399325973654000,14.422654052734375,-0.3539677560329437,-10.981155395507812,-2.2099978923797607
1761399325983733500,14.4327333984375,1.38175368309021,-8.900818824768066,-2.5469069480895996
1761399325993788200,14.4427880859375,-0.3660135865211487,-8.45130729675293,-1.2551602125167847
1761399326003896300,14.452896240234375,-1.1857284307479858,-8.460659980773926,-0.9179518818855286
1761399326013951000,14.462950927734376,-0.8057236671447754,-8.724620819091797,-1.1463737487792969
1761399326024056600,14.473056640625,-1.0186580419540405,-7.935057640075684,-0.758438229560852
1761399326034137900,14.483137939453124,-1.7282395362854004,-7.029675483703613,-0.6316951513290405
1761399326044218000,14.493218017578124,-2.6709563732147217,-7.697208881378174,-1.5351321697235107
1761399326054298600,14.503298583984375,-3.242946147918701,-9.921122550964355,-3.485583543777466
1761399326064380200,14.513380126953125,-3.1006407737731934,-11.899406433105469,-5.753940105438232
1761399326074460400,14.52346044921875,-1.9155110120773315,-12.024429321289062,-7.1868696212768555
1761399326084540700,14.533540771484375,-0.6289268732070923,-10.351929664611816,-6.989572525024414
1761399326094621200,14.54362109375,0.20425532758235931,-8.698583602905273,-6.17606782913208
1761399326104702700,14.55370263671875,0.3520972728729248,-7.923460960388184,-5.419126033782959
1761399326114782700,14.56378271484375,0.041299980133771896,-7.827468395233154,-4.3091139793396
1761399326124863700,14.57386376953125,0.5122095346450806,-8.171560287475586,-2.7152493000030518
1761399326134919000,14.5839189453125,0.7281365990638733,-8.560169219970703,-1.4616601467132568
1761399326145024800,14.594024658203125,0.3833715617656708,-9.01319694519043,-0.9956138134002686
1761399326155095600,14.604095458984375,-0.02431611157953739,-9.153033256530762,-1.0616040229797363
1761399326165186600,14.6141865234375,-0.34020110964775085,-8.90141773223877,-1.362225890159607
1761399326175266600,14.6242666015625,-0.46425068378448486,-8.51445484161377,-1.996315360069275
1761399326185347300,14.634347412109374,-0.5838859677314758,-8.149264335632324,-2.9905076026916504
1761399326195428900,14.644428955078125,-0.8153005242347717,-7.772027492523193,-3.9573910236358643
1761399326205483500,14.6544833984375,-1.1723358631134033,-7.527744293212891,-4.844293117523193
1761399326215590400,14.66459033203125,-1.4866496324539185,-7.5032782554626465,-5.577367782592773
1761399326225670400,14.67467041015625,-1.3986626863479614,-7.587075710296631,-5.95101261138916
1761399326235751700,14.684751708984376,-0.8552537560462952,-7.753696918487549,-6.110077381134033
1761399326245832200,14.694832275390626,-0.18779519200325012,-8.052074432373047,-6.193126201629639
1761399326255912400,14.704912353515626,0.2124105840921402,-8.255581855773926,-5.92325496673584
1761399326265992700,14.71499267578125,0.5192424654960632,-8.332345962524414,-5.1407999992370605
1761399326276073200,14.7250732421875,0.7968950867652893,-8.311022758483887,-4.396502494812012
1761399326286132000,14.735132080078126,0.850989043712616,-8.239570617675781,-3.822417736053467
1761399326296234800,14.74523486328125,0.6833201050758362,-8.382549285888672,-3.7393689155578613
1761399326306316000,14.75531591796875,0.39145198464393616,-8.56308650970459,-3.8186769485473633
1761399326316372200,14.765372314453124,0.2595464289188385,-8.722825050354004,-3.9882164001464844
1761399326326477300,14.775477294921876,0.14440028369426727,-8.83123779296875,-3.9585132598876953
1761399326336558300,14.785558349609374,0.022221185266971588,-8.864307403564453,-4.046275615692139
1761399326346637800,14.795637939453124,0.05581482872366905,-8.796746253967285,-4.166584491729736
1761399326356718800,14.80571875,0.10504560172557831,-8.74721622467041,-4.425831317901611
1761399326366800000,14.8157998046875,0.12322656810283661,-8.707786560058594,-4.664278984069824
1761399326376855300,14.825855224609375,0.07661445438861847,-8.603264808654785,-5.0038065910339355
1761399326386961400,14.83596142578125,-0.11634323745965958,-8.568399429321289,-5.52200174331665
1761399326397038800,14.846038818359375,-0.5176712870597839,-8.741754531860352,-6.0854620933532715
1761399326407118000,14.8561181640625,-0.6542156338691711,-9.001375198364258,-6.749030113220215
1761399326417201200,14.866201171875,-0.5009118914604187,-9.263540267944336,-6.464942932128906
1761399326427283700,14.87628369140625,-0.24488194286823273,-9.67773723602295,-6.090325355529785
1761399326437365000,14.886364990234375,0.05678747221827507,-9.738490104675293,-4.866962909698486
1761399326447441700,14.896441650390624,0.7711573839187622,-10.014272689819336,-3.9845502376556396
1761399326457525500,14.906525390625,1.3263128995895386,-10.230947494506836,-3.2095022201538086
1761399326467582200,14.916582275390626,1.1429320573806763,-10.031106948852539,-2.8476784229278564
1761399326477687000,14.92668701171875,0.8164227604866028,-9.394548416137695,-3.272125482559204
1761399326487768300,14.936768310546874,0.4241477847099304,-8.56540584564209,-3.938910722732544
1761399326497848300,14.946848388671874,-0.22685061395168304,-8.11402416229248,-4.451494216918945
1761399326507905000,14.956905029296875,-1.6947954893112183,-8.037559509277344,-4.933402061462402
1761399326518030000,14.967030029296875,-3.032630443572998,-8.774524688720703,-6.250587463378906
1761399326528091000,14.9770908203125,-2.1522376537323,-9.624317169189453,-7.624858856201172
1761399326538173200,14.987173095703126,0.022221185266971588,-10.433406829833984,-7.762750148773193
1761399326548252200,14.997252197265626,1.2283003330230713,-11.818676948547363,-7.187169075012207
1761399326558332200,15.007332275390626,1.588926911354065,-13.245696067810059,-6.009371280670166
1761399326568413200,15.0174130859375,1.5821932554244995,-12.729446411132812,-3.687818765640259
1761399326578490600,15.02749072265625,1.1216087341308594,-12.218883514404297,-2.1301660537719727
1761399326588575500,15.037575439453125,0.7542483806610107,-12.12865161895752,-1.4396634101867676
1761399326598655000,15.047655029296875,0.2182464450597763,-12.632631301879883,-1.660004734992981
1761399326608736000,15.057736083984375,-1.3515268564224243,-12.95914077758789,-2.5102455615997314
1761399326618816800,15.067816650390625,-2.7596168518066406,-12.317270278930664,-2.750114679336548
1761399326628866300,15.0778662109375,-3.0535049438476562,-10.59928035736084,-3.0136265754699707
1761399326649059000,15.09805908203125,-2.1913678646087646,-8.118064880371094,-6.1822028160095215
1761399326659140000,15.10814013671875,-0.8311620950698853,-8.073921203613281,-7.748758792877197
1761399326669219800,15.1182197265625,-0.391900897026062,-8.377311706542969,-8.662296295166016
1761399326679300400,15.12830029296875,-0.005312134977430105,-8.691925048828125,-8.616357803344727
1761399326689382000,15.1383818359375,-0.3007715940475464,-8.642544746398926,-7.966856002807617
1761399326699461600,15.148461669921875,-0.31191959977149963,-8.409857749938965,-7.800533771514893
1761399326709539300,15.158539306640625,0.18375498056411743,-8.64935302734375,-6.771101474761963
1761399326719623400,15.16862353515625,0.0785597413778305,-8.86939525604248,-5.580285549163818
1761399326729704400,15.178704345703125,-0.5017349123954773,-8.716839790344238,-4.8401031494140625
1761399326739784700,15.18878466796875,-1.1584194898605347,-8.442105293273926,-4.65754508972168
1761399326759946000,15.208946044921875,-1.3571382761001587,-7.878494739532471,-4.105008602142334
1761399326770022700,15.219022705078125,-0.6471826434135437,-7.701323986053467,-3.3366942405700684
1761399326780082400,15.22908251953125,-0.4984428584575653,-7.627627372741699,-3.256563186645508
1761399326790188800,15.239188720703124,-0.4126257002353668,-7.4521026611328125,-3.668964385986328
1761399326800269300,15.249269287109374,-0.5719149112701416,-7.661445617675781,-3.9026236534118652
1761399326810349600,15.259349609375,-0.8529343605041504,-8.27974796295166,-3.7400424480438232
1761399326820430000,15.26943017578125,-1.141286015510559,-8.45931339263916,-4.331260681152344
1761399326830511600,15.27951171875,-1.2764836549758911,-8.863558769226074,-4.6285905838012695
1761399326840568000,15.289568115234376,-1.1111340522766113,-9.30454158782959,-4.224419116973877
1761399326850667800,15.299667724609375,-0.35576340556144714,-9.193734169006348,-3.853692054748535
1761399326860753000,15.3097529296875,0.37641340494155884,-8.665140151977539,-3.5841946601867676
1761399326870851800,15.319851806640624,0.8759785294532776,-8.046238899230957,-2.9357402324676514
1761399326880914400,15.32991455078125,1.0330979824066162,-7.713070392608643,-2.569427251815796
1761399326890994400,15.339994384765625,1.1789946556091309,-7.759532928466797,-2.4251017570495605
1761399326901072000,15.35007177734375,1.214758038520813,-7.953313827514648,-2.57234525680542
1761399326911156000,15.360156005859375,0.9483283162117004,-8.151208877563477,-2.9198038578033447
1761399326921236700,15.37023681640625,0.6350619792938232,-8.289773941040039,-3.3243491649627686
1761399326931317500,15.3803173828125,0.4513818323612213,-8.23582935333252,-3.5668368339538574
1761399326941408500,15.390408447265624,0.4150198996067047,-8.069208145141602,-3.693505048751831
1761399326951478800,15.400478759765624,0.4066402018070221,-7.8407111167907715,-3.7544822692871094
1761399326961555500,15.410555419921875,0.3654150366783142,-7.668029308319092,-3.686472177505493
1761399326971640000,15.42064013671875,0.33010056614875793,-7.574356555938721,-3.5684080123901367
1761399326981720800,15.430720947265625,0.4540005028247833,-7.526846408843994,-3.555539131164551
1761399326991801600,15.440801513671875,0.6822726726531982,-7.547421455383301,-3.6687400341033936
1761399327001882400,15.45088232421875,1.0338462591171265,-7.739032745361328,-3.7981016635894775
1761399327011963100,15.460963134765626,1.2997522354125977,-7.9991774559021,-3.9490859508514404
1761399327022044200,15.471044189453124,1.2262053489685059,-8.283413887023926,-4.204143524169922
1761399327032120300,15.481120361328125,1.1732336282730103,-8.647482872009277,-4.503044605255127
1761399327042205400,15.491205322265625,1.2487257719039917,-9.048885345458984,-4.665027141571045
1761399327052285400,15.501285400390625,1.8070985078811646,-9.67190170288086,-4.572102069854736
1761399327062366200,15.5113662109375,2.4693946838378906,-9.653421401977539,-4.757054328918457
1761399327072446700,15.52144677734375,3.001805305480957,-9.633219718933105,-3.740117073059082
1761399327082527700,15.53152783203125,2.9699323177337646,-10.04958724975586,-2.4515128135681152
1761399327092605000,15.54160498046875,2.4381203651428223,-9.716567993164062,-2.0615572929382324
1761399327102689000,15.55168896484375,2.2444891929626465,-9.373075485229492,-1.5233856439590454
1761399327112770300,15.561770263671875,2.0883424282073975,-9.096619606018066,-1.0381108522415161
1761399327122850300,15.571850341796875,1.9413235187530518,-8.870142936706543,-0.42362406849861145
1761399327132905500,15.581905517578125,1.6691327095031738,-8.471658706665039,0.13699322938919067
1761399327143011800,15.59201171875,1.3411270380020142,-8.447341918945312,0.4091092050075531
1761399327153092400,15.60209228515625,1.0907833576202393,-9.750760078430176,0.4059668183326721
1761399327163169300,15.612169189453125,1.0238205194473267,-13.173720359802246,-0.5069721937179565
1761399327173253600,15.622253662109374,0.4396352767944336,-17.498546600341797,-3.0824599266052246
1761399327183334400,15.63233447265625,0.4455459713935852,-19.914072036743164,-5.669020652770996
1761399327193390000,15.64239013671875,0.8815151453018188,-17.7943058013916,-6.86948823928833
1761399327203495700,15.65249560546875,1.4725836515426636,-12.294449806213379,-6.96735143661499
1761399327213576200,15.662576171875,1.9342905282974243,-7.322890281677246,-6.385335922241211
1761399327223657500,15.672657470703125,0.8237550258636475,-4.054206371307373,-6.2532806396484375
1761399327233738200,15.68273828125,0.25737667083740234,-2.234912395477295,-5.901407718658447
1761399327243818500,15.692818603515626,-0.18629881739616394,-1.7616087198257446,-5.499182224273682
1761399327253899300,15.702899169921874,-1.1153239011764526,-3.0849289894104004,-5.416132926940918
1761399327263954700,15.71295458984375,-1.9830724000930786,-5.155240058898926,-5.755885124206543
1761399327274061000,15.72306103515625,-2.2206969261169434,-6.867468357086182,-5.627645969390869
1761399327284138500,15.733138427734374,-1.543212652206421,-8.10130500793457,-5.087304592132568
1761399327294222000,15.74322216796875,-0.20380641520023346,-8.999954223632812,-4.823268890380859
1761399327304303000,15.75330322265625,1.1991209983825684,-9.855207443237305,-5.233275890350342
1761399327314383600,15.763383544921876,2.0445735454559326,-10.472013473510742,-5.631162166595459
1761399327324439800,15.773439697265625,2.1191678047180176,-10.720786094665527,-5.641861438751221
1761399327334544400,15.78354443359375,1.57022225856781,-10.546533584594727,-5.287295341491699
1761399327344625400,15.79362548828125,0.8745570182800293,-10.064101219177246,-4.570680618286133
1761399327354731000,15.80373095703125,0.25670331716537476,-9.543736457824707,-3.674875259399414
1761399327364787500,15.813787353515625,-0.02199672721326351,-9.196128845214844,-2.930128812789917
1761399327374868200,15.8238681640625,-0.0876128152012825,-9.025017738342285,-2.5338134765625
1761399327384948000,15.833947998046876,-0.09861118346452713,-8.997634887695312,-2.3287353515625
1761399327395029000,15.844029052734374,-0.10609306395053864,-9.116596221923828,-2.36419939994812
1761399327405110000,15.854110107421874,0.05746084079146385,-9.104101181030273,-2.7189900875091553
1761399327415179500,15.864179443359374,-0.08222586661577225,-9.29922866821289,-3.644573450088501
1761399327425270300,15.874270263671875,-0.15487492084503174,-9.528847694396973,-3.892747402191162
1761399327435352000,15.88435205078125,-0.4299088418483734,-9.708786964416504,-4.000561237335205
1761399327445411600,15.89441162109375,-0.6897545456886292,-9.441160202026367,-4.118101596832275
1761399327455513000,15.90451318359375,-0.9246855974197388,-9.053897857666016,-4.551377296447754
1761399327465593300,15.91459326171875,-1.2030115127563477,-8.751629829406738,-5.128903865814209
1761399327475675000,15.9246748046875,-1.361253261566162,-8.61471176147461,-5.62495231628418
1761399327485754600,15.934754638671874,-1.4036755561828613,-8.660276412963867,-5.734337329864502
1761399327495835400,15.94483544921875,-1.3547440767288208,-8.854655265808105,-5.551031589508057
1761399327505916000,15.954916015625,-1.3055132627487183,-9.153107643127441,-5.082516193389893
1761399327515972900,15.964972900390626,-1.2002432346343994,-9.341202735900879,-4.639813423156738
1761399327526077200,15.9750771484375,-1.1130045652389526,-9.462035179138184,-4.125583648681641
1761399327536143600,15.9851435546875,-1.136348009109497,-9.380257606506348,-3.8277299404144287
1761399327546217000,15.995217041015625,-1.2668319940567017,-9.224410057067871,-3.6669442653656006
1761399327556319700,16.00531982421875,-1.4449007511138916,-9.102904319763184,-3.601926803588867
1761399327566400000,16.01539990234375,-1.5653589963912964,-9.143157005310059,-3.515735626220703
1761399327576480800,16.025480712890626,-1.7211318016052246,-9.21588134765625,-3.4962825775146484
1761399327586561500,16.0355615234375,-1.764900803565979,-9.420136451721191,-3.332728862762451
1761399327596622600,16.04562255859375,-1.6875381469726562,-9.952771186828613,-2.7370214462280273
1761399327606724000,16.05572412109375,-1.5205425024032593,-10.194585800170898,-2.2830209732055664
1761399327616803300,16.06580322265625,-1.231667160987854,-10.267010688781738,-1.819069504737854
1761399327626884900,16.075884765625,-0.7943512201309204,-10.406248092651367,-1.4121301174163818
1761399327636966000,16.0859658203125,-0.24203883111476898,-10.505831718444824,-1.273565649986267
1761399327647041800,16.096041748046876,0.214056596159935,-10.39068603515625,-1.5262287855148315
1761399327657122600,16.10612255859375,0.5131821632385254,-10.127622604370117,-1.6343419551849365
1761399327667202800,16.116202880859376,0.6937199234962463,-9.784204483032227,-1.8066496849060059
1761399327677288200,16.1262880859375,0.7463175654411316,-9.564237594604492,-1.9240403175354004
1761399327687368700,16.13636865234375,0.7169137597084045,-9.512836456298828,-2.0272903442382812
1761399327697425700,16.14642578125,0.7173627018928528,-9.572242736816406,-2.0929811000823975
1761399327707530000,16.156530029296874,0.6301987767219543,-9.585335731506348,-2.145204782485962
1761399327717610000,16.16660986328125,0.4051438271999359,-9.590423583984375,-2.0661213397979736
1761399327727665400,16.17666552734375,0.21016602218151093,-9.558401107788086,-1.9892075061798096
1761399327737771800,16.186771728515627,0.09644144028425217,-9.474305152893066,-2.1051018238067627
1761399327747852800,16.196852783203123,0.015487492084503174,-9.483133316040039,-2.383502721786499
1761399327757933300,16.206933349609375,0.021547814831137657,-9.42215633392334,-2.5971851348876953
1761399327768014300,16.217014404296876,0.1785176694393158,-9.425148963928223,-2.919728994369507
1761399327778069200,16.2270693359375,0.34267011284828186,-9.36925983428955,-3.120617389678955
1761399327788175400,16.23717529296875,0.6333411931991577,-9.156549453735352,-3.3657238483428955
1761399327798251800,16.247251708984376,1.1807903051376343,-9.112930297851562,-3.3783681392669678
1761399327808337000,16.2573369140625,1.8382232189178467,-9.217452049255371,-3.3105075359344482
1761399327818417000,16.2674169921875,2.2514474391937256,-9.504681587219238,-3.4221372604370117
1761399327828498000,16.277497802734374,2.5852890014648438,-9.494880676269531,-3.208080530166626
1761399327838593800,16.28759375,3.027393341064453,-9.503484725952148,-3.1406688690185547
1761399327848659500,16.297659423828126,3.5178303718566895,-9.590723037719727,-3.2019455432891846
1761399327858736000,16.307736083984373,3.716399669647217,-9.890971183776855,-3.48311448097229
1761399327868821000,16.317821044921875,3.645097255706787,-10.244789123535156,-3.70510196685791
1761399327878901000,16.32790087890625,3.437849283218384,-10.443806648254395,-3.7619643211364746
1761399327888982000,16.33798193359375,3.404554843902588,-10.353799819946289,-3.473163604736328
1761399327899062800,16.348062744140623,3.5789575576782227,-9.745148658752441,-2.8576292991638184
1761399327909143300,16.358143310546875,3.5621232986450195,-8.884807586669922,-2.221370220184326
1761399327919220000,16.368219970703127,2.8912978172302246,-9.776947021484375,-2.5328409671783447
1761399327929304800,16.378304931640624,2.0359692573547363,-10.059164047241211,-2.4089410305023193
1761399327939385600,16.388385498046876,1.675492286682129,-9.491064071655273,-1.7777695655822754
1761399327949458000,16.3984580078125,1.5829414129257202,-8.901567459106445,-1.6835726499557495
1761399327959546400,16.40854638671875,1.6228946447372437,-8.209867477416992,-2.010456085205078
1761399327969628000,16.4186279296875,1.7717840671539307,-7.577424049377441,-2.209324359893799
1761399327979682800,16.428682861328124,1.899275302886963,-7.608623504638672,-2.557231903076172
1761399327989765600,16.438765625,1.9907786846160889,-7.51195764541626,-2.5470564365386963
1761399327999844400,16.44884423828125,2.1327099800109863,-7.402796745300293,-2.373476982116699
1761399328009924900,16.4589248046875,2.170792818069458,-7.67042350769043,-2.398017406463623
1761399328020005400,16.46900537109375,2.0503344535827637,-7.8768486976623535,-2.2602012157440186
1761399328030086000,16.4790859375,1.965415120124817,-7.80449914932251,-2.23199462890625
1761399328040166700,16.489166748046873,1.9477579593658447,-7.807117462158203,-2.093878984451294
1761399328050236400,16.499236328125,1.7613842487335205,-7.762899875640869,-2.030357837677002
1761399328060337400,16.50933740234375,1.4829834699630737,-7.681422233581543,-1.8329858779907227
1761399328070417700,16.519417724609376,1.2394483089447021,-7.550339698791504,-1.7175405025482178
1761399328080486100,16.529486083984374,1.0604069232940674,-7.498489856719971,-1.7096844911575317
1761399328090595800,16.539595947265624,0.9761609435081482,-7.7405290603637695,-1.650128722190857
1761399328100675800,16.54967578125,1.0212767124176025,-8.31326675415039,-1.7477672100067139
1761399328110731500,16.5597314453125,1.5744868516921997,-8.742128372192383,-1.6803555488586426
1761399328120833500,16.56983349609375,2.0975451469421387,-9.031976699829102,-1.673172950744629
1761399328130918400,16.57991845703125,2.5492262840270996,-9.131111145019531,-1.6058359146118164
1761399328140998700,16.58999853515625,3.0358476638793945,-9.362600326538086,-1.7230021953582764
1761399328151054000,16.60005419921875,3.2980875968933105,-9.90585994720459,-2.086172580718994
1761399328161159700,16.61015966796875,3.3319058418273926,-10.675670623779297,-2.5348610877990723
1761399328171241200,16.6202412109375,3.2502784729003906,-11.183016777038574,-3.1010897159576416
1761399328181317000,16.630317138671874,2.880000114440918,-11.562572479248047,-3.6548237800598145
1761399328191402200,16.64040234375,2.224961519241333,-12.702362060546875,-4.469450950622559
1761399328201483300,16.650483154296875,1.613317847251892,-12.643778800964355,-4.552424907684326
1761399328211564500,16.660564453125,1.516577124595642,-11.388993263244629,-3.8848915100097656
1761399328221651200,16.670651123046873,1.7094600200653076,-9.96945571899414,-3.395052909851074
1761399328231725300,16.680725341796876,1.6963666677474976,-8.863110542297363,-3.050212860107422
1761399328241801200,16.69080126953125,1.555707335472107,-8.286556243896484,-3.085078477859497
1761399328251861000,16.700861083984375,1.5214403867721558,-8.241216659545898,-3.548431396484375
1761399328261967400,16.71096728515625,1.6427216529846191,-8.152780532836914,-3.7648820877075195
1761399328272047400,16.72104736328125,1.778517723083496,-8.13684368133545,-4.057124614715576
1761399328282103600,16.731103515625,1.7743278741836548,-7.939097881317139,-4.283750534057617
1761399328292183800,16.741183837890624,1.802833914756775,-8.204405784606934,-4.315773010253906
1761399328302289400,16.751289306640626,1.6264859437942505,-8.138489723205566,-4.38924503326416
1761399328312366800,16.761366943359373,1.3282581567764282,-8.408287048339844,-4.05854606628418
1761399328322405000,16.771405029296876,0.8373720645904541,-8.899995803833008,-3.623549461364746
1761399328332510700,16.7815107421875,0.26485857367515564,-9.39903736114502,-3.113584518432617
1761399328342612000,16.791612060546875,0.0338929183781147,-9.890372276306152,-2.3198318481445312
1761399328352692700,16.801692626953123,0.12128128111362457,-10.0649995803833,-2.117746114730835
1761399328362774300,16.811774169921875,0.45415014028549194,-9.892467498779297,-2.3023242950439453
1761399328372851500,16.8218515625,0.9237877726554871,-9.524209022521973,-2.3429508209228516
1761399328382935600,16.831935546875,1.3872902393341064,-9.39709186553955,-2.4677486419677734
1761399328393016300,16.842016357421876,1.6377087831497192,-9.481039047241211,-2.7176434993743896
1761399328403086300,16.85208642578125,1.689483404159546,-9.502811431884766,-3.0858266353607178
1761399328413177300,16.86217724609375,1.6651673316955566,-9.148992538452148,-3.3511343002319336
1761399328423257600,16.872257568359377,1.5364789962768555,-9.21251392364502,-3.1435868740081787
1761399328433339000,16.8823388671875,1.1403133869171143,-9.031527519226074,-2.5876832008361816
1761399328443415000,16.8924150390625,0.6908020377159119,-9.231293678283691,-1.9422212839126587
1761399328453499400,16.90249951171875,0.31184476613998413,-9.55593204498291,-2.054898500442505
1761399328463580200,16.912580078125,0.3849427402019501,-9.72397518157959,-2.242992877960205
1761399328473661000,16.922660888671874,0.6280290484428406,-9.95090103149414,-2.574589729309082
1761399328483741700,16.93274169921875,0.9118915796279907,-10.083703994750977,-2.9758431911468506
1761399328493822200,16.942822265625,1.0758196115493774,-9.888875961303711,-3.1967830657958984
1761399328503904000,16.952904052734375,1.1682207584381104,-9.772831916809082,-3.3032500743865967
1761399328513958700,16.962958740234374,1.3302035331726074,-9.423053741455078,-3.2007484436035156
1761399328524065000,16.97306494140625,1.4576947689056396,-9.291223526000977,-3.004648208618164
1761399328534145500,16.9831455078125,1.4963760375976562,-9.916633605957031,-2.8810477256774902
1761399328544230400,16.99323046875,1.375244379043579,-10.53246784210205,-2.717418909072876
1761399328554306600,17.003306640625,1.0907833576202393,-11.23060131072998,-2.617685556411743
1761399328564387300,17.01338720703125,0.8191910982131958,-12.250007629394531,-2.7282676696777344
1761399328574467800,17.0234677734375,0.79899001121521,-12.670639038085938,-2.9076831340789795
1761399328584548400,17.03354833984375,0.8010101318359375,-12.486884117126465,-3.217358112335205
1761399328594629000,17.043629150390625,0.9525930285453796,-12.47199535369873,-3.896862506866455
1761399328604709600,17.053709716796874,0.8572738170623779,-12.434435844421387,-4.634052276611328
1761399328614790400,17.063790283203126,0.7522282600402832,-12.012383460998535,-5.000290393829346
1761399328624871700,17.07387158203125,1.544334888458252,-11.511995315551758,-4.485910892486572
1761399328634926600,17.083926513671877,0.950498104095459,-12.378846168518066,-4.075155735015869
1761399328645032200,17.0940322265625,0.12861351668834686,-12.980314254760742,-3.7247045040130615
1761399328655101700,17.104101806640625,0.9409212470054626,-12.10934829711914,-2.749516248703003
1761399328665194000,17.114194091796875,1.3036428689956665,-11.93285083770752,-2.8198459148406982
1761399328675274500,17.1242744140625,0.5300912261009216,-12.623353958129883,-2.9554176330566406
1761399328685355500,17.13435546875,1.413252353668213,-12.370840072631836,-2.932523012161255
1761399328695436300,17.144436279296876,-0.15150807797908783,-13.076830863952637,-3.94871187210083
1761399328705516300,17.154516357421876,1.0633248090744019,-11.374852180480957,-3.897535800933838
1761399328715597000,17.16459716796875,0.9475052952766418,-10.893094062805176,-4.578686237335205
1761399328725678300,17.17467822265625,0.22924481332302094,-10.661230087280273,-4.955399036407471
1761399328735759400,17.18475927734375,2.1193175315856934,-9.927033424377441,-4.585120677947998
1761399328745840000,17.194840087890626,0.9187749028205872,-9.910274505615234,-3.965620994567871
1761399328755902500,17.20490234375,1.4523825645446777,-9.223287582397461,-3.8212954998016357
1761399328766001200,17.215001220703126,-0.1223287433385849,-9.95785903930664,-3.848604440689087
1761399328776058000,17.22505810546875,0.7276128530502319,-8.302043914794922,-3.5015947818756104
1761399328786136300,17.23513623046875,0.6316203474998474,-8.444798469543457,-3.7228341102600098
1761399328796217300,17.24521728515625,0.21675007045269012,-8.310348510742188,-3.863792657852173
1761399328806323200,17.2553232421875,0.9784054756164551,-7.739181995391846,-3.4244565963745117
1761399328816404700,17.26540478515625,1.2752116918563843,-7.515249729156494,-2.755352020263672
1761399328826484500,17.275484375,3.5975873470306396,-6.954707145690918,-2.7736079692840576
1761399328836540400,17.28554052734375,5.1909284591674805,-6.477662563323975,-2.9822773933410645
1761399328846646300,17.295646240234376,4.808380126953125,-6.0257568359375,-3.606116771697998
1761399328856727000,17.30572705078125,4.251354217529297,-6.289343357086182,-3.834688186645508
1761399328866807800,17.315807861328125,4.543671131134033,-6.443021297454834,-3.9372646808624268
1761399328876863500,17.325863525390623,4.830226898193359,-6.240561485290527,-4.385653972625732
1761399328886970400,17.335970458984374,2.723254680633545,-5.584325790405273,-4.307991981506348
1761399328897045200,17.346045166015625,-4.197185039520264,-5.114164352416992,-2.512939214706421
1761399328907126500,17.35612646484375,-10.813187599182129,-5.103240966796875,-1.8551322221755981
1761399328917208800,17.366208740234374,-9.022848129272461,-5.493794918060303,-1.6390554904937744
1761399328927291100,17.376291015625,-2.9310266971588135,-5.733813762664795,-2.3838768005371094
1761399328937373000,17.386373046875,1.385793924331665,-5.766584396362305,-3.5725977420806885
1761399328947448600,17.396448486328126,2.9886372089385986,-5.75985050201416,-4.428674697875977
1761399328957534500,17.406534423828123,3.074753522872925,-5.714435577392578,-5.095684051513672
1761399328967614200,17.4166142578125,1.8011878728866577,-6.020444393157959,-5.1321210861206055
1761399328977695000,17.426695068359376,0.5880009531974792,-6.77042818069458,-4.207584857940674
1761399328987775500,17.436775390625,-0.04204816743731499,-6.869937419891357,-2.7965023517608643
1761399328997856500,17.4468564453125,-0.5837363004684448,-6.322263717651367,-2.1898715496063232
1761399329007912000,17.456911865234375,-1.1805659532546997,-7.028702735900879,-3.5936219692230225
1761399329017991700,17.46699169921875,-0.3744681179523468,-7.5819878578186035,-4.588637351989746
1761399329028073200,17.4770732421875,0.574907660484314,-8.601469039916992,-4.946345806121826
1761399329038133000,17.487133056640626,1.9849427938461304,-10.185532569885254,-4.22045373916626
1761399329048260000,17.497260009765625,1.7862988710403442,-11.162740707397461,-3.0811879634857178
1761399329058340000,17.507340087890626,-0.03950432687997818,-11.646743774414062,-2.6088569164276123
1761399329068421400,17.51742138671875,-1.6314988136291504,-11.489250183105469,-2.000580072402954
1761399329078498000,17.527498046875,-1.7298107147216797,-10.922123908996582,-1.0261398553848267
1761399329088582100,17.53758203125,-0.11559505015611649,-9.892766952514648,-0.6141127347946167
1761399329098663400,17.547663330078127,1.960701584815979,-9.77013874053955,-0.5480477213859558
1761399329108718300,17.55771826171875,2.464531421661377,-10.794931411743164,-0.5369745492935181
1761399329118824700,17.56782470703125,2.0112791061401367,-11.155259132385254,-1.1670985221862793
1761399329128905200,17.5779052734375,4.068871021270752,-11.211896896362305,-2.0736031532287598
1761399329138982000,17.58798193359375,7.627777099609375,-11.624671936035156,-2.2666356563568115
1761399329149033000,17.598032958984376,11.010858535766602,-12.154613494873047,-2.888679265975952
1761399329159147000,17.60814697265625,9.724050521850586,-12.589909553527832,-3.74827241897583
1761399329169228000,17.61822802734375,7.670722961425781,-13.199084281921387,-3.6967971324920654
1761399329179308300,17.628308349609377,5.8552446365356445,-13.811177253723145,-2.8964602947235107
1761399329189383400,17.638383544921876,4.273874282836914,-14.185271263122559,-1.9952678680419922
1761399329199465700,17.6484658203125,2.830993890762329,-13.36548137664795,-1.7225532531738281
1761399329209550000,17.658550048828126,2.0083611011505127,-12.252102851867676,-2.2078280448913574
1761399329219630800,17.668630859375,2.1477484703063965,-11.361010551452637,-2.921449899673462
1761399329229711600,17.678711669921874,2.8063037395477295,-9.911396026611328,-3.0241761207580566
1761399329239792400,17.68879248046875,3.7823898792266846,-8.551115989685059,-3.472191095352173
1761399329249873000,17.698872802734375,5.124340057373047,-7.583185195922852,-3.964648485183716
1761399329259953400,17.708953369140627,6.118906021118164,-6.25545072555542,-4.420444488525391
1761399329270030600,17.719030517578126,6.34298849105835,-5.295599937438965,-4.470647811889648
1761399329280115200,17.729115234375,6.524424076080322,-5.544821262359619,-3.9489364624023438
1761399329290196000,17.739196044921876,6.325705528259277,-5.92325496673584,-3.8726212978363037
1761399329300251400,17.74925146484375,5.919888019561768,-7.0931220054626465,-4.704755783081055
1761399329310332000,17.759331787109375,5.015478610992432,-7.855076313018799,-5.544522285461426
1761399329320437800,17.769437744140625,2.952873706817627,-7.26490592956543,-5.511377334594727
1761399329330512100,17.77951220703125,1.020453691482544,-7.181857109069824,-5.713014125823975
1761399329340599000,17.78959912109375,-0.04810849204659462,-7.21440315246582,-5.729025363922119
1761399329350679600,17.799679443359373,-0.0917278528213501,-6.251559734344482,-5.1338419914245605
1761399329360726000,17.80972607421875,1.212363839149475,-6.102745532989502,-4.544269561767578
1761399329370841600,17.819841552734374,5.486013889312744,-7.6740899085998535,-3.818377733230591
1761399329380921600,17.829921630859374,11.344176292419434,-12.598064422607422,7.157540798187256
1761399329390977800,17.839977783203125,10.085799217224121,-5.209857940673828,0.26500821113586426
1761399329401058300,17.850058349609377,6.3844380378723145,-5.653009414672852,-5.3284454345703125
1761399329411164000,17.860163818359375,6.54806661605835,-7.250316143035889,-6.830432891845703
1761399329431325200,17.8803251953125,9.798195838928223,-5.59794282913208,-1.3979893922805786
1761399329441405700,17.89040576171875,6.417956829071045,-5.333907127380371,-0.07205050438642502
1761399329451486500,17.900486572265624,7.138835906982422,-6.835371017456055,-0.8334066271781921
1761399329461563100,17.910563232421875,8.491186141967773,-5.838260650634766,-1.151536226272583
1761399329471647700,17.920647705078125,9.098714828491211,-5.682562828063965,-0.9438391923904419
1761399329481728500,17.930728515625,7.711124897003174,-5.9683709144592285,-0.9531167149543762
1761399329491809300,17.940809326171873,6.3774800300598145,-6.761300563812256,-0.7688380479812622
1761399329501890000,17.95089013671875,6.277072906494141,-7.334562301635742,-0.651522159576416
1761399329511971000,17.96097119140625,6.555099964141846,-6.457984924316406,0.09846154600381851
1761399329522047500,17.971047607421873,7.246425628662109,-5.0779523849487305,0.29388827085494995
1761399329532132000,17.981132080078126,8.162581443786621,-4.942455291748047,-0.431255578994751
1761399329542212600,17.991212646484374,8.658031463623047,-5.432293891906738,-0.47143328189849854
1761399329552292900,18.00129296875,10.595913887023926,-5.864896297454834,1.4229787588119507
1761399329562373600,18.01137353515625,12.03191089630127,-4.859481334686279,5.327847003936768
1761399329572449300,18.02144921875,9.320103645324707,-1.7718589305877686,9.588403701782227
1761399329582535400,18.031535400390624,6.542530059814453,-0.908375084400177,8.904634475708008
1761399329592612900,18.04161279296875,7.361721515655518,-1.3098528385162354,4.165536880493164
1761399329602696200,18.0516962890625,8.138565063476562,-0.582614004611969,-0.7404816746711731
1761399329612777700,18.06177783203125,7.691896915435791,-0.552162766456604,-1.7927333116531372
1761399329622857500,18.071857421875,7.928922653198242,-1.5511434078216553,-0.5149030089378357
1761399329632913200,18.0819130859375,7.851410388946533,-1.9416227340698242,1.3580360412597656
1761399329643019300,18.092019287109373,6.539612293243408,-0.8319851160049438,1.840916633605957
1761399329653096200,18.10209619140625,7.380425930023193,0.4729296565055847,1.3177087306976318
1761399329663155000,18.112155029296876,8.448015213012695,1.5362545251846313,0.8057985305786133
1761399329673260000,18.122260009765625,8.23575496673584,2.0712838172912598,1.1120318174362183
1761399329683316700,18.132316650390624,7.907973289489746,1.6403274536132812,1.7435773611068726
1761399329693439000,18.14243896484375,7.856797218322754,0.8851064443588257,2.032078742980957
1761399329703504400,18.15250439453125,7.720028400421143,0.7528268098831177,1.8896985054016113
1761399329713583900,18.162583984375,7.617751121520996,1.1222820281982422,2.1472249031066895
1761399329723660800,18.172660888671874,7.7544450759887695,1.2204443216323853,2.54960036277771
1761399329733725700,18.1827255859375,7.9864583015441895,1.2828432321548462,2.438270092010498
1761399329743811800,18.192811767578124,8.30982494354248,1.5022867918014526,1.975590467453003
1761399329753907500,18.202907470703124,8.651372909545898,1.610474705696106,1.5901988744735718
1761399329763988500,18.212988525390625,8.884284019470215,1.5870563983917236,1.6270097494125366
1761399329774069000,18.223069091796877,9.024344444274902,1.5474772453308105,1.7363200187683105
1761399329784149200,18.233149169921877,8.961048126220703,1.61069917678833,1.9384055137634277
1761399329794229200,18.243229248046877,8.737863540649414,1.7168670892715454,2.0520553588867188
1761399329804310000,18.25331005859375,8.650625228881836,1.6879122257232666,1.958008050918579
1761399329814371600,18.26337158203125,8.675165176391602,1.709834098815918,1.7844284772872925
1761399329824472300,18.273472412109374,8.791808128356934,1.884311556816101,1.7070658206939697
1761399329834537700,18.283537841796875,8.960898399353027,2.0453217029571533,1.6606032848358154
1761399329844633600,18.293633544921875,9.269525527954102,1.997138261795044,1.5808465480804443
1761399329854713900,18.3037138671875,9.494805335998535,1.9398270845413208,1.446471929550171
1761399329864794000,18.313794189453127,9.657610893249512,1.9244892597198486,1.3743466138839722
1761399329874875000,18.323875,9.722554206848145,1.9088521003723145,1.3903578519821167
1761399329884955600,18.33395556640625,9.87697982788086,1.9031659364700317,1.4612860679626465
1761399329895037200,18.344037109375,9.722254753112793,1.8775779008865356,1.5342344045639038
1761399329905092000,18.354092041015626,9.591546058654785,1.7833809852600098,1.6011223793029785
1761399329915198700,18.36419873046875,9.676465034484863,1.7198598384857178,1.8629133701324463
1761399329925278200,18.3742783203125,8.829142570495605,2.0621559619903564,1.7851017713546753
1761399329935333000,18.3843330078125,9.25867748260498,1.948805332183838,1.5628899335861206
1761399329945440300,18.394440185546873,9.722329139709473,1.9292776584625244,1.5072247982025146
1761399329955520300,18.404520263671873,9.741034507751465,2.119018077850342,1.4300117492675781
1761399329965601800,18.414601806640626,9.900921821594238,2.1220858097076416,1.298929214477539
1761399329975681500,18.424681640625,9.973944664001465,2.187178134918213,1.2105681896209717
1761399329985762000,18.434761962890626,9.822735786437988,2.3312790393829346,1.2565070390701294
1761399329995842800,18.4448427734375,9.704747200012207,1.9965397119522095,1.2251578569412231
1761399330005923600,18.454923583984375,9.681029319763184,2.007612943649292,1.5020623207092285
1761399330016004000,18.465004150390627,9.338508605957031,2.139294147491455,1.6701053380966187
